ID,filename,session,trial,visStimLeft,visStimRight,correctKey,leftCorrect,rightCorrect,secondStim,mod2Type,mod2Stim,frequency,rewardAccurate,stimPairLeft,stimPairRight,pCorrectLeft,pCorrectRight,key,reactionTime,choiceLeft,choiceRight,choiceAccurate,reward,chosenPair,otherPair,triplet,surprise,0A belief,1A belief,2A belief,3A belief,0B belief,1B belief,2B belief,3B belief,0C belief,1C belief,2C belief,3C belief,0D belief,1D belief,2D belief,3D belief,beliefPair,beliefOtherPair,beliefPairNorm,beliefOtherPairNorm,prob,lik,rewardPE,update2,rewardPEOP,update2OP,fitCBCbothPairsRW_CBCsimpleSigmoid_pwBelief_startBelief,fitCBCbothPairsRW_CBCsimpleSigmoid_pwBelief_alpha1,fitCBCbothPairsRW_CBCsimpleSigmoid_pwBelief_alpha2,fitCBCbothPairsRW_CBCsimpleSigmoid_pwBelief_beta,fit_CBCbothPairsRW_CBCsimpleSigmoid_pwBelief_NLL
CBC_1108,CBC_1108_MSI_TV_v3_Vset5_Tset3_2024-05-11_13h20.10.697.csv,1,1,0,1,b,1,0,2,tac,A,63,1,0A,1A,1,0,z,2.40014940000037,0,1,0,0,1A,0A,A01,2.77258872223978,0.5,0.5,0.5,0.5,0.5,0.5,0.5,0.5,0.5,0.5,0.5,0.5,0.5,0.5,0.5,0.5,0.5,0.5,0.5,0.5,0.5,0.5,-0.5,-0.00524205255301208,-0.5,7.13691981901743e-09,0.5,0.0104841051060242,1.42738396380349e-08,2.96272022289118,25.3358185873663
CBC_1108,CBC_1108_MSI_TV_v3_Vset5_Tset3_2024-05-11_13h20.10.697.csv,1,2,3,2,z,0,1,3,tac,C,63,1,3C,2C,0,1,z,2.82900449999943,0,1,1,1,2C,3C,C32,2.83321334405622,0.50000000713692,0.494757947446988,0.5,0.5,0.5,0.5,0.5,0.5,0.5,0.5,0.5,0.5,0.5,0.5,0.5,0.5,0.5,0.5,0.5,0.5,0.5,0.5,0.5,0.00524205255301208,0.5,-7.13691981901743e-09,0.5,0.0104841051060242,1.42738396380349e-08,2.96272022289118,25.3358185873663
CBC_1108,CBC_1108_MSI_TV_v3_Vset5_Tset3_2024-05-11_13h20.10.697.csv,1,3,0,2,b,1,0,2,tac,A,27,1,0A,2A,1,0,z,2.85024659999908,0,1,0,0,2A,0A,A02,2.89037175789616,0.50000000713692,0.494757947446988,0.5,0.5,0.5,0.5,0.5,0.5,0.5,0.5,0.505242052553012,0.49999999286308,0.5,0.5,0.5,0.5,0.49999999286308,0.50000000713692,0.49999999286308,0.50000000713692,0.499999989427652,0.499999989427652,-0.49999999286308,-0.00524205247818786,-0.49999999286308,7.13691971714618e-09,0.5,0.0104841051060242,1.42738396380349e-08,2.96272022289118,25.3358185873663
CBC_1108,CBC_1108_MSI_TV_v3_Vset5_Tset3_2024-05-11_13h20.10.697.csv,1,4,1,0,b,1,0,0,tac,B,63,1,1B,0B,1,0,b,2.38600299999962,1,0,1,1,1B,0B,B10,2.94443897916644,0.50000001427384,0.494757947446988,0.494757940384892,0.5,0.5,0.5,0.5,0.5,0.5,0.5,0.505242052553012,0.49999999286308,0.5,0.5,0.5,0.5,0.5,0.5,0.5,0.5,0.5,0.5,0.5,0.00524205255301208,0.5,-7.13691981901743e-09,0.5,0.0104841051060242,1.42738396380349e-08,2.96272022289118,25.3358185873663
CBC_1108,CBC_1108_MSI_TV_v3_Vset5_Tset3_2024-05-11_13h20.10.697.csv,1,5,0,1,z,0,1,0,tac,B,63,1,0B,1B,0,1,z,3.93029670000033,0,1,1,1,1B,0B,B01,2.99573227355399,0.50000001427384,0.494757947446988,0.494757940384892,0.5,0.49999999286308,0.505242052553012,0.5,0.5,0.5,0.5,0.505242052553012,0.49999999286308,0.5,0.5,0.5,0.5,0.505242059689147,0.494757940310853,0.505242059689147,0.494757940310853,0.507764753837788,0.507764753837788,0.494757940310853,0.005187094248259,0.494757940310853,-7.06209549964153e-09,0.5,0.0104841051060242,1.42738396380349e-08,2.96272022289118,25.3358185873663
CBC_1108,CBC_1108_MSI_TV_v3_Vset5_Tset3_2024-05-11_13h20.10.697.csv,1,6,3,2,z,0,1,3,tac,C,63,1,3C,2C,0,1,b,2.19211160000123,1,0,0,0,3C,2C,C32,2.35137525716348,0.50000001427384,0.494757947446988,0.494757940384892,0.5,0.494757933248757,0.510429153937407,0.5,0.5,0.5,0.5,0.505242052553012,0.49999999286308,0.5,0.5,0.5,0.5,0.494757940310852,0.505242059689148,0.494757940310852,0.505242059689148,0.492235246162211,0.492235246162211,-0.494757940310852,-0.005187094248259,-0.494757940310852,7.06209549964153e-09,0.5,0.0104841051060242,1.42738396380349e-08,2.96272022289118,25.3358185873663
CBC_1108,CBC_1108_MSI_TV_v3_Vset5_Tset3_2024-05-11_13h20.10.697.csv,1,7,3,1,b,1,0,1,tac,D,27,1,3D,1D,1,0,b,4.67104699999982,1,0,1,1,3D,1D,D31,3.09104245335832,0.50000001427384,0.494757947446988,0.494757940384892,0.5,0.494757933248757,0.510429153937407,0.5,0.5,0.5,0.5,0.505242066751243,0.489570846062593,0.5,0.5,0.5,0.5,0.5,0.5,0.5,0.5,0.5,0.5,0.5,0.00524205255301208,0.5,-7.13691981901743e-09,0.5,0.0104841051060242,1.42738396380349e-08,2.96272022289118,25.3358185873663
CBC_1108,CBC_1108_MSI_TV_v3_Vset5_Tset3_2024-05-11_13h20.10.697.csv,1,8,1,2,z,0,1,3,tac,C,9,1,1C,2C,0,1,z,2.3981332000003,0,1,1,1,2C,1C,C12,3.13549421592915,0.50000001427384,0.494757947446988,0.494757940384892,0.5,0.494757933248757,0.510429153937407,0.5,0.5,0.5,0.5,0.505242066751243,0.489570846062593,0.5,0.49999999286308,0.5,0.505242052553012,0.505242066751243,0.494757933248757,0.505242066751243,0.494757933248757,0.507764764296772,0.507764764296772,0.494757933248757,0.00518709417421925,0.494757933248757,-7.06209539883831e-09,0.5,0.0104841051060242,1.42738396380349e-08,2.96272022289118,25.3358185873663
CBC_1108,CBC_1108_MSI_TV_v3_Vset5_Tset3_2024-05-11_13h20.10.697.csv,1,9,3,1,z,0,1,0,tac,B,27,1,3B,1B,0,1,b,3.3246610999995,1,0,0,0,3B,1B,B31,3.17805383034795,0.50000001427384,0.494757947446988,0.494757940384892,0.5,0.494757933248757,0.510429153937407,0.5,0.5,0.5,0.494757926186662,0.510429160925462,0.489570846062593,0.5,0.49999999286308,0.5,0.505242052553012,0.489570846062593,0.510429153937407,0.489570846062593,0.510429153937407,0.484555582118432,0.484555582118432,-0.489570846062593,-0.0051327122069654,-0.489570846062593,6.98805574815451e-09,0.5,0.0104841051060242,1.42738396380349e-08,2.96272022289118,25.3358185873663
CBC_1108,CBC_1108_MSI_TV_v3_Vset5_Tset3_2024-05-11_13h20.10.697.csv,1,10,3,2,b,1,0,1,tac,D,63,1,3D,2D,1,0,b,2.76096709999911,1,0,1,1,3D,2D,D32,3.2188758248682,0.50000001427384,0.494757947446988,0.494757940384892,0.5,0.494757933248757,0.510429160925462,0.5,0.484438133855628,0.5,0.494757926186662,0.510429160925462,0.489570846062593,0.5,0.49999999286308,0.5,0.505242052553012,0.505242052553012,0.494757947446988,0.505242052553012,0.494757947446988,0.507764743269151,0.507764743269151,0.494757947446988,0.005187094323075,0.494757947446988,-7.06209560150158e-09,0.5,0.0104841051060242,1.42738396380349e-08,2.96272022289118,25.3358185873663
CBC_1108,CBC_1108_MSI_TV_v3_Vset5_Tset3_2024-05-11_13h20.10.697.csv,1,11,1,0,b,1,0,0,tac,B,63,1,1B,0B,1,0,z,2.39872549999927,0,1,0,0,0B,1B,B10,2.56494935746154,0.50000001427384,0.494757947446988,0.494757940384892,0.5,0.494757933248757,0.510429160925462,0.5,0.484438133855628,0.5,0.494757926186662,0.510429160925462,0.489570846062593,0.5,0.49999999286308,0.494757940384892,0.510429146876087,0.484332198580529,0.515667801419471,0.484332198580529,0.515667801419471,0.47680699994256,0.47680699994256,-0.484332198580529,-0.00507778967615002,-0.484332198580529,6.91328013407532e-09,0.5,0.0104841051060242,1.42738396380349e-08,2.96272022289118,25.3358185873663
CBC_1108,CBC_1108_MSI_TV_v3_Vset5_Tset3_2024-05-11_13h20.10.697.csv,1,12,0,2,z,0,1,3,tac,C,27,1,0C,2C,0,1,b,3.50285860000076,1,0,0,0,0C,2C,C02,3.29583686600433,0.50000001427384,0.494757947446988,0.494757940384892,0.5,0.479254408904379,0.515667808332752,0.5,0.484438133855628,0.5,0.494757926186662,0.510429160925462,0.489570846062593,0.5,0.49999999286308,0.494757940384892,0.510429146876087,0.489570839074538,0.510429160925462,0.489570839074538,0.510429160925462,0.484555571776481,0.484555571776481,-0.489570839074538,-0.00513271213370189,-0.489570839074538,6.98805564840812e-09,0.5,0.0104841051060242,1.42738396380349e-08,2.96272022289118,25.3358185873663
CBC_1108,CBC_1108_MSI_TV_v3_Vset5_Tset3_2024-05-11_13h20.10.697.csv,1,13,3,2,b,1,0,1,tac,D,63,0,3D,2D,0,1,b,2.65708040000027,1,0,1,0,3D,2D,D32,2.63905732961526,0.50000001427384,0.494757947446988,0.494757940384892,0.5,0.479254408904379,0.515667808332752,0.5,0.484438133855628,0.484438126940836,0.494757926186662,0.510429167913518,0.489570846062593,0.5,0.49999999286308,0.494757940384892,0.510429146876087,0.515667780247871,0.484332219752129,0.515667780247871,0.484332219752129,0.523192968762157,0.523192968762157,-0.515667780247871,-0.00540631520790884,-0.515667780247871,7.3605592017595e-09,0.5,0.0104841051060242,1.42738396380349e-08,2.96272022289118,25.3358185873663
CBC_1108,CBC_1108_MSI_TV_v3_Vset5_Tset3_2024-05-11_13h20.10.697.csv,1,14,1,0,z,0,1,2,tac,A,63,1,1A,0A,0,1,b,2.59517359999882,1,0,0,0,1A,0A,A10,3.36729582998647,0.50000001427384,0.494757947446988,0.494757940384892,0.5,0.479254408904379,0.515667808332752,0.5,0.484438133855628,0.484438126940836,0.494757926186662,0.510429167913518,0.489570846062593,0.5,0.49999999286308,0.484332227112689,0.510261465039962,0.494757933174717,0.505242066825283,0.494757933174717,0.505242066825283,0.492235235593575,0.492235235593575,-0.494757933174717,-0.00518709417344301,-0.494757933174717,7.06209539778148e-09,0.5,0.0104841051060242,1.42738396380349e-08,2.96272022289118,25.3358185873663
CBC_1108,CBC_1108_MSI_TV_v3_Vset5_Tset3_2024-05-11_13h20.10.697.csv,1,15,2,3,b,1,0,3,tac,C,63,1,2C,3C,1,0,z,2.36852129999897,0,1,0,0,3C,2C,C23,3.40119738166216,0.505242073887378,0.489570839001274,0.494757940384892,0.5,0.479254408904379,0.515667808332752,0.5,0.484438133855628,0.484438126940836,0.494757926186662,0.510429167913518,0.489570846062593,0.5,0.49999999286308,0.484332227112689,0.510261465039962,0.479150749024158,0.520849250975842,0.479150749024158,0.520849250975842,0.469153973250186,0.469153973250186,-0.479150749024158,-0.00502346681439948,-0.479150749024158,6.83932095401512e-09,0.5,0.0104841051060242,1.42738396380349e-08,2.96272022289118,25.3358185873663
CBC_1108,CBC_1108_MSI_TV_v3_Vset5_Tset3_2024-05-11_13h20.10.697.csv,1,16,0,2,b,1,0,2,tac,A,27,1,0A,2A,1,0,z,3.39049950000117,0,1,0,0,2A,0A,A02,2.7408400239252,0.505242073887378,0.489570839001274,0.494757940384892,0.5,0.479254408904379,0.515667808332752,0.5,0.484438133855628,0.484438126940836,0.494757926186662,0.520849257815163,0.474127282209759,0.5,0.49999999286308,0.484332227112689,0.510261465039962,0.489517018755943,0.510482981244057,0.489517018755943,0.510482981244057,0.484475920965817,0.484475920965817,-0.489517018755943,-0.00513214787582491,-0.489517018755943,6.98728742581124e-09,0.5,0.0104841051060242,1.42738396380349e-08,2.96272022289118,25.3358185873663
CBC_1108,CBC_1108_MSI_TV_v3_Vset5_Tset3_2024-05-11_13h20.10.697.csv,1,17,2,3,z,0,1,1,tac,D,63,1,2D,3D,0,1,z,2.63828650000141,0,1,1,1,3D,2D,D23,3.46573590279973,0.510482988231344,0.489570839001274,0.484384870880118,0.5,0.479254408904379,0.515667808332752,0.5,0.484438133855628,0.484438126940836,0.494757926186662,0.520849257815163,0.474127282209759,0.5,0.49999999286308,0.484332227112689,0.510261465039962,0.525912573623344,0.474087426376656,0.525912573623344,0.474087426376656,0.538310616260353,0.538310616260353,0.474087426376656,0.00497038240757735,0.474087426376656,-6.76704789850904e-09,0.5,0.0104841051060242,1.42738396380349e-08,2.96272022289118,25.3358185873663
CBC_1108,CBC_1108_MSI_TV_v3_Vset5_Tset3_2024-05-11_13h20.10.697.csv,1,18,3,2,b,1,0,1,tac,D,63,1,3D,2D,1,0,z,2.71328549999816,0,1,0,0,2D,3D,D32,2.39789527279837,0.510482988231344,0.489570839001274,0.484384870880118,0.5,0.479254408904379,0.515667808332752,0.5,0.484438133855628,0.484438126940836,0.494757926186662,0.520849257815163,0.474127282209759,0.5,0.49999999286308,0.474087419609608,0.530882956030921,0.4433856875962,0.5566143124038,0.4433856875962,0.5566143124038,0.416911565702235,0.416911565702235,-0.4433856875962,-0.00464850215126535,-0.4433856875962,6.32881620254798e-09,0.5,0.0104841051060242,1.42738396380349e-08,2.96272022289118,25.3358185873663
CBC_1108,CBC_1108_MSI_TV_v3_Vset5_Tset3_2024-05-11_13h20.10.697.csv,1,19,3,1,z,0,1,0,tac,B,27,1,3B,1B,0,1,z,2.74143259999983,0,1,1,1,1B,3B,B31,2.83321334405622,0.510482988231344,0.489570839001274,0.484384870880118,0.5,0.479254408904379,0.515667808332752,0.5,0.484438133855628,0.484438126940836,0.494757926186662,0.520849257815163,0.474127282209759,0.5,0.49999999286308,0.438737185444935,0.556614318732616,0.531199246434123,0.468800753565877,0.531199246434123,0.468800753565877,0.546086138063129,0.546086138063129,0.468800753565877,0.00491495637416798,0.468800753565877,-6.69158677858922e-09,0.5,0.0104841051060242,1.42738396380349e-08,2.96272022289118,25.3358185873663
CBC_1108,CBC_1108_MSI_TV_v3_Vset5_Tset3_2024-05-11_13h20.10.697.csv,1,20,0,3,z,0,1,1,tac,D,9,1,0D,3D,0,1,z,2.5416484999987,0,1,1,1,3D,0D,D03,3.55534806148941,0.510482988231344,0.489570839001274,0.484384870880118,0.5,0.479254408904379,0.536114202808291,0.5,0.46880074687429,0.484438126940836,0.494757926186662,0.520849257815163,0.474127282209759,0.5,0.49999999286308,0.438737185444935,0.556614318732616,0.556614318732616,0.443385681267384,0.556614318732616,0.443385681267384,0.583088443414126,0.583088443414126,0.443385681267384,0.00464850208491338,0.443385681267384,-6.32881611221147e-09,0.5,0.0104841051060242,1.42738396380349e-08,2.96272022289118,25.3358185873663
CBC_1108,CBC_1108_MSI_TV_v3_Vset5_Tset3_2024-05-11_13h20.10.697.csv,1,21,1,0,b,1,0,0,tac,B,63,1,1B,0B,1,0,z,3.83956669999679,0,1,0,0,0B,1B,B10,2.484906649788,0.510482988231344,0.489570839001274,0.484384870880118,0.5,0.479254408904379,0.536114202808291,0.5,0.46880074687429,0.484438126940836,0.494757926186662,0.520849257815163,0.474127282209759,0.443385674938568,0.49999999286308,0.438737185444935,0.56126282081753,0.443310096775465,0.556689903224535,0.443310096775465,0.556689903224535,0.41680268475285,0.41680268475285,-0.443310096775465,-0.00464770964915571,-0.443310096775465,6.3277372312947e-09,0.5,0.0104841051060242,1.42738396380349e-08,2.96272022289118,25.3358185873663
CBC_1108,CBC_1108_MSI_TV_v3_Vset5_Tset3_2024-05-11_13h20.10.697.csv,1,22,1,0,z,0,1,2,tac,A,63,1,1A,0A,0,1,z,3.59445899999992,0,1,1,1,0A,1A,A10,2.91777073208428,0.510482988231344,0.489570839001274,0.484384870880118,0.5,0.438662387126309,0.556689909552272,0.5,0.46880074687429,0.484438126940836,0.494757926186662,0.520849257815163,0.474127282209759,0.443385674938568,0.49999999286308,0.438737185444935,0.56126282081753,0.520903008029273,0.479096991970727,0.520903008029273,0.479096991970727,0.530925356446251,0.530925356446251,0.479096991970727,0.00502290321980111,0.479096991970727,-6.83855363445503e-09,0.5,0.0104841051060242,1.42738396380349e-08,2.96272022289118,25.3358185873663
CBC_1108,CBC_1108_MSI_TV_v3_Vset5_Tset3_2024-05-11_13h20.10.697.csv,1,23,2,3,b,1,0,3,tac,C,63,1,2C,3C,1,0,z,2.7963213999974,0,1,0,0,3C,2C,C23,2.94443897916644,0.525925911249074,0.479096985132173,0.484384870880118,0.5,0.438662387126309,0.556689909552272,0.5,0.46880074687429,0.484438126940836,0.494757926186662,0.520849257815163,0.474127282209759,0.443385674938568,0.49999999286308,0.438737185444935,0.56126282081753,0.453378619713022,0.546621380286978,0.453378619713022,0.546621380286978,0.431372834595765,0.431372834595765,-0.453378619713022,-0.00475326910189548,-0.453378619713022,6.47145371309727e-09,0.5,0.0104841051060242,1.42738396380349e-08,2.96272022289118,25.3358185873663
CBC_1108,CBC_1108_MSI_TV_v3_Vset5_Tset3_2024-05-11_13h20.10.697.csv,1,24,0,2,b,1,0,2,tac,A,27,1,0A,2A,NaN,NaN,None,NaN,NaN,NaN,NaN,NaN,,,A02,2.56494935746154,0.525925911249074,0.479096985132173,0.484384870880118,0.5,0.438662387126309,0.556689909552272,0.5,0.46880074687429,0.484438126940836,0.494757926186662,0.546621386758431,0.448625350611127,0.443385674938568,0.49999999286308,0.438737185444935,0.56126282081753,0,0,0,0,0,NaN,0,0,0,0,0.5,0.0104841051060242,1.42738396380349e-08,2.96272022289118,25.3358185873663
CBC_1108,CBC_1108_MSI_TV_v3_Vset5_Tset3_2024-05-11_13h20.10.697.csv,1,25,1,0,b,1,0,0,tac,B,63,1,1B,0B,1,0,b,1.64885910000157,1,0,1,1,1B,0B,B10,2.30258509299405,0.525925911249074,0.479096985132173,0.484384870880118,0.5,0.438662387126309,0.556689909552272,0.5,0.46880074687429,0.484438126940836,0.494757926186662,0.546621386758431,0.448625350611127,0.443385674938568,0.49999999286308,0.438737185444935,0.56126282081753,0.616408410084178,0.383591589915822,0.616408410084178,0.383591589915822,0.665916005171344,0.665916005171344,0.383591589915822,0.00402161454646439,0.383591589915822,-5.47532484095727e-09,0.5,0.0104841051060242,1.42738396380349e-08,2.96272022289118,25.3358185873663
CBC_1108,CBC_1108_MSI_TV_v3_Vset5_Tset3_2024-05-11_13h20.10.697.csv,1,26,2,3,z,0,1,1,tac,D,63,1,2D,3D,0,1,z,1.63606199999776,0,1,1,1,3D,2D,D23,3.02042488614436,0.525925911249074,0.479096985132173,0.484384870880118,0.5,0.383591584440497,0.620430024630643,0.5,0.46880074687429,0.484438126940836,0.494757926186662,0.546621386758431,0.448625350611127,0.443385674938568,0.49999999286308,0.438737185444935,0.56126282081753,0.620713421353366,0.379286578646634,0.620713421353366,0.379286578646634,0.671566837084459,0.671566837084459,0.379286578646634,0.00397648035583561,0.379286578646634,-5.41387580046095e-09,0.5,0.0104841051060242,1.42738396380349e-08,2.96272022289118,25.3358185873663
CBC_1108,CBC_1108_MSI_TV_v3_Vset5_Tset3_2024-05-11_13h20.10.697.csv,1,27,1,2,b,1,0,0,tac,B,9,1,1B,2B,1,0,b,2.32068110000182,1,0,1,1,1B,2B,B12,3.73766961828337,0.525925911249074,0.479096985132173,0.484384870880118,0.5,0.383591584440497,0.620430024630643,0.5,0.46880074687429,0.484438126940836,0.494757926186662,0.546621386758431,0.448625350611127,0.443385674938568,0.49999999286308,0.379286573232758,0.624689901709202,0.620430024630643,0.379569975369357,0.620430024630643,0.379569975369357,0.671196346868354,0.671196346868354,0.379569975369357,0.00397945151686334,0.379569975369357,-5.41792095983504e-09,0.5,0.0104841051060242,1.42738396380349e-08,2.96272022289118,25.3358185873663
CBC_1108,CBC_1108_MSI_TV_v3_Vset5_Tset3_2024-05-11_13h20.10.697.csv,1,28,1,3,z,0,1,1,tac,D,27,1,1D,3D,0,1,z,2.72731520000161,0,1,1,1,3D,1D,D13,3.76120011569356,0.525925911249074,0.479096985132173,0.484384870880118,0.5,0.383591584440497,0.624409476147506,0.379569969951436,0.46880074687429,0.484438126940836,0.494757926186662,0.546621386758431,0.448625350611127,0.443385674938568,0.49999999286308,0.379286573232758,0.624689901709202,0.624689908402274,0.375310091597726,0.624689908402274,0.375310091597726,0.676742718677325,0.676742718677325,0.375310091597726,0.00393479044766211,0.375310091597726,-5.35711606200211e-09,0.5,0.0104841051060242,1.42738396380349e-08,2.96272022289118,25.3358185873663
CBC_1108,CBC_1108_MSI_TV_v3_Vset5_Tset3_2024-05-11_13h20.10.697.csv,1,29,1,0,z,0,1,2,tac,A,63,1,1A,0A,0,1,z,2.61120890000166,0,1,1,1,0A,1A,A10,2.68557734525015,0.525925911249074,0.479096985132173,0.484384870880118,0.5,0.383591584440497,0.624409476147506,0.379569969951436,0.46880074687429,0.484438126940836,0.494757926186662,0.546621386758431,0.448625350611127,0.443385674938568,0.37531008624061,0.379286573232758,0.628624698849936,0.5467276337452,0.4532723662548,0.5467276337452,0.4532723662548,0.568781593148824,0.568781593148824,0.4532723662548,0.0047521551294716,0.4532723662548,-6.46993706827361e-09,0.5,0.0104841051060242,1.42738396380349e-08,2.96272022289118,25.3358185873663
CBC_1108,CBC_1108_MSI_TV_v3_Vset5_Tset3_2024-05-11_13h20.10.697.csv,1,30,0,1,b,1,0,2,tac,A,63,1,0A,1A,1,0,z,3.27963830000226,0,1,0,0,1A,0A,A01,3.11351530921037,0.551479788874672,0.453272359784863,0.484384870880118,0.5,0.383591584440497,0.624409476147506,0.379569969951436,0.46880074687429,0.484438126940836,0.494757926186662,0.546621386758431,0.448625350611127,0.443385674938568,0.37531008624061,0.379286573232758,0.628624698849936,0.402728528314814,0.597271471685186,0.402728528314814,0.597271471685186,0.359766829636559,0.359766829636559,-0.402728528314814,-0.00422224822004694,-0.402728528314814,5.74848243082744e-09,0.5,0.0104841051060242,1.42738396380349e-08,2.96272022289118,25.3358185873663
CBC_1108,CBC_1108_MSI_TV_v3_Vset5_Tset3_2024-05-11_13h20.10.697.csv,1,31,0,2,z,0,1,3,tac,C,27,1,0C,2C,0,1,z,2.50479859999905,0,1,1,1,2C,0C,C02,3.13549421592915,0.597271477433668,0.398506280094767,0.484384870880118,0.5,0.383591584440497,0.624409476147506,0.379569969951436,0.46880074687429,0.484438126940836,0.494757926186662,0.546621386758431,0.448625350611127,0.443385674938568,0.37531008624061,0.379286573232758,0.628624698849936,0.562003322182968,0.437996677817032,0.562003322182968,0.437996677817032,0.590829850760376,0.590829850760376,0.437996677817032,0.00459200320632317,0.437996677817032,-6.25189434115234e-09,0.5,0.0104841051060242,1.42738396380349e-08,2.96272022289118,25.3358185873663
CBC_1108,CBC_1108_MSI_TV_v3_Vset5_Tset3_2024-05-11_13h20.10.697.csv,1,32,1,0,z,0,1,2,tac,A,63,1,1A,0A,0,1,b,3.86954339999647,1,0,0,0,1A,0A,A10,2.46385324059017,0.597271477433668,0.398506280094767,0.484384870880118,0.5,0.383591584440497,0.624409476147506,0.379569969951436,0.46880074687429,0.437996671565138,0.494757926186662,0.566595325389291,0.448625350611127,0.443385674938568,0.37531008624061,0.379286573232758,0.628624698849936,0.30878580832375,0.69121419167625,0.30878580832375,0.69121419167625,0.2436026709889,0.2436026709889,-0.30878580832375,-0.00323734286971482,-0.30878580832375,4.40755911051417e-09,0.5,0.0104841051060242,1.42738396380349e-08,2.96272022289118,25.3358185873663
CBC_1108,CBC_1108_MSI_TV_v3_Vset5_Tset3_2024-05-11_13h20.10.697.csv,1,33,1,0,b,1,0,0,tac,B,63,1,1B,0B,1,0,b,3.1176736999987,1,0,1,1,1B,0B,B10,2.26176309847379,0.691214196083809,0.305548465454035,0.484384870880118,0.5,0.383591584440497,0.624409476147506,0.379569969951436,0.46880074687429,0.437996671565138,0.494757926186662,0.566595325389291,0.448625350611127,0.443385674938568,0.37531008624061,0.379286573232758,0.628624698849936,0.727631378926623,0.272368621073377,0.727631378926623,0.272368621073377,0.793936020631297,0.793936020631297,0.272368621073377,0.00285554125091615,0.272368621073377,-3.88774601963407e-09,0.5,0.0104841051060242,1.42738396380349e-08,2.96272022289118,25.3358185873663
CBC_1108,CBC_1108_MSI_TV_v3_Vset5_Tset3_2024-05-11_13h20.10.697.csv,1,34,3,2,b,1,0,1,tac,D,63,1,3D,2D,1,0,b,1.70956830000068,1,0,1,1,3D,2D,D32,2.50552593699074,0.691214196083809,0.305548465454035,0.484384870880118,0.5,0.272368617185631,0.730486920177539,0.379569969951436,0.46880074687429,0.437996671565138,0.494757926186662,0.566595325389291,0.448625350611127,0.443385674938568,0.37531008624061,0.379286573232758,0.628624698849936,0.734758029201266,0.265241970798734,0.734758029201266,0.265241970798734,0.800758974565043,0.800758974565043,0.265241970798734,0.00278082470038292,0.265241970798734,-3.78602135645745e-09,0.5,0.0104841051060242,1.42738396380349e-08,2.96272022289118,25.3358185873663
CBC_1108,CBC_1108_MSI_TV_v3_Vset5_Tset3_2024-05-11_13h20.10.697.csv,1,35,3,1,z,0,1,0,tac,B,27,1,3B,1B,0,1,z,2.79611339999974,0,1,1,1,1B,3B,B31,2.81341071676004,0.691214196083809,0.305548465454035,0.484384870880118,0.5,0.272368617185631,0.730486920177539,0.379569969951436,0.46880074687429,0.437996671565138,0.494757926186662,0.566595325389291,0.448625350611127,0.443385674938568,0.37531008624061,0.265241967012713,0.737538853901649,0.754369469764706,0.245630530235294,0.754369469764706,0.245630530235294,0.818653469232305,0.818653469232305,0.245630530235294,0.00257521629623527,0.245630530235294,-3.50609079878406e-09,0.5,0.0104841051060242,1.42738396380349e-08,2.96272022289118,25.3358185873663
CBC_1108,CBC_1108_MSI_TV_v3_Vset5_Tset3_2024-05-11_13h20.10.697.csv,1,36,3,2,z,0,1,3,tac,C,63,1,3C,2C,0,1,b,1.4362641000007,1,0,0,0,3C,2C,C32,2.83321334405622,0.691214196083809,0.305548465454035,0.484384870880118,0.5,0.272368617185631,0.756944686060941,0.379569969951436,0.245630526729203,0.437996671565138,0.494757926186662,0.566595325389291,0.448625350611127,0.443385674938568,0.37531008624061,0.265241967012713,0.737538853901649,0.383622677505647,0.616377322494353,0.383622677505647,0.616377322494353,0.33412497710584,0.33412497710584,-0.383622677505647,-0.00402194047202361,-0.383622677505647,5.47576858022917e-09,0.5,0.0104841051060242,1.42738396380349e-08,2.96272022289118,25.3358185873663
CBC_1108,CBC_1108_MSI_TV_v3_Vset5_Tset3_2024-05-11_13h20.10.697.csv,1,37,2,0,b,1,0,3,tac,C,27,1,2C,0C,1,0,b,3.62792619999891,1,0,1,1,2C,0C,C20,3.95124371858143,0.691214196083809,0.305548465454035,0.484384870880118,0.5,0.272368617185631,0.756944686060941,0.379569969951436,0.245630526729203,0.437996671565138,0.494757926186662,0.616377327970122,0.379600737033623,0.443385674938568,0.37531008624061,0.265241967012713,0.737538853901649,0.673376469392738,0.326623530607262,0.673376469392738,0.326623530607262,0.736398310682457,0.736398310682457,0.326623530607262,0.00342435542498723,0.326623530607262,-4.66217189789683e-09,0.5,0.0104841051060242,1.42738396380349e-08,2.96272022289118,25.3358185873663
CBC_1108,CBC_1108_MSI_TV_v3_Vset5_Tset3_2024-05-11_13h20.10.697.csv,1,38,1,0,b,1,0,0,tac,B,63,1,1B,0B,1,0,b,3.80772390000129,1,0,1,1,1B,0B,B10,2.17853244432407,0.691214196083809,0.305548465454035,0.484384870880118,0.5,0.272368617185631,0.756944686060941,0.379569969951436,0.245630526729203,0.32662352594509,0.494757926186662,0.676800824817725,0.379600737033623,0.443385674938568,0.37531008624061,0.265241967012713,0.737538853901649,0.892701668983501,0.107298331016499,0.892701668983501,0.107298331016499,0.911082975783828,0.911082975783828,0.107298331016499,0.00112492698007794,0.107298331016499,-1.53155917035828e-09,0.5,0.0104841051060242,1.42738396380349e-08,2.96272022289118,25.3358185873663
CBC_1108,CBC_1108_MSI_TV_v3_Vset5_Tset3_2024-05-11_13h20.10.697.csv,1,39,3,0,z,0,1,2,tac,A,9,1,3A,0A,0,1,b,1.80147760000182,1,0,0,0,3A,0A,A30,3.98898404656427,0.691214196083809,0.305548465454035,0.484384870880118,0.5,0.107298329484939,0.893826595963579,0.379569969951436,0.245630526729203,0.32662352594509,0.494757926186662,0.676800824817725,0.379600737033623,0.443385674938568,0.37531008624061,0.265241967012713,0.737538853901649,0.308785803916191,0.691214196083809,0.308785803916191,0.691214196083809,0.24360266617662,0.24360266617662,-0.308785803916191,-0.00323734282350551,-0.308785803916191,4.40755904760138e-09,0.5,0.0104841051060242,1.42738396380349e-08,2.96272022289118,25.3358185873663
CBC_1108,CBC_1108_MSI_TV_v3_Vset5_Tset3_2024-05-11_13h20.10.697.csv,1,40,3,2,z,0,1,3,tac,C,63,0,3C,2C,1,0,z,2.48182290000113,0,1,1,0,2C,3C,C32,2.62103882411258,0.691214200491368,0.305548465454035,0.484384870880118,0.305548461092685,0.107298329484939,0.893826595963579,0.379569969951436,0.245630526729203,0.32662352594509,0.494757926186662,0.676800824817725,0.379600737033623,0.443385674938568,0.37531008624061,0.265241967012713,0.737538853901649,0.773880086855468,0.226119913144532,0.773880086855468,0.226119913144532,0.835189200997425,0.835189200997425,-0.773880086855468,-0.00811344017005183,-0.773880086855468,1.10462402588434e-08,0.5,0.0104841051060242,1.42738396380349e-08,2.96272022289118,25.3358185873663
CBC_1108,CBC_1108_MSI_TV_v3_Vset5_Tset3_2024-05-11_13h20.10.697.csv,1,41,1,0,z,0,1,2,tac,A,63,1,1A,0A,NaN,NaN,None,NaN,NaN,NaN,NaN,NaN,,,A10,2.41591377830105,0.691214200491368,0.305548465454035,0.484384870880118,0.305548461092685,0.107298329484939,0.893826595963579,0.379569969951436,0.245630526729203,0.32662352594509,0.494757926186662,0.765766646685416,0.226119924190772,0.443385674938568,0.37531008624061,0.265241967012713,0.737538853901649,0,0,0,0,0,NaN,0,0,0,0,0.5,0.0104841051060242,1.42738396380349e-08,2.96272022289118,25.3358185873663
CBC_1108,CBC_1108_MSI_TV_v3_Vset5_Tset3_2024-05-11_13h20.10.697.csv,1,42,3,2,b,1,0,1,tac,D,63,1,3D,2D,1,0,b,1.93873879999956,1,0,1,1,3D,2D,D32,2.43361335540045,0.691214200491368,0.305548465454035,0.484384870880118,0.305548461092685,0.107298329484939,0.893826595963579,0.379569969951436,0.245630526729203,0.32662352594509,0.494757926186662,0.765766646685416,0.226119924190772,0.443385674938568,0.37531008624061,0.265241967012713,0.737538853901649,0.886161098804328,0.113838901195672,0.886161098804328,0.113838901195672,0.907892917038239,0.907892917038239,0.113838901195672,0.00119349900528973,0.113838901195672,-1.62491822023712e-09,0.5,0.0104841051060242,1.42738396380349e-08,2.96272022289118,25.3358185873663
CBC_1108,CBC_1108_MSI_TV_v3_Vset5_Tset3_2024-05-11_13h20.10.697.csv,1,43,2,3,b,1,0,3,tac,C,63,1,2C,3C,1,0,b,1.72726820000025,1,0,1,1,2C,3C,C23,2.96183072187831,0.691214200491368,0.305548465454035,0.484384870880118,0.305548461092685,0.107298329484939,0.893826595963579,0.379569969951436,0.245630526729203,0.32662352594509,0.494757926186662,0.765766646685416,0.226119924190772,0.443385674938568,0.37531008624061,0.113838899570754,0.887354597809618,0.917957301655847,0.0820426983441535,0.917957301655847,0.0820426983441535,0.922483673562591,0.922483673562591,0.0820426983441535,0.000860144272621939,0.0820426983441535,-1.17106431963611e-09,0.5,0.0104841051060242,1.42738396380349e-08,2.96272022289118,25.3358185873663
CBC_1108,CBC_1108_MSI_TV_v3_Vset5_Tset3_2024-05-11_13h20.10.697.csv,1,44,1,3,z,0,1,1,tac,D,27,1,1D,3D,0,1,z,2.39298309999867,0,1,1,1,3D,1D,D13,3.38439026334577,0.691214200491368,0.305548465454035,0.484384870880118,0.305548461092685,0.107298329484939,0.893826595963579,0.379569969951436,0.245630526729203,0.32662352594509,0.494757926186662,0.918817445928468,0.0820426971730891,0.443385674938568,0.37531008624061,0.113838899570754,0.887354597809618,0.929136662123668,0.0708633378763318,0.929136662123668,0.0708633378763318,0.927089924977382,0.927089924977382,0.0708633378763318,0.000742938682459165,0.0708633378763318,-1.01149192106264e-09,0.5,0.0104841051060242,1.42738396380349e-08,2.96272022289118,25.3358185873663
CBC_1108,CBC_1108_MSI_AV_v3_Vset6_Aset1_2024-05-11_15h05.16.460.csv,2,1,1,0,b,1,0,0,aud,B,63,1,1B,0B,1,0,b,1.59779269999854,1,0,1,1,1B,0B,B10,2.77258872223978,0.5,0.5,0.5,0.5,0.5,0.5,0.5,0.5,0.5,0.5,0.5,0.5,0.5,0.5,0.5,0.5,0.5,0.5,0.5,0.5,0.5,0.5,0.5,1.38193164884726e-05,0.5,-0.0314294211597546,0.5,2.76386329769451e-05,0.0628588423195091,1,29.5408493039642
CBC_1108,CBC_1108_MSI_AV_v3_Vset6_Aset1_2024-05-11_15h05.16.460.csv,2,2,1,0,z,0,1,2,aud,A,63,1,1A,0A,0,1,z,1.79915669999536,0,1,1,1,0A,1A,A10,2.83321334405622,0.5,0.5,0.5,0.5,0.468570578840245,0.500013819316488,0.5,0.5,0.5,0.5,0.5,0.5,0.5,0.5,0.5,0.5,0.5,0.5,0.5,0.5,0.5,0.5,0.5,1.38193164884726e-05,0.5,-0.0314294211597546,0.5,2.76386329769451e-05,0.0628588423195091,1,29.5408493039642
CBC_1108,CBC_1108_MSI_AV_v3_Vset6_Aset1_2024-05-11_15h05.16.460.csv,2,3,3,2,b,1,0,1,aud,D,63,1,3D,2D,1,0,b,2.37215359999755,1,0,1,1,3D,2D,D32,2.89037175789616,0.500013819316488,0.468570578840245,0.5,0.5,0.468570578840245,0.500013819316488,0.5,0.5,0.5,0.5,0.5,0.5,0.5,0.5,0.5,0.5,0.5,0.5,0.5,0.5,0.5,0.5,0.5,1.38193164884726e-05,0.5,-0.0314294211597546,0.5,2.76386329769451e-05,0.0628588423195091,1,29.5408493039642
CBC_1108,CBC_1108_MSI_AV_v3_Vset6_Aset1_2024-05-11_15h05.16.460.csv,2,4,1,2,b,1,0,0,aud,B,9,1,1B,2B,1,0,z,1.91682199999923,0,1,0,0,2B,1B,B12,2.94443897916644,0.500013819316488,0.468570578840245,0.5,0.5,0.468570578840245,0.500013819316488,0.5,0.5,0.5,0.5,0.5,0.5,0.5,0.5,0.468570578840245,0.500013819316488,0.499986180683512,0.500013819316488,0.499986180683512,0.500013819316488,0.499993090341756,0.499993090341756,-0.499986180683512,-1.38189345414561e-05,-0.499986180683512,0.0314285524935185,0.5,2.76386329769451e-05,0.0628588423195091,1,29.5408493039642
CBC_1108,CBC_1108_MSI_AV_v3_Vset6_Aset1_2024-05-11_15h05.16.460.csv,2,5,2,0,z,0,1,2,aud,A,27,1,2A,0A,0,1,b,4.10026529999959,1,0,0,0,2A,0A,A20,2.99573227355399,0.500013819316488,0.468570578840245,0.5,0.5,0.468570578840245,0.531442371810007,0.49997236174897,0.5,0.5,0.5,0.5,0.5,0.5,0.5,0.468570578840245,0.500013819316488,0.499986180683512,0.500013819316488,0.499986180683512,0.500013819316488,0.499993090341756,0.499993090341756,-0.499986180683512,-1.38189345414561e-05,-0.499986180683512,0.0314285524935185,0.5,2.76386329769451e-05,0.0628588423195091,1,29.5408493039642
CBC_1108,CBC_1108_MSI_AV_v3_Vset6_Aset1_2024-05-11_15h05.16.460.csv,2,6,3,2,z,0,1,3,aud,C,63,1,3C,2C,0,1,b,2.36704179999651,1,0,0,0,3C,2C,C32,3.04452243772342,0.531442371810007,0.468570578840245,0.49997236174897,0.5,0.468570578840245,0.531442371810007,0.49997236174897,0.5,0.5,0.5,0.5,0.5,0.5,0.5,0.468570578840245,0.500013819316488,0.5,0.5,0.5,0.5,0.5,0.5,-0.5,-1.38193164884726e-05,-0.5,0.0314294211597546,0.5,2.76386329769451e-05,0.0628588423195091,1,29.5408493039642
CBC_1108,CBC_1108_MSI_AV_v3_Vset6_Aset1_2024-05-11_15h05.16.460.csv,2,7,3,1,b,1,0,1,aud,D,27,1,3D,1D,1,0,b,2.8876317999966,1,0,1,1,3D,1D,D31,3.09104245335832,0.531442371810007,0.468570578840245,0.49997236174897,0.5,0.468570578840245,0.531442371810007,0.49997236174897,0.5,0.5,0.5,0.531429421159755,0.499986180683512,0.5,0.5,0.468570578840245,0.500013819316488,0.500013819316488,0.499986180683512,0.500013819316488,0.499986180683512,0.500006909658244,0.500006909658244,0.499986180683512,1.38189345414561e-05,0.499986180683512,-0.0314285524935185,0.5,2.76386329769451e-05,0.0628588423195091,1,29.5408493039642
CBC_1108,CBC_1108_MSI_AV_v3_Vset6_Aset1_2024-05-11_15h05.16.460.csv,2,8,0,1,b,1,0,2,aud,A,63,0,0A,1A,0,1,b,3.30610989999695,1,0,1,0,0A,1A,A01,3.13549421592915,0.531442371810007,0.468570578840245,0.49997236174897,0.5,0.468570578840245,0.531442371810007,0.49997236174897,0.5,0.5,0.5,0.531429421159755,0.499986180683512,0.5,0.468557628189993,0.468570578840245,0.50002763825103,0.562624247948276,0.437375752051724,0.562624247948276,0.437375752051724,0.531271254826448,0.531271254826448,-0.562624247948276,-1.55501650929722e-05,-0.562624247948276,0.0353659088869131,0.5,2.76386329769451e-05,0.0628588423195091,1,29.5408493039642
CBC_1108,CBC_1108_MSI_AV_v3_Vset6_Aset1_2024-05-11_15h05.16.460.csv,2,9,0,2,z,0,1,3,aud,C,27,1,0C,2C,0,1,b,2.36951020000197,1,0,0,0,0C,2C,C02,3.17805383034795,0.562608697783183,0.472741660938637,0.49997236174897,0.5,0.468570578840245,0.531442371810007,0.49997236174897,0.5,0.5,0.5,0.531429421159755,0.499986180683512,0.5,0.468557628189993,0.468570578840245,0.50002763825103,0.468570578840245,0.531429421159755,0.468570578840245,0.531429421159755,0.484290461751394,0.484290461751394,-0.468570578840245,-1.29506502523603e-05,-0.468570578840245,0.0294538041308801,0.5,2.76386329769451e-05,0.0628588423195091,1,29.5408493039642
CBC_1108,CBC_1108_MSI_AV_v3_Vset6_Aset1_2024-05-11_15h05.16.460.csv,2,10,3,2,b,1,0,1,aud,D,63,1,3D,2D,1,0,b,2.0974529999985,1,0,1,1,3D,2D,D32,2.52572864430826,0.562608697783183,0.472741660938637,0.49997236174897,0.5,0.468570578840245,0.531442371810007,0.49997236174897,0.5,0.468557628189993,0.5,0.560883225290635,0.499986180683512,0.5,0.468557628189993,0.468570578840245,0.50002763825103,0.531456950109933,0.468543049890067,0.531456950109933,0.468543049890067,0.515723289124081,0.515723289124081,0.468543049890067,1.29498893898101e-05,0.468543049890067,-0.0294520736929416,0.5,2.76386329769451e-05,0.0628588423195091,1,29.5408493039642
CBC_1108,CBC_1108_MSI_AV_v3_Vset6_Aset1_2024-05-11_15h05.16.460.csv,2,11,0,1,z,0,1,0,aud,B,63,0,0B,1B,1,0,z,3.45098549999602,0,1,1,0,1B,0B,B01,3.25809653802148,0.562608697783183,0.472741660938637,0.49997236174897,0.5,0.468570578840245,0.531442371810007,0.49997236174897,0.5,0.468557628189993,0.5,0.560883225290635,0.499986180683512,0.5,0.468557628189993,0.439090976197125,0.531469899999323,0.562624247948276,0.437375752051724,0.562624247948276,0.437375752051724,0.531271254826448,0.531271254826448,-0.562624247948276,-1.55501650929722e-05,-0.562624247948276,0.0353659088869131,0.5,2.76386329769451e-05,0.0628588423195091,1,29.5408493039642
CBC_1108,CBC_1108_MSI_AV_v3_Vset6_Aset1_2024-05-11_15h05.16.460.csv,2,12,1,0,z,0,1,2,aud,A,63,1,1A,0A,0,1,b,2.34035170000061,1,0,0,0,1A,0A,A10,2.60268968544438,0.562608697783183,0.472741660938637,0.49997236174897,0.5,0.472741660938637,0.562608697783183,0.49997236174897,0.5,0.468557628189993,0.5,0.560883225290635,0.499986180683512,0.5,0.468557628189993,0.439090976197125,0.531469899999323,0.410742275340466,0.589257724659534,0.410742275340466,0.589257724659534,0.45548927970273,0.45548927970273,-0.410742275340466,-1.13523549962505e-05,-0.410742275340466,0.0258187839195828,0.5,2.76386329769451e-05,0.0628588423195091,1,29.5408493039642
CBC_1108,CBC_1108_MSI_AV_v3_Vset6_Aset1_2024-05-11_15h05.16.460.csv,2,13,3,2,b,1,0,1,aud,D,63,1,3D,2D,1,0,z,2.09083879999889,0,1,0,0,2D,3D,D32,2.23359222150709,0.615076508579117,0.41073092298547,0.49997236174897,0.5,0.472741660938637,0.562608697783183,0.49997236174897,0.5,0.468557628189993,0.5,0.560883225290635,0.499986180683512,0.5,0.468557628189993,0.439090976197125,0.531469899999323,0.408323974942803,0.591676025057197,0.408323974942803,0.591676025057197,0.454289972323326,0.454289972323326,-0.408323974942803,-1.12855164791315e-05,-0.408323974942803,0.0256667723562049,0.5,2.76386329769451e-05,0.0628588423195091,1,29.5408493039642
CBC_1108,CBC_1108_MSI_AV_v3_Vset6_Aset1_2024-05-11_15h05.16.460.csv,2,14,0,2,z,0,1,3,aud,C,27,0,0C,2C,1,0,z,3.58201889999691,0,1,1,0,2C,0C,C02,2.67414864942653,0.615076508579117,0.41073092298547,0.49997236174897,0.5,0.472741660938637,0.562608697783183,0.49997236174897,0.5,0.468557628189993,0.5,0.560883225290635,0.499986180683512,0.5,0.468557628189993,0.408312689426324,0.617342797413402,0.591624008972279,0.408375991027721,0.591624008972279,0.408375991027721,0.545684236877101,0.545684236877101,-0.591624008972279,-1.63516788443337e-05,-0.591624008972279,0.0371888002924243,0.5,2.76386329769451e-05,0.0628588423195091,1,29.5408493039642
CBC_1108,CBC_1108_MSI_AV_v3_Vset6_Aset1_2024-05-11_15h05.16.460.csv,2,15,1,0,z,0,1,2,aud,A,63,1,1A,0A,0,1,b,2.75063510000109,1,0,0,0,1A,0A,A10,2.30258509299405,0.615076508579117,0.41073092298547,0.49997236174897,0.5,0.472741660938637,0.562608697783183,0.49997236174897,0.5,0.445564791320145,0.5,0.591607657293435,0.499986180683512,0.5,0.468557628189993,0.408312689426324,0.617342797413402,0.303719783399477,0.696280216600523,0.303719783399477,0.696280216600523,0.403101080786356,0.403101080786356,-0.303719783399477,-8.39439962121541e-06,-0.303719783399477,0.0190914739740232,0.5,2.76386329769451e-05,0.0628588423195091,1,29.5408493039642
CBC_1108,CBC_1108_MSI_AV_v3_Vset6_Aset1_2024-05-11_15h05.16.460.csv,2,16,3,1,z,0,1,0,aud,B,27,1,3B,1B,0,1,z,2.45242159999907,0,1,1,1,1B,3B,B31,3.43398720448515,0.715371690574547,0.303711388999855,0.49997236174897,0.5,0.472741660938637,0.562608697783183,0.49997236174897,0.5,0.445564791320145,0.5,0.591607657293435,0.499986180683512,0.5,0.468557628189993,0.408312689426324,0.617342797413402,0.562608697783183,0.437391302216817,0.562608697783183,0.437391302216817,0.531263510149115,0.531263510149115,0.437391302216817,1.20888976692787e-05,0.437391302216817,-0.0274939108979717,0.5,2.76386329769451e-05,0.0628588423195091,1,29.5408493039642
CBC_1108,CBC_1108_MSI_AV_v3_Vset6_Aset1_2024-05-11_15h05.16.460.csv,2,17,2,3,b,1,0,3,aud,C,63,1,2C,3C,1,0,b,1.48634619999575,1,0,1,1,2C,3C,C23,3.46573590279973,0.715371690574547,0.303711388999855,0.49997236174897,0.5,0.472741660938637,0.562620786680852,0.49997236174897,0.409897391318846,0.445564791320145,0.5,0.591607657293435,0.499986180683512,0.5,0.468557628189993,0.408312689426324,0.617342797413402,0.59162101265753,0.40837898734247,0.59162101265753,0.40837898734247,0.545682751226234,0.545682751226234,0.40837898734247,1.1287036946655e-05,0.40837898734247,-0.0256702303719611,0.5,2.76386329769451e-05,0.0628588423195091,1,29.5408493039642
CBC_1108,CBC_1108_MSI_AV_v3_Vset6_Aset1_2024-05-11_15h05.16.460.csv,2,18,3,2,b,1,0,1,aud,D,63,0,3D,2D,0,1,z,2.58074309999938,0,1,0,1,2D,3D,D32,2.11021320034659,0.715371690574547,0.303711388999855,0.49997236174897,0.5,0.472741660938637,0.562620786680852,0.49997236174897,0.409897391318846,0.445564791320145,0.5,0.591632299694477,0.382708756970509,0.5,0.468557628189993,0.408312689426324,0.617342797413402,0.299594422599328,0.700405577400672,0.299594422599328,0.700405577400672,0.401117466840527,0.401117466840527,0.700405577400672,1.93582526887825e-05,0.700405577400672,-0.0440266837495336,0.5,2.76386329769451e-05,0.0628588423195091,1,29.5408493039642
CBC_1108,CBC_1108_MSI_AV_v3_Vset6_Aset1_2024-05-11_15h05.16.460.csv,2,19,0,1,z,0,1,0,aud,B,63,1,0B,1B,0,1,b,2.18446200000108,1,0,0,0,0B,1B,B01,2.83321334405622,0.715371690574547,0.303711388999855,0.49997236174897,0.5,0.472741660938637,0.562620786680852,0.49997236174897,0.409897391318846,0.445564791320145,0.5,0.591632299694477,0.382708756970509,0.5,0.468557628189993,0.299613780852017,0.656378893651139,0.410730385275233,0.589269614724767,0.410730385275233,0.589269614724767,0.455483381789652,0.455483381789652,-0.410730385275233,-1.13520263711014e-05,-0.410730385275233,0.0258180365238471,0.5,2.76386329769451e-05,0.0628588423195091,1,29.5408493039642
CBC_1108,CBC_1108_MSI_AV_v3_Vset6_Aset1_2024-05-11_15h05.16.460.csv,2,20,0,2,b,1,0,2,aud,A,27,1,0A,2A,1,0,z,3.22273929999938,0,1,0,0,2A,0A,A02,3.55534806148941,0.715371690574547,0.303711388999855,0.49997236174897,0.5,0.410719033248862,0.615087651248614,0.49997236174897,0.409897391318846,0.445564791320145,0.5,0.591632299694477,0.382708756970509,0.5,0.468557628189993,0.299613780852017,0.656378893651139,0.284605799707617,0.715394200292383,0.284605799707617,0.715394200292383,0.393938084511321,0.393938084511321,-0.284605799707617,-7.8661152412288e-06,-0.284605799707617,0.0178899910870389,0.5,2.76386329769451e-05,0.0628588423195091,1,29.5408493039642
CBC_1108,CBC_1108_MSI_AV_v3_Vset6_Aset1_2024-05-11_15h05.16.460.csv,2,21,3,0,b,1,0,1,aud,D,9,1,3D,0D,1,0,b,1.69697629999791,1,0,1,1,3D,0D,D30,3.58351893845611,0.733284191379421,0.303711388999855,0.284597933592376,0.5,0.410719033248862,0.615087651248614,0.49997236174897,0.409897391318846,0.445564791320145,0.5,0.591632299694477,0.382708756970509,0.5,0.468557628189993,0.299613780852017,0.656378893651139,0.656378893651139,0.343621106348861,0.656378893651139,0.343621106348861,0.577558262604714,0.577558262604714,0.343621106348861,9.49721764150801e-06,0.343621106348861,-0.0215996249416384,0.5,2.76386329769451e-05,0.0628588423195091,1,29.5408493039642
CBC_1108,CBC_1108_MSI_AV_v3_Vset6_Aset1_2024-05-11_15h05.16.460.csv,2,22,3,2,z,0,1,3,aud,C,63,1,3C,2C,0,1,z,1.01559319999797,0,1,1,1,2C,3C,C32,2.91777073208428,0.733284191379421,0.303711388999855,0.284597933592376,0.5,0.410719033248862,0.615087651248614,0.49997236174897,0.409897391318846,0.445564791320145,0.5,0.591632299694477,0.382708756970509,0.322021481407223,0.468557628189993,0.299613780852017,0.65638839086878,0.700311996711507,0.299688003288493,0.700311996711507,0.299688003288493,0.598837572001097,0.598837572001097,0.299688003288493,8.2829667304842e-06,0.299688003288493,-0.0188380409437599,0.5,2.76386329769451e-05,0.0628588423195091,1,29.5408493039642
CBC_1108,CBC_1108_MSI_AV_v3_Vset6_Aset1_2024-05-11_15h05.16.460.csv,2,23,1,3,b,1,0,0,aud,B,27,1,1B,3B,1,0,b,2.26959669999997,1,0,1,1,1B,3B,B13,3.63758615972639,0.733284191379421,0.303711388999855,0.284597933592376,0.5,0.410719033248862,0.615087651248614,0.49997236174897,0.409897391318846,0.445564791320145,0.5,0.700320279678237,0.280849962344733,0.322021481407223,0.468557628189993,0.299613780852017,0.65638839086878,0.697018183968418,0.302981816031582,0.697018183968418,0.302981816031582,0.597253993909188,0.597253993909188,0.302981816031582,8.37400321198522e-06,0.302981816031582,-0.0190450861996078,0.5,2.76386329769451e-05,0.0628588423195091,1,29.5408493039642
CBC_1108,CBC_1108_MSI_AV_v3_Vset6_Aset1_2024-05-11_15h05.16.460.csv,2,24,2,3,b,1,0,3,aud,C,63,1,2C,3C,1,0,b,1.52097009999852,1,0,1,1,2C,3C,C23,2.9704144655697,0.733284191379421,0.303711388999855,0.284597933592376,0.5,0.410719033248862,0.697026557971629,0.49997236174897,0.283936729831975,0.445564791320145,0.5,0.700320279678237,0.280849962344733,0.322021481407223,0.468557628189993,0.299613780852017,0.65638839086878,0.856813572984414,0.143186427015586,0.856813572984414,0.143186427015586,0.671202130542672,0.671202130542672,0.143186427015586,3.95747710356392e-06,0.143186427015586,-0.00900053303806662,0.5,2.76386329769451e-05,0.0628588423195091,1,29.5408493039642
CBC_1108,CBC_1108_MSI_AV_v3_Vset6_Aset1_2024-05-11_15h05.16.460.csv,2,25,3,2,b,1,0,1,aud,D,63,1,3D,2D,1,0,z,1.37950659999842,0,1,0,0,2D,3D,D32,2.07944154167984,0.733284191379421,0.303711388999855,0.284597933592376,0.5,0.410719033248862,0.697026557971629,0.49997236174897,0.283936729831975,0.445564791320145,0.5,0.856817530461518,0.134185893977519,0.322021481407223,0.468557628189993,0.299613780852017,0.65638839086878,0.182966297976462,0.817033702023538,0.182966297976462,0.817033702023538,0.346588839230116,0.346588839230116,-0.182966297976462,-5.05693835692181e-06,-0.182966297976462,0.0115010496742868,0.5,2.76386329769451e-05,0.0628588423195091,1,29.5408493039642
CBC_1108,CBC_1108_MSI_AV_v3_Vset6_Aset1_2024-05-11_15h05.16.460.csv,2,26,0,1,z,0,1,0,aud,B,63,1,0B,1B,0,1,b,2.06390199999805,1,0,0,0,0B,1B,B01,2.6149597780362,0.733284191379421,0.303711388999855,0.284597933592376,0.5,0.410719033248862,0.697026557971629,0.49997236174897,0.283936729831975,0.445564791320145,0.5,0.856817530461518,0.134185893977519,0.322021481407223,0.468557628189993,0.182961241038105,0.828534751697825,0.232513591052876,0.767486408947124,0.232513591052876,0.767486408947124,0.369357805925473,0.369357805925473,-0.232513591052876,-6.42635780526195e-06,-0.232513591052876,0.0146155351571356,0.5,2.76386329769451e-05,0.0628588423195091,1,29.5408493039642
CBC_1108,CBC_1108_MSI_AV_v3_Vset6_Aset1_2024-05-11_15h05.16.460.csv,2,27,3,0,z,0,1,2,aud,A,9,1,3A,0A,0,1,z,1.76301969999986,0,1,1,1,0A,3A,A30,3.73766961828337,0.733284191379421,0.303711388999855,0.284597933592376,0.5,0.232507164695071,0.78210194410426,0.49997236174897,0.283936729831975,0.445564791320145,0.5,0.856817530461518,0.134185893977519,0.322021481407223,0.468557628189993,0.182961241038105,0.828534751697825,0.733284191379421,0.266715808620579,0.733284191379421,0.266715808620579,0.614571217682762,0.614571217682762,0.266715808620579,7.37166034361331e-06,0.266715808620579,-0.0167654469582013,0.5,2.76386329769451e-05,0.0628588423195091,1,29.5408493039642
CBC_1108,CBC_1108_MSI_AV_v3_Vset6_Aset1_2024-05-11_15h05.16.460.csv,2,28,3,2,b,1,0,1,aud,D,63,0,3D,2D,0,1,b,2.35078709999652,1,0,1,0,3D,2D,D32,1.96944064646551,0.733291563039765,0.303711388999855,0.284597933592376,0.249950361662377,0.232507164695071,0.78210194410426,0.49997236174897,0.283936729831975,0.445564791320145,0.5,0.856817530461518,0.134185893977519,0.322021481407223,0.468557628189993,0.182961241038105,0.828534751697825,0.955709778568852,0.0442902214311481,0.955709778568852,0.0442902214311481,0.713290560195455,0.713290560195455,-0.955709778568852,-2.6414511802342e-05,-0.955709778568852,0.0600748102742725,0.5,2.76386329769451e-05,0.0628588423195091,1,29.5408493039642
CBC_1108,CBC_1108_MSI_AV_v3_Vset6_Aset1_2024-05-11_15h05.16.460.csv,2,29,0,2,z,0,1,3,aud,C,27,1,0C,2C,0,1,z,2.51215439999578,0,1,1,1,2C,0C,C02,2.68557734525015,0.733291563039765,0.303711388999855,0.284597933592376,0.249950361662377,0.232507164695071,0.78210194410426,0.49997236174897,0.283936729831975,0.445564791320145,0.5,0.856817530461518,0.134185893977519,0.322021481407223,0.468557628189993,0.104365031705421,0.95568336405705,0.881604458887068,0.118395541112932,0.881604458887068,0.118395541112932,0.6820500187687,0.6820500187687,0.118395541112932,3.27229090692715e-06,0.118395541112932,-0.00744220665015076,0.5,2.76386329769451e-05,0.0628588423195091,1,29.5408493039642
CBC_1108,CBC_1108_MSI_AV_v3_Vset6_Aset1_2024-05-11_15h05.16.460.csv,2,30,0,1,b,1,0,2,aud,A,63,0,0A,1A,0,1,b,1.83776320000106,1,0,1,0,0A,1A,A01,3.11351530921037,0.733291563039765,0.303711388999855,0.284597933592376,0.249950361662377,0.232507164695071,0.78210194410426,0.49997236174897,0.283936729831975,0.110953334462781,0.5,0.881607731177975,0.134185893977519,0.322021481407223,0.468557628189993,0.104365031705421,0.95568336405705,0.863075642245695,0.136924357754305,0.863075642245695,0.136924357754305,0.673960130908294,0.673960130908294,-0.863075642245695,-2.385423090737e-05,-0.863075642245695,0.0542519357057312,0.5,2.76386329769451e-05,0.0628588423195091,1,29.5408493039642
CBC_1108,CBC_1108_MSI_AV_v3_Vset6_Aset1_2024-05-11_15h05.16.460.csv,2,31,0,1,z,0,1,0,aud,B,63,1,0B,1B,0,1,z,0.292226099998516,0,1,1,1,1B,0B,B01,2.4423470353692,0.863051788014788,0.191176293460036,0.284597933592376,0.249950361662377,0.232507164695071,0.78210194410426,0.49997236174897,0.283936729831975,0.110953334462781,0.5,0.881607731177975,0.134185893977519,0.322021481407223,0.468557628189993,0.104365031705421,0.95568336405705,0.922167362459399,0.0778326375406005,0.922167362459399,0.0778326375406005,0.699377373021583,0.699377373021583,0.0778326375406005,2.15118770261226e-06,0.0778326375406005,-0.00489246949047612,0.5,2.76386329769451e-05,0.0628588423195091,1,29.5408493039642
CBC_1108,CBC_1108_MSI_AV_v3_Vset6_Aset1_2024-05-11_15h05.16.460.csv,2,32,1,3,z,0,1,1,aud,D,27,1,1D,3D,0,1,z,2.71808679999958,0,1,1,1,3D,1D,D13,3.85014760171006,0.863051788014788,0.191176293460036,0.284597933592376,0.249950361662377,0.0729401680501244,0.922169513647102,0.49997236174897,0.283936729831975,0.110953334462781,0.5,0.881607731177975,0.134185893977519,0.322021481407223,0.468557628189993,0.104365031705421,0.95568336405705,0.960721307943076,0.0392786920569237,0.960721307943076,0.0392786920569237,0.71533595742085,0.71533595742085,0.0392786920569237,1.08560935357576e-06,0.0392786920569237,-0.00246901311052272,0.5,2.76386329769451e-05,0.0628588423195091,1,29.5408493039642
CBC_1108,CBC_1108_MSI_AV_v3_Vset6_Aset1_2024-05-11_15h05.16.460.csv,2,33,2,3,b,1,0,3,aud,C,63,1,2C,3C,1,0,b,2.60342279999895,1,0,1,1,2C,3C,C23,2.77258872223978,0.863051788014788,0.191176293460036,0.284597933592376,0.249950361662377,0.0729401680501244,0.922169513647102,0.49997236174897,0.283936729831975,0.110953334462781,0.5,0.881607731177975,0.134185893977519,0.322021481407223,0.036809678946401,0.104365031705421,0.96072239355243,0.97961155705877,0.0203884429412301,0.97961155705877,0.0203884429412301,0.722966232668609,0.722966232668609,0.0203884429412301,5.63508691424046e-07,0.0203884429412301,-0.00128159391998309,0.5,2.76386329769451e-05,0.0628588423195091,1,29.5408493039642
CBC_1108,CBC_1108_MSI_AV_v3_Vset6_Aset1_2024-05-11_15h05.16.460.csv,2,34,0,1,z,0,1,0,aud,B,63,0,0B,1B,1,0,b,3.04003109999758,1,0,0,1,0B,1B,B01,2.28238238567653,0.863051788014788,0.191176293460036,0.284597933592376,0.249950361662377,0.0729401680501244,0.922169513647102,0.49997236174897,0.283936729831975,0.110953334462781,0.5,0.979612120567461,0.019106849021247,0.322021481407223,0.036809678946401,0.104365031705421,0.96072239355243,0.00659665236991449,0.993403347630086,0.00659665236991449,0.993403347630086,0.271543276343201,0.271543276343201,0.993403347630086,2.74563105232166e-05,0.993403347630086,-0.0624441843883521,0.5,2.76386329769451e-05,0.0628588423195091,1,29.5408493039642
CBC_1108,CBC_1108_MSI_AV_v3_Vset6_Aset1_2024-05-11_15h05.16.460.csv,2,35,1,0,z,0,1,2,aud,A,63,1,1A,0A,0,1,z,3.26334940000015,0,1,1,1,0A,1A,A10,2.52572864430826,0.863051788014788,0.191176293460036,0.284597933592376,0.249950361662377,0.00662410868043771,0.930959163241733,0.49997236174897,0.283936729831975,0.110953334462781,0.5,0.979612120567461,0.019106849021247,0.322021481407223,0.036809678946401,0.104365031705421,0.96072239355243,0.963849933796445,0.0361500662035554,0.963849933796445,0.0361500662035554,0.716608405585271,0.716608405585271,0.0361500662035554,9.99138411892337e-07,0.0361500662035554,-0.00227235131132911,0.5,2.76386329769451e-05,0.0628588423195091,1,29.5408493039642
CBC_1108,CBC_1108_MSI_AV_v3_Vset6_Aset1_2024-05-11_15h05.16.460.csv,2,36,2,1,b,1,0,3,aud,C,9,1,2C,1C,1,0,z,2.44073659999776,0,1,0,0,1C,2C,C21,3.93182563272433,0.963850932934856,0.0338777148922263,0.284597933592376,0.249950361662377,0.00662410868043771,0.930959163241733,0.49997236174897,0.283936729831975,0.110953334462781,0.5,0.979612120567461,0.019106849021247,0.322021481407223,0.036809678946401,0.104365031705421,0.96072239355243,0.0203878794325387,0.979612120567461,0.0203878794325387,0.979612120567461,0.277033541605578,0.277033541605578,-0.0203878794325387,-5.63493116814146e-07,-0.0203878794325387,0.00128155849847912,0.5,2.76386329769451e-05,0.0628588423195091,1,29.5408493039642
CBC_1108,CBC_1108_MSI_AV_v3_Vset6_Aset1_2024-05-11_15h05.16.460.csv,2,37,0,1,b,1,0,2,aud,A,63,1,0A,1A,1,0,b,2.66908079999848,1,0,1,1,0A,1A,A01,2.85263142991332,0.963850932934856,0.0338777148922263,0.284597933592376,0.249950361662377,0.00662410868043771,0.930959163241733,0.49997236174897,0.283936729831975,0.110953334462781,0.0203873159394219,0.98089367906594,0.019106849021247,0.322021481407223,0.036809678946401,0.104365031705421,0.96072239355243,0.998686595647609,0.00131340435239069,0.998686595647609,0.00131340435239069,0.730541803334401,0.730541803334401,0.00131340435239069,3.63007008460486e-08,0.00131340435239069,-8.25590770886834e-05,0.5,2.76386329769451e-05,0.0628588423195091,1,29.5408493039642
CBC_1108,CBC_1108_MSI_AV_v3_Vset6_Aset1_2024-05-11_15h05.16.460.csv,2,38,1,3,z,0,1,1,aud,D,27,1,1D,3D,0,1,z,2.31802809999863,0,1,1,1,3D,1D,D13,3.27714473299218,0.99868663194831,0.00123084527530201,0.284597933592376,0.249950361662377,0.00662410868043771,0.930959163241733,0.49997236174897,0.283936729831975,0.110953334462781,0.0203873159394219,0.98089367906594,0.019106849021247,0.322021481407223,0.036809678946401,0.104365031705421,0.96072239355243,0.998440020107208,0.00155997989279244,0.998440020107208,0.00155997989279244,0.730444715272791,0.730444715272791,0.00155997989279244,4.31157117083045e-08,0.00155997989279244,-9.80585301026448e-05,0.5,2.76386329769451e-05,0.0628588423195091,1,29.5408493039642
CBC_1108,CBC_1108_MSI_AV_v3_Vset6_Aset1_2024-05-11_15h05.16.460.csv,2,39,1,0,b,1,0,0,aud,B,63,1,1B,0B,1,0,b,1.24735149999833,1,0,1,1,1B,0B,B10,3.29583686600433,0.99868663194831,0.00123084527530201,0.284597933592376,0.249950361662377,0.00662410868043771,0.930959163241733,0.49997236174897,0.283936729831975,0.110953334462781,0.0203873159394219,0.98089367906594,0.019106849021247,0.322021481407223,0.0014619213626898,0.104365031705421,0.998440063222919,0.999505718299701,0.000494281700299415,0.999505718299701,0.000494281700299415,0.730864170878662,0.730864170878662,0.000494281700299415,1.36612705017959e-08,0.000494281700299415,-3.10699754605398e-05,0.5,2.76386329769451e-05,0.0628588423195091,1,29.5408493039642
CBC_1108,CBC_1108_MSI_AV_v3_Vset6_Aset1_2024-05-11_15h05.16.460.csv,2,40,3,2,z,0,1,3,aud,C,63,0,3C,2C,1,0,b,2.83424200000081,1,0,0,1,3C,2C,C32,2.90872089656436,0.99868663194831,0.00123084527530201,0.284597933592376,0.249950361662377,0.000463211724838875,0.999505731960971,0.49997236174897,0.283936729831975,0.110953334462781,0.0203873159394219,0.98089367906594,0.019106849021247,0.322021481407223,0.0014619213626898,0.104365031705421,0.998440063222919,0.000379278087742703,0.999620721912257,0.000379278087742703,0.999620721912257,0.269090588703672,0.269090588703672,0.999620721912257,2.76281502490818e-05,0.999620721912257,-0.0628350013379965,0.5,2.76386329769451e-05,0.0628588423195091,1,29.5408493039642
CBC_1108,CBC_1108_MSI_AV_v3_Vset6_Aset1_2024-05-11_15h05.16.460.csv,2,41,0,2,b,1,0,2,aud,A,27,1,0A,2A,1,0,z,2.31086789999972,0,1,0,0,2A,0A,A02,3.3322045101752,0.99868663194831,0.00123084527530201,0.284597933592376,0.249950361662377,0.000463211724838875,0.999505731960971,0.49997236174897,0.283936729831975,0.110953334462781,0.0203873159394219,0.936785720574261,0.000406906237991784,0.322021481407223,0.0014619213626898,0.104365031705421,0.998440063222919,0.000522891539524489,0.999477108460476,0.000522891539524489,0.999477108460476,0.269147084480022,0.269147084480022,-0.000522891539524489,-1.44520073476671e-08,-0.00052289153952445,3.28683568331728e-05,0.5,2.76386329769451e-05,0.0628588423195091,1,29.5408493039642
CBC_1108,CBC_1108_MSI_AV_v3_Vset6_Aset1_2024-05-11_15h05.16.460.csv,2,42,2,3,z,0,1,1,aud,D,63,1,2D,3D,0,1,b,1.83770949999962,1,0,0,0,2D,3D,D23,4.04305126783455,0.999509976817309,0.00123084527530201,0.000522877087517141,0.249950361662377,0.000463211724838875,0.999505731960971,0.49997236174897,0.283936729831975,0.110953334462781,0.0203873159394219,0.936785720574261,0.000406906237991784,0.322021481407223,0.0014619213626898,0.104365031705421,0.998440063222919,0.000182024525054604,0.999817975474945,0.000182024525054604,0.999817975474945,0.269013003778014,0.269013003778014,-0.000182024525054604,-5.03090904078695e-09,-0.000182024525054558,1.1441850918688e-05,0.5,2.76386329769451e-05,0.0628588423195091,1,29.5408493039642
CBC_1108,CBC_1108_MSI_AV_v3_Vset6_Aset1_2024-05-11_15h05.16.460.csv,2,43,1,3,b,1,0,0,aud,B,27,1,1B,3B,1,0,b,0.622319999998581,1,0,1,1,1B,3B,B13,3.36729582998647,0.999509976817309,0.00123084527530201,0.000522877087517141,0.249950361662377,0.000463211724838875,0.999505731960971,0.49997236174897,0.283936729831975,0.110953334462781,0.0203873159394219,0.936785720574261,0.000406906237991784,0.322021481407223,0.0014619213626898,0.000182019494145563,0.999829417325864,0.999803952067267,0.000196047932732868,0.999803952067267,0.000196047932732868,0.730981480920037,0.730981480920037,0.000196047932732868,5.41849685869256e-09,0.000196047932732868,-1.23233460907211e-05,0.5,2.76386329769451e-05,0.0628588423195091,1,29.5408493039642
CBC_1108,CBC_1108_MSI_AV_v3_Vset6_Aset1_2024-05-11_15h05.16.460.csv,2,44,3,2,z,0,1,3,aud,C,63,1,3C,2C,0,1,z,2.27132699999856,0,1,1,1,2C,3C,C32,2.69124308278583,0.999509976817309,0.00123084527530201,0.000522877087517141,0.249950361662377,0.000463211724838875,0.999803957485764,0.49997236174897,0.000183724586642147,0.110953334462781,0.0203873159394219,0.936785720574261,0.000406906237991784,0.322021481407223,0.0014619213626898,0.000182019494145563,0.999829417325864,0.999972531553328,2.74684466716746e-05,0.999972531553328,2.74684466716746e-05,0.731047777244092,0.731047777244092,2.74684466716746e-05,7.59190316005204e-10,2.74684466716746e-05,-1.72663475809664e-06,0.5,2.76386329769451e-05,0.0628588423195091,1,29.5408493039642
