ID;EPIfilename;run;logfile;session;modality;stimType;version
CBC_1001;mr5225_cbc_1001_20230608_114505_3_1_epi_msi_av_44slices_v3.nii;20230608_114505_3_1;CBC_1001_MSI_AV_v3_Vset4_Aset2_2023-06-08_11h37.59.527.csv;1;av;env;v3
CBC_1001;mr5225_cbc_1001_20230608_120017_5_1_epi_msi_tv_44slices_v3.nii;20230608_120017_5_1;CBC_1001_MSI_TV_v3_Vset1_Tset1_2023-06-08_11h53.34.814.csv;2;tv;vib;v3
CBC_1001;mr5225_cbc_1001_20230608_125148_10_1_epi_msi_av_44slices_v3.nii;20230608_125148_10_1;CBC_1001_MSI_AV_v3_Vset6_Aset1_2023-06-08_12h45.15.645.csv;3;av;env;v3
CBC_1001;mr5225_cbc_1001_20230608_130008_11_1_epi_msi_tv_44slices_v3.nii;20230608_130008_11_1;CBC_1001_MSI_TV_v3_Vset3_Tset2_2023-06-08_12h53.37.433.csv;4;tv;vib;v3
CBC_1002;mr5215_cbc_1002_20230531_162026_3_1_epi_msi_tv_44slices_v3.nii;20230531_162026_3_1;CBC_1002_MSI_TV_v3_Vset1_Tset3_2023-05-31_16h13.57.205.csv;1;tv;vib;v3
CBC_1002;mr5215_cbc_1002_20230531_162831_4_1_epi_msi_av_44slices_v3.nii;20230531_162831_4_1;CBC_1002_MSI_AV_v3_Vset4_Aset2_2023-05-31_16h22.12.197.csv;2;av;env;v3
CBC_1002;mr5215_cbc_1002_20230531_171903_9_1_epi_msi_tv_44slices_v3.nii;20230531_171903_9_1;CBC_1002_MSI_TV_v3_Vset6_Tset1_2023-05-31_17h12.40.954.csv;3;tv;vib;v3
CBC_1002;mr5215_cbc_1002_20230531_172705_10_1_epi_msi_av_44slices_v3.nii;20230531_172705_10_1;CBC_1002_MSI_AV_v3_Vset3_Aset1_2023-05-31_17h20.54.856.csv;4;av;env;v3
CBC_1003;mr5231_cbc_1003_20230614_150255_3_1_epi_msi_av_44slices_v3.nii;20230614_150255_3_1;CBC_1003_MSI_AV_v3_Vset4_Aset3_2023-06-14_14h56.33.053.csv;1;av;env;v3
CBC_1003;mr5231_cbc_1003_20230614_152034_6_1_epi_msi_tv_44slices_v3.nii;20230614_152034_6_1;CBC_1003_MSI_TV_v3_Vset2_Tset1_2023-06-14_15h14.11.996.csv;2;tv;vib;v3
CBC_1003;mr5231_cbc_1003_20230614_162810_12_1_epi_msi_tv_44slices_v3.nii;20230614_162810_12_1;CBC_1003_MSI_TV_v3_Vset5_Tset3_2023-06-14_16h21.52.910.csv;3;tv;vib;v3
CBC_1004;mr5227_cbc_1004_20230610_094238_4_1_epi_msi_tv_44slices_v3.nii;20230610_094238_4_1;CBC_1004_MSI_TV_v3_Vset3_Tset2_2023-06-10_09h36.21.990.csv;1;tv;vib;v3
CBC_1005;mr5220_cbc_1005_20230603_125314_3_1_epi_msi_av_44slices_v3.nii;20230603_125314_3_1;CBC_1005_MSI_AV_v3_Vset5_Aset2_2023-06-03_12h46.50.942.csv;1;av;env;v3
CBC_1005;mr5220_cbc_1005_20230603_130152_4_1_epi_msi_tv_44slices_v3.nii;20230603_130152_4_1;CBC_1005_MSI_TV_v3_Vset2_Tset1_2023-06-03_12h55.30.379.csv;2;tv;vib;v3
CBC_1005;mr5220_cbc_1005_20230603_142146_9_1_epi_msi_av_44slices_v3.nii;20230603_142146_9_1;CBC_1005_MSI_AV_v3_Vset6_Aset3_2023-06-03_14h15.22.631.csv;3;av;env;v3
CBC_1005;mr5220_cbc_1005_20230603_142959_10_1_epi_msi_tv_44slices_v3.nii;20230603_142959_10_1;CBC_1005_MSI_TV_v3_Vset3_Tset2_2023-06-03_14h23.46.710.csv;4;tv;vib;v3
CBC_1006;mr5219_cbc_1006_20230603_120608_3_1_epi_msi_av_44slices_v3.nii;20230603_120608_3_1;CBC_1006_MSI_AV_v3_Vset1_Aset3_2023-06-03_11h59.24.512.csv;1;av;env;v3
CBC_1006;mr5219_cbc_1006_20230603_121413_4_1_epi_msi_tv_44slices_v3.nii;20230603_121413_4_1;CBC_1006_MSI_TV_v3_Vset4_Tset3_2023-06-03_12h08.01.236.csv;2;tv;vib;v3
CBC_1006;mr5219_cbc_1006_20230603_134028_9_1_epi_msi_av_44slices_v3.nii;20230603_134028_9_1;CBC_1006_MSI_AV_v3_Vset2_Aset2_2023-06-03_13h33.59.045.csv;3;av;env;v3
CBC_1006;mr5219_cbc_1006_20230603_134847_10_1_epi_msi_tv_44slices_v3.nii;20230603_134847_10_1;CBC_1006_MSI_TV_v3_Vset5_Tset1_2023-06-03_13h42.16.778.csv;4;tv;vib;v3
CBC_1007;mr5242_cbc_1007_20230621_160623_10_1_epi_msi_av_44slices_v3.nii;20230621_160623_10_1;CBC_1007_MSI_AV_v3_Vset2_Aset1_2023-06-21_15h59.48.192.csv;1;av;env;v3
CBC_1007;mr5242_cbc_1007_20230621_161423_11_1_epi_msi_tv_44slices_v3.nii;20230621_161423_11_1;CBC_1007_MSI_TV_v3_Vset5_Tset1_2023-06-21_16h08.10.582.csv;2;tv;vib;v3
CBC_1007;mr5242_cbc_1007_20230621_163049_16_1_epi_msi_av_44slices_v3.nii;20230621_163049_16_1;CBC_1007_MSI_AV_v3_Vset4_Aset2_2023-06-21_16h24.09.852.csv;3;av;env;v3
CBC_1007;mr5242_cbc_1007_20230621_165712_19_1_epi_msi_tv_44slices_v3.nii;20230621_165712_19_1;CBC_1007_MSI_TV_v3_Vset1_Tset3_2023-06-21_16h50.43.207.csv;4;tv;vib;v3
CBC_1008;mr5238_cbc_1008_20230618_152238_3_1_epi_msi_tv_44slices_v3.nii;20230618_152238_3_1;CBC_1008_MSI_TV_v3_Vset5_Tset1_2023-06-18_15h16.01.203.csv;1;tv;vib;v3
CBC_1008;mr5238_cbc_1008_20230618_154126_7_1_epi_msi_av_44slices_v3.nii;20230618_154126_7_1;CBC_1008_MSI_AV_v3_Vset2_Aset1_2023-06-18_15h34.41.960.csv;2;av;env;v3
CBC_1008;mr5238_cbc_1008_20230618_172542_12_1_epi_msi_tv_44slices_v3.nii;20230618_172542_12_1;CBC_1008_MSI_TV_v3_Vset4_Tset3_2023-06-18_17h18.54.308.csv;3;tv;vib;v3
CBC_1008;mr5238_cbc_1008_20230618_173400_13_1_epi_msi_av_44slices_v3.nii;20230618_173400_13_1;CBC_1008_MSI_AV_v3_Vset1_Aset3_2023-06-18_17h27.44.269.csv;4;av;env;v3
CBC_1009;mr5237_cbc_1009_20230618_144810_5_1_epi_msi_av_44slices_v3.nii;20230618_144810_5_1;CBC_1009_MSI_AV_v3_Vset3_Aset3_2023-06-18_14h41.39.214.csv;1;av;env;v3
CBC_1009;mr5237_cbc_1009_20230618_161939_9_1_epi_msi_tv_44slices_v3.nii;20230618_161939_9_1;CBC_1009_MSI_TV_v3_Vset6_Tset3_2023-06-18_16h12.59.856.csv;2;tv;vib;v3
CBC_1009;mr5237_cbc_1009_20230618_162855_10_1_epi_msi_av_44slices_v3.nii;20230618_162855_10_1;CBC_1009_MSI_AV_v3_Vset5_Aset2_2023-06-18_16h22.35.311.csv;3;av;env;v3
CBC_1009;mr5237_cbc_1009_20230618_170604_15_1_epi_msi_tv_44slices_v3.nii;20230618_170604_15_1;CBC_1009_MSI_TV_v3_Vset2_Tset2_2023-06-18_16h59.29.656.csv;4;tv;vib;v3
CBC_1010;mr5462_cbc_1010_20240320_151753_3_1_epi_msi_tv_44slices_v3.nii;20240320_151753_3_1;CBC_1010_MSI_TV_v3_Vset6_Tset3_2024-03-20_15h09.46.455.csv;1;tv;vib;v3
CBC_1010;mr5462_cbc_1010_20240320_152635_4_1_epi_msi_av_44slices_v3.nii;20240320_152635_4_1;CBC_1010_MSI_AV_v3_Vset5_Aset6_2024-03-20_15h18.38.614.csv;2;av;syll;v3
CBC_1010;mr5462_cbc_1010_20240320_163651_9_1_epi_msi_av_44slices_v3.nii;20240320_163651_9_1;CBC_1010_MSI_AV_v3_Vset4_Aset1_2024-03-20_16h28.37.956.csv;3;av;env;v3
CBC_1011;mr5463_cbc_1011_20240320_142820_3_1_epi_msi_av_44slices_v3.nii;20240320_142820_3_1;CBC_1011_MSI_AV_v3_Vset1_Aset5_2024-03-20_14h20.09.029.csv;1;av;syll;v3
CBC_1011;mr5463_cbc_1011_20240320_143654_4_1_epi_msi_tv_44slices_v3.nii;20240320_143654_4_1;CBC_1011_MSI_TV_v3_Vset2_Tset3_2024-03-20_14h28.58.206.csv;2;tv;vib;v3
CBC_1011;mr5463_cbc_1011_20240320_160134_9_1_epi_msi_av_44slices_v3.nii;20240320_160134_9_1;CBC_1011_MSI_AV_v3_Vset3_Aset2_2024-03-20_15h53.25.911.csv;3;av;env;v3
CBC_1012;mr5243_cbc_1012_20230623_154410_4_1_epi_msi_tv_44slices_v3.nii;20230623_154410_4_1;CBC_1012_MSI_TV_v3_Vset2_Tset1_2023-06-23_15h37.46.617.csv;1;tv;vib;v3
CBC_1012;mr5243_cbc_1012_20230623_160934_8_1_epi_msi_av_44slices_v3.nii;20230623_160934_8_1;CBC_1012_MSI_AV_v3_Vset5_Aset1_2023-06-23_16h03.04.797.csv;2;av;env;v3
CBC_1013;mr5244_cbc_1013_20230623_143111_3_1_epi_msi_av_44slices_v3.nii;20230623_143111_3_1;CBC_1013_MSI_AV_v3_Vset5_Aset2_2023-06-23_14h24.40.256.csv;1;av;env;v3
CBC_1013;mr5244_cbc_1013_20230623_143938_4_1_epi_msi_tv_44slices_v3.nii;20230623_143938_4_1;CBC_1013_MSI_TV_v3_Vset2_Tset1_2023-06-23_14h33.16.590.csv;2;tv;vib;v3
CBC_1013;mr5244_cbc_1013_20230623_150733_8_1_epi_msi_tv_44slices_v3.nii;20230623_150733_8_1;CBC_1013_MSI_TV_v3_Vset4_Tset2_2023-06-23_15h01.09.889.csv;3;tv;vib;v3
CBC_1013;mr5244_cbc_1013_20230623_165630_11_1_epi_msi_av_44slices_v3.nii;20230623_165630_11_1;CBC_1013_MSI_AV_v3_Vset3_Aset1_2023-06-23_16h50.00.877.csv;4;av;env;v3
CBC_1013;mr5244_cbc_1013_20230623_170442_12_1_epi_msi_tv_44slices_v3.nii;20230623_170442_12_1;CBC_1013_MSI_TV_v3_Vset6_Tset3_2023-06-23_16h58.24.978.csv;5;tv;vib;v3
CBC_1014;mr5245_cbc_1014_20230625_104900_3_1_epi_msi_tv_44slices_v3.nii;20230625_104900_3_1;CBC_1014_MSI_TV_v3_Vset4_Tset3_2023-06-25_10h42.28.156.csv;1;tv;vib;v3
CBC_1014;mr5245_cbc_1014_20230625_105721_4_1_epi_msi_av_44slices_v3.nii;20230625_105721_4_1;CBC_1014_MSI_AV_v3_Vset1_Aset1_2023-06-25_10h51.07.076.csv;2;av;env;v3
CBC_1014;mr5245_cbc_1014_20230625_123547_9_1_epi_msi_tv_44slices_v3.nii;20230625_123547_9_1;CBC_1014_MSI_TV_v3_Vset3_Tset1_2023-06-25_12h29.13.889.csv;3;tv;vib;v3
CBC_1014;mr5245_cbc_1014_20230625_124411_10_1_epi_msi_av_44slices_v3.nii;20230625_124411_10_1;CBC_1014_MSI_AV_v3_Vset6_Aset3_2023-06-25_12h37.50.287.csv;4;av;env;v3
CBC_1014;mr5245_cbc_1014_20230625_125916_12_1_epi_msi_av_44slices_v3.nii;20230625_125916_12_1;CBC_1014_MSI_AV_v3_Vset5_Aset2_2023-06-25_12h52.52.235.csv;5;av;env;v3
CBC_1015;mr5246_cbc_1015_20230625_141040_3_1_epi_msi_av_44slices_v3.nii;20230625_141040_3_1;CBC_1015_MSI_AV_v3_Vset1_Aset2_2023-06-25_14h04.10.751.csv;1;av;env;v3
CBC_1015;mr5246_cbc_1015_20230625_141850_4_1_epi_msi_tv_44slices_v3.nii;20230625_141850_4_1;CBC_1015_MSI_TV_v3_Vset4_Tset3_2023-06-25_14h12.36.349.csv;2;tv;vib;v3
CBC_1015;mr5246_cbc_1015_20230625_155827_9_1_epi_msi_av_44slices_v3.nii;20230625_155827_9_1;CBC_1015_MSI_AV_v3_Vset2_Aset3_2023-06-25_15h52.10.699.csv;3;av;env;v3
CBC_1015;mr5246_cbc_1015_20230625_160637_10_1_epi_msi_tv_44slices_v3.nii;20230625_160637_10_1;CBC_1015_MSI_TV_v3_Vset5_Tset2_2023-06-25_16h00.28.888.csv;4;tv;vib;v3
CBC_1016;mr5247_cbc_1016_20230625_150249_3_1_epi_msi_tv_44slices_v3.nii;20230625_150249_3_1;CBC_1016_MSI_TV_v3_Vset2_Tset3_2023-06-25_14h56.17.212.csv;1;tv;vib;v3
CBC_1016;mr5247_cbc_1016_20230625_151110_4_1_epi_msi_av_44slices_v3.nii;20230625_151110_4_1;CBC_1016_MSI_AV_v3_Vset5_Aset2_2023-06-25_15h04.51.235.csv;2;av;env;v3
CBC_1016;mr5247_cbc_1016_20230625_152616_6_1_epi_msi_av_44slices_v3.nii;20230625_152616_6_1;CBC_1016_MSI_AV_v3_Vset4_Aset1_2023-06-25_15h20.06.953.csv;3;av;env;v3
CBC_1016;mr5247_cbc_1016_20230625_163933_10_1_epi_msi_tv_44slices_v3.nii;20230625_163933_10_1;CBC_1016_MSI_TV_v3_Vset3_Tset2_2023-06-25_16h33.10.466.csv;4;tv;vib;v3
CBC_1016;mr5247_cbc_1016_20230625_164742_11_1_epi_msi_av_44slices_v3.nii;20230625_164742_11_1;CBC_1016_MSI_AV_v3_Vset6_Aset3_2023-06-25_16h41.28.303.csv;5;av;env;v3
CBC_1017;mr5248_cbc_1017_20230625_095432_4_1_epi_msi_tv_44slices_v3.nii;20230625_095432_4_1;CBC_1017_MSI_TV_v3_Vset5_Tset1_2023-06-25_09h48.15.887.csv;1;tv;vib;v3
CBC_1017;mr5248_cbc_1017_20230625_101020_6_1_epi_msi_av_44slices_v3.nii;20230625_101020_6_1;CBC_1017_MSI_AV_v3_Vset3_Aset3_2023-06-25_10h04.01.692.csv;2;av;env;v3
CBC_1017;mr5248_cbc_1017_20230625_113818_10_1_epi_msi_av_44slices_v3.nii;20230625_113818_10_1;CBC_1017_MSI_AV_v3_Vset1_Aset2_2023-06-25_11h31.46.540.csv;3;av;env;v3
CBC_1017;mr5248_cbc_1017_20230625_115559_12_1_epi_msi_tv_44slices_v3.nii;20230625_115559_12_1;CBC_1017_MSI_TV_v3_Vset6_Tset2_2023-06-25_11h49.37.760.csv;4;tv;vib;v3
CBC_1018;mr5289_cbc_1018_20230728_140743_3_1_epi_msi_tv_44slices_v3.nii;20230728_140743_3_1;CBC_1018_MSI_TV_v3_Vset2_Tset2_2023-07-28_14h00.56.927.csv;1;tv;vib;v3
CBC_1018;mr5289_cbc_1018_20230728_141620_4_1_epi_msi_av_44slices_v3.nii;20230728_141620_4_1;CBC_1018_MSI_AV_v3_Vset5_Aset3_2023-07-28_14h09.48.835.csv;2;av;env;v3
CBC_1018;mr5289_cbc_1018_20230728_143330_6_1_epi_msi_av_44slices_v3.nii;20230728_143330_6_1;CBC_1018_MSI_AV_v3_Vset6_Aset2_2023-07-28_14h27.02.226.csv;3;av;env;v3
CBC_1018;mr5289_cbc_1018_20230728_151834_10_1_epi_msi_tv_44slices_v3.nii;20230728_151834_10_1;CBC_1018_MSI_TV_v3_Vset1_Tset3_2023-07-28_15h11.50.359.csv;4;tv;vib;v3
CBC_1018;mr5289_cbc_1018_20230728_152714_11_1_epi_msi_av_44slices_v3.nii;20230728_152714_11_1;CBC_1018_MSI_AV_v3_Vset4_Aset1_2023-07-28_15h20.37.012.csv;5;av;env;v3
CBC_1019;mr5253_cbc_1019_20230628_161517_3_1_epi_msi_av_44slices_v3.nii;20230628_161517_3_1;CBC_1019_MSI_AV_v3_Vset2_Aset1_2023-06-28_16h08.36.821.csv;1;av;env;v3
CBC_1019;mr5253_cbc_1019_20230628_162341_4_1_epi_msi_tv_44slices_v3.nii;20230628_162341_4_1;CBC_1019_MSI_TV_v3_Vset5_Tset2_2023-06-28_16h17.24.850.csv;2;tv;vib;v3
CBC_1019;mr5253_cbc_1019_20230628_175650_9_1_epi_msi_av_44slices_v3.nii;20230628_175650_9_1;CBC_1019_MSI_AV_v3_Vset4_Aset3_2023-06-28_17h50.15.634.csv;3;av;env;v3
CBC_1019;mr5253_cbc_1019_20230628_180638_10_1_epi_msi_tv_44slices_v3.nii;20230628_180638_10_1;CBC_1019_MSI_TV_v3_Vset1_Tset3_2023-06-28_18h00.13.129.csv;4;tv;vib;v3
CBC_1020;mr5252_cbc_1020_20230628_151003_4_1_epi_msi_tv_44slices_v3.nii;20230628_151003_4_1;CBC_1020_MSI_TV_v3_Vset1_Tset2_2023-06-28_15h03.37.595.csv;1;tv;vib;v3
CBC_1020;mr5252_cbc_1020_20230628_151859_5_1_epi_msi_av_44slices_v3.nii;20230628_151859_5_1;CBC_1020_MSI_AV_v3_Vset6_Aset1_2023-06-28_15h13.22.031.csv;2;av;env;v3
CBC_1020;mr5252_cbc_1020_20230628_170222_10_1_epi_msi_tv_44slices_v3.nii;20230628_170222_10_1;CBC_1020_MSI_TV_v3_Vset5_Tset1_2023-06-28_16h55.43.253.csv;3;tv;vib;v3
CBC_1020;mr5252_cbc_1020_20230628_171051_11_1_epi_msi_av_44slices_v3.nii;20230628_171051_11_1;CBC_1020_MSI_AV_v3_Vset2_Aset2_2023-06-28_17h04.34.667.csv;4;av;env;v3
CBC_1020;mr5252_cbc_1020_20230628_172604_13_1_epi_msi_av_44slices_v3.nii;20230628_172604_13_1;CBC_1020_MSI_AV_v3_Vset4_Aset3_2023-06-28_17h19.47.712.csv;5;av;env;v3
CBC_1021;mr5277_cbc_1021_20230718_144738_3_1_epi_msi_av_44slices_v3.nii;20230718_144738_3_1;CBC_1021_MSI_AV_v3_Vset5_Aset2_2023-07-18_14h40.56.369.csv;1;av;env;v3
CBC_1021;mr5277_cbc_1021_20230718_145606_4_1_epi_msi_tv_44slices_v3.nii;20230718_145606_4_1;CBC_1021_MSI_TV_v3_Vset2_Tset3_2023-07-18_14h49.36.888.csv;2;tv;vib;v3
CBC_1021;mr5277_cbc_1021_20230718_162243_9_1_epi_msi_av_44slices_v3.nii;20230718_162243_9_1;CBC_1021_MSI_AV_v3_Vset4_Aset3_2023-07-18_16h15.57.561.csv;3;av;env;v3
CBC_1021;mr5277_cbc_1021_20230718_163103_10_1_epi_msi_tv_44slices_v3.nii;20230718_163103_10_1;CBC_1021_MSI_TV_v3_Vset1_Tset2_2023-07-18_16h24.41.177.csv;4;tv;vib;v3
CBC_1022;mr5278_cbc_1022_20230718_134257_3_1_epi_msi_tv_44slices_v3.nii;20230718_134257_3_1;CBC_1022_MSI_TV_v3_Vset1_Tset1_2023-07-18_13h36.12.008.csv;1;tv;vib;v3
CBC_1022;mr5278_cbc_1022_20230718_135126_4_1_epi_msi_av_44slices_v3.nii;20230718_135126_4_1;CBC_1022_MSI_AV_v3_Vset4_Aset1_2023-07-18_13h44.55.295.csv;2;av;env;v3
CBC_1022;mr5278_cbc_1022_20230718_153933_9_1_epi_msi_tv_44slices_v3.nii;20230718_153933_9_1;CBC_1022_MSI_TV_v3_Vset3_Tset3_2023-07-18_15h32.56.687.csv;3;tv;vib;v3
CBC_1023;mr5551_cbc_1023_20240524_142148_4_1_epi_msi_tv_44slices_v3.nii;20240524_142148_4_1;CBC_1023_MSI_TV_v3_Vset6_Tset3_2024-05-24_14h20.55.260.csv;1;tv;vib;v3
CBC_1023;mr5551_cbc_1023_20240524_143014_5_1_epi_msi_av_44slices_v3.nii;20240524_143014_5_1;CBC_1023_MSI_AV_v3_Vset5_Aset1_2024-05-24_14h29.23.210.csv;2;av;env;v3
CBC_1023;mr5551_cbc_1023_20240524_152807_10_1_epi_msi_av_44slices_v3.nii;20240524_152807_10_1;CBC_1023_MSI_AV_v3_Vset4_Aset6_2024-05-24_15h26.58.267.csv;3;av;syll;v3
CBC_1023;mr5551_cbc_1023_20240524_153632_11_1_epi_msi_av_44slices_v3.nii;20240524_153632_11_1;CBC_1023_MSI_AV_v3_Vset3_Aset2_2024-05-24_15h35.45.193.csv;4;av;env;v3
CBC_1024;mr5261_cbc_1024_20230705_150950_3_1_epi_msi_tv_44slices_v3.nii;20230705_150950_3_1;CBC_1024_MSI_TV_v3_Vset3_Tset1_2023-07-05_15h02.58.307.csv;1;tv;vib;v3
CBC_1024;mr5261_cbc_1024_20230705_151831_4_1_epi_msi_av_44slices_v3.nii;20230705_151831_4_1;CBC_1024_MSI_AV_v3_Vset6_Aset3_2023-07-05_15h12.04.977.csv;2;av;env;v3
CBC_1024;mr5261_cbc_1024_20230705_161423_10_1_epi_msi_tv_44slices_v3.nii;20230705_161423_10_1;CBC_1024_MSI_TV_v3_Vset1_Tset2_2023-07-05_16h07.59.104.csv;3;tv;vib;v3
CBC_1024;mr5261_cbc_1024_20230705_162313_11_1_epi_msi_av_44slices_v3.nii;20230705_162313_11_1;CBC_1024_MSI_AV_v3_Vset4_Aset2_2023-07-05_16h16.42.189.csv;4;av;env;v3
CBC_1026;mr5279_cbc_1026_20230720_115435_3_1_epi_msi_tv_44slices_v3.nii;20230720_115435_3_1;CBC_1026_MSI_TV_v3_Vset6_Tset1_2023-07-20_11h47.13.772.csv;1;tv;vib;v3
CBC_1026;mr5279_cbc_1026_20230720_120305_4_1_epi_msi_av_44slices_v3.nii;20230720_120305_4_1;CBC_1026_MSI_AV_v3_Vset3_Aset2_2023-07-20_11h56.22.418.csv;2;av;env;v3
CBC_1026;mr5279_cbc_1026_20230720_130218_9_1_epi_msi_tv_44slices_v3.nii;20230720_130218_9_1;CBC_1026_MSI_TV_v3_Vset4_Tset3_2023-07-20_12h55.31.545.csv;3;tv;vib;v3
CBC_1026;mr5279_cbc_1026_20230720_131033_10_1_epi_msi_av_44slices_v3.nii;20230720_131033_10_1;CBC_1026_MSI_AV_v3_Vset1_Aset3_2023-07-20_13h03.59.061.csv;4;av;env;v3
CBC_1027;mr5281_cbc_1027_20230721_163418_3_1_epi_msi_av_44slices_v3.nii;20230721_163418_3_1;CBC_1027_MSI_AV_v3_Vset5_Aset1_2023-07-21_16h27.29.899.csv;1;av;env;v3
CBC_1027;mr5281_cbc_1027_20230721_164238_4_1_epi_msi_tv_44slices_v3.nii;20230721_164238_4_1;CBC_1027_MSI_TV_v3_Vset2_Tset2_2023-07-21_16h36.05.936.csv;2;tv;vib;v3
CBC_1027;mr5281_cbc_1027_20230721_180338_10_1_epi_msi_av_44slices_v3.nii;20230721_180338_10_1;CBC_1027_MSI_AV_v3_Vset6_Aset2_2023-07-21_17h56.54.977.csv;3;av;env;v3
CBC_1027;mr5281_cbc_1027_20230721_181203_11_1_epi_msi_tv_44slices_v3.nii;20230721_181203_11_1;CBC_1027_MSI_TV_v3_Vset3_Tset3_2023-07-21_18h05.28.896.csv;4;tv;vib;v3
CBC_1028;mr5282_cbc_1028_20230721_135507_3_1_epi_msi_tv_44slices_v3.nii;20230721_135507_3_1;CBC_1028_MSI_TV_v3_Vset6_Tset3_2023-07-21_13h48.20.813.csv;1;tv;vib;v3
CBC_1028;mr5282_cbc_1028_20230721_140645_5_1_epi_msi_av_44slices_v3.nii;20230721_140645_5_1;CBC_1028_MSI_AV_v3_Vset3_Aset1_2023-07-21_14h00.16.706.csv;2;av;env;v3
CBC_1028;mr5282_cbc_1028_20230721_142159_7_1_epi_msi_tv_44slices_v3.nii;20230721_142159_7_1;CBC_1028_MSI_TV_v3_Vset1_Tset2_2023-07-21_14h15.28.088.csv;3;tv;vib;v3
CBC_1028;mr5282_cbc_1028_20230721_154733_11_1_epi_msi_tv_44slices_v3.nii;20230721_154733_11_1;CBC_1028_MSI_TV_v3_Vset5_Tset1_2023-07-21_15h40.51.865.csv;4;tv;vib;v3
CBC_1028;mr5282_cbc_1028_20230721_155555_12_1_epi_msi_av_44slices_v3.nii;20230721_155555_12_1;CBC_1028_MSI_AV_v3_Vset2_Aset3_2023-07-21_15h49.22.200.csv;5;av;env;v3
CBC_1029;mr5283_cbc_1029_20230721_145747_3_1_epi_msi_av_44slices_v3.nii;20230721_145747_3_1;CBC_1029_MSI_AV_v3_Vset2_Aset2_2023-07-21_14h51.03.497.csv;1;av;env;v3
CBC_1029;mr5283_cbc_1029_20230721_150615_4_1_epi_msi_tv_44slices_v3.nii;20230721_150615_4_1;CBC_1029_MSI_TV_v3_Vset5_Tset2_2023-07-21_14h59.39.665.csv;2;tv;vib;v3
CBC_1029;mr5283_cbc_1029_20230721_172307_9_1_epi_msi_av_44slices_v3.nii;20230721_172307_9_1;CBC_1029_MSI_AV_v3_Vset6_Aset1_2023-07-21_17h16.24.897.csv;3;av;env;v3
CBC_1029;mr5283_cbc_1029_20230721_173140_10_1_epi_msi_tv_44slices_v3.nii;20230721_173140_10_1;CBC_1029_MSI_TV_v3_Vset3_Tset1_2023-07-21_17h25.06.255.csv;4;tv;vib;v3
CBC_1030;mr5340_cbc_1030_20230823_151132_3_1_epi_msi_tv_44slices_v3.nii;20230823_151132_3_1;CBC_1030_MSI_TV_v3_Vset3_Tset1_2023-08-23_15h04.35.874.csv;1;tv;vib;v3
CBC_1030;mr5340_cbc_1030_20230823_152003_4_1_epi_msi_av_44slices_v3.nii;20230823_152003_4_1;CBC_1030_MSI_AV_v3_Vset6_Aset3_2023-08-23_15h13.18.002.csv;2;av;env;v3
CBC_1030;mr5340_cbc_1030_20230823_160137_9_1_epi_msi_tv_44slices_v3.nii;20230823_160137_9_1;CBC_1030_MSI_TV_v3_Vset4_Tset3_2023-08-23_15h54.43.458.csv;3;tv;vib;v3
CBC_1030;mr5340_cbc_1030_20230823_161015_10_1_epi_msi_av_44slices_v3.nii;20230823_161015_10_1;CBC_1030_MSI_AV_v3_Vset1_Aset2_2023-08-23_16h03.31.849.csv;4;av;env;v3
CBC_1031;mr_cbc_1031_20231020_103219_3_1_epi_msi_av_44slices_v3.nii;20231020_103219_3_1;CBC_1031_MSI_AV_v3_Vset1_Aset1_2023-10-20_10h25.09.885.csv;1;av;env;v3
CBC_1031;mr_cbc_1031_20231020_104046_4_1_epi_msi_av_44slices_v3.nii;20231020_104046_4_1;CBC_1031_MSI_AV_v3_Vset2_Aset4_2023-10-20_10h33.42.698.csv;2;av;syll;v3
CBC_1031;mr_cbc_1031_20231020_121849_10_1_epi_msi_tv_44slices_v3.nii;20231020_121849_10_1;CBC_1031_MSI_TV_v3_Vset3_Tset1_2023-10-20_12h11.47.981.csv;3;tv;vib;v3
CBC_1031;mr_cbc_1031_20231020_122728_11_1_epi_msi_av_44slices_v3.nii;20231020_122728_11_1;CBC_1031_MSI_AV_v3_Vset6_Aset2_2023-10-20_12h20.15.905.csv;4;av;env;v3
CBC_1032;mr_cbc_1032_20231020_112841_3_1_epi_msi_av_44slices_v1.nii;20231020_112841_3_1;CBC_1032_MSI_AV_v1_Vset2_Aset2_2023-10-20_11h21.24.835.csv;1;av;env;v1
CBC_1032;mr_cbc_1032_20231020_113812_4_1_epi_msi_tv_44slices_v1.nii;20231020_113812_4_1;CBC_1032_MSI_TV_v1_Vset3_Aset2_2023-10-20_11h31.15.953.csv;2;tv;vib;v1
CBC_1032;mr_cbc_1032_20231020_130939_9_1_epi_msi_av_44slices_v1.nii;20231020_130939_9_1;CBC_1032_MSI_AV_v1_Vset1_Aset5_2023-10-20_13h02.27.968.csv;3;av;syll;v1
CBC_1033;mr5361_cbc_1033_20231213_144939_3_1_epi_msi_av_44slices_v3.nii;20231213_144939_3_1;CBC_1033_MSI_AV_v3_Vset3_Aset6_2023-12-13_14h41.58.367.csv;1;av;syll;v3
CBC_1033;mr5361_cbc_1033_20231213_145824_4_1_epi_msi_av_44slices_v3.nii;20231213_145824_4_1;CBC_1033_MSI_AV_v3_Vset1_Aset1_2023-12-13_14h51.00.395.csv;2;av;env;v3
CBC_1033;mr5361_cbc_1033_20231213_150847_6_1_epi_msi_tv_44slices_v3.nii;20231213_150847_6_1;CBC_1033_MSI_TV_v3_Vset2_Tset3_2023-12-13_15h01.20.123.csv;3;tv;vib;v3
CBC_1033;mr5361_cbc_1033_20231213_151732_7_1_epi_msi_av_44slices_v3.nii;20231213_151732_7_1;CBC_1033_MSI_AV_v3_Vset6_Aset2_2023-12-13_15h10.11.385.csv;4;av;env;v3
CBC_1034;mr5360_cbc_1034_20231213_140352_3_1_epi_msi_tv_44slices_v3.nii;20231213_140352_3_1;CBC_1034_MSI_TV_v3_Vset1_Tset1_2023-12-13_13h56.17.502.csv;1;tv;vib;v3
CBC_1034;mr5360_cbc_1034_20231213_141254_4_1_epi_msi_av_44slices_v3.nii;20231213_141254_4_1;CBC_1034_MSI_AV_v3_Vset2_Aset3_2023-12-13_14h05.28.139.csv;2;av;env;v3
CBC_1034;mr5360_cbc_1034_20231213_142210_5_1_epi_msi_av_44slices_v3.nii;20231213_142210_5_1;CBC_1034_MSI_AV_v3_Vset3_Aset6_2023-12-13_14h14.49.002.csv;3;av;syll;v3
CBC_1035;mr5625_cbc_1035_20240726_144249_3_1_epi_msi_av_44slices_v3.nii;20240726_144249_3_1;CBC_1035_MSI_AV_v3_Vset5_Aset5_2024-07-26_14h41.41.782.csv;1;av;syll;v3
CBC_1035;mr5625_cbc_1035_20240726_145145_4_1_epi_msi_tv_44slices_v3.nii;20240726_145145_4_1;CBC_1035_MSI_TV_v3_Vset6_Tset2_2024-07-26_14h50.42.748.csv;2;tv;vib;v3
CBC_1035;mr5625_cbc_1035_20240726_162823_9_1_epi_msi_av_44slices_v3.nii;20240726_162823_9_1;CBC_1035_MSI_AV_v3_Vset4_Aset3_2024-07-26_16h27.09.209.csv;3;av;env;v3
CBC_1036;mr5350_cbc_1036_20231206_145925_3_1_epi_msi_tv_44slices_v3.nii;20231206_145925_3_1;CBC_1036_MSI_TV_v3_Vset2_Tset3_2023-12-06_14h51.37.594.csv;1;tv;vib;v3
CBC_1036;mr5350_cbc_1036_20231206_151246_5_1_epi_msi_av_44slices_v3.nii;20231206_151246_5_1;CBC_1036_MSI_AV_v3_Vset1_Aset5_2023-12-06_15h05.28.320.csv;2;av;syll;v3
CBC_1036;mr5350_cbc_1036_20231206_160532_10_1_epi_msi_av_44slices_v3.nii;20231206_160532_10_1;CBC_1036_MSI_AV_v3_Vset3_Aset1_2023-12-06_15h58.00.246.csv;3;av;env;v3
CBC_1036;mr5350_cbc_1036_20231206_161403_11_1_epi_msi_tv_44slices_v3.nii;20231206_161403_11_1;CBC_1036_MSI_TV_v3_Vset6_Tset2_2023-12-06_16h06.44.053.csv;4;tv;vib;v3
CBC_1037;mr5373_cbc_1037_20240104_125238_3_1_epi_msi_av_44slices_v3.nii;20240104_125238_3_1;CBC_1037_MSI_AV_v3_Vset3_Aset2_2024-01-04_12h44.35.607.csv;1;av;env;v3
CBC_1037;mr5373_cbc_1037_20240104_130106_4_1_epi_msi_av_44slices_v3.nii;20240104_130106_4_1;CBC_1037_MSI_AV_v3_Vset2_Aset4_2024-01-04_12h53.32.791.csv;2;av;syll;v3
CBC_1037;mr5373_cbc_1037_20240104_140037_9_1_epi_msi_tv_44slices_v3.nii;20240104_140037_9_1;CBC_1037_MSI_TV_v3_Vset1_Tset3_2024-01-04_13h52.51.148.csv;3;tv;vib;v3
CBC_1038;mr5513_cbc_1038_20240504_093225_3_1_epi_msi_av_44slices_v3.nii;20240504_093225_3_1;CBC_1038_MSI_AV_v3_Vset4_Aset1_2024-05-04_09h31.10.662.csv;1;av;env;v3
CBC_1038;mr5513_cbc_1038_20240504_094057_4_1_epi_msi_tv_44slices_v3.nii;20240504_094057_4_1;CBC_1038_MSI_TV_v3_Vset6_Tset1_2024-05-04_09h40.02.212.csv;2;tv;vib;v3
CBC_1038;mr5513_cbc_1038_20240504_103510_9_1_epi_msi_av_44slices_v3.nii;20240504_103510_9_1;CBC_1038_MSI_AV_v3_Vset5_Aset6_2024-05-04_10h34.21.988.csv;3;av;syll;v3
CBC_1039;mr5401_cbc_1039_20240131_143921_3_1_epi_msi_av_44slices_v1.nii;20240131_143921_3_1;CBC_1039_MSI_AV_v1_Vset4_Aset4_2024-01-31_14h31.20.515.csv;1;av;syll;v1
CBC_1039;mr5401_cbc_1039_20240131_144859_4_1_epi_msi_av_44slices_v1.nii;20240131_144859_4_1;CBC_1039_MSI_AV_v1_Vset6_Aset3_2024-01-31_14h41.16.850.csv;2;av;env;v1
CBC_1039;mr5401_cbc_1039_20240131_160222_11_1_epi_msi_tv_44slices_v1.nii;20240131_160222_11_1;CBC_1039_MSI_TV_v1_Vset2_Aset3_2024-01-31_15h54.46.456.csv;3;tv;vib;v1
CBC_1040;mr5369_cbc_1040_20231220_154626_3_1_epi_msi_tv_44slices_v3.nii;20231220_154626_3_1;CBC_1040_MSI_TV_v3_Vset6_Tset2_2023-12-20_15h38.50.725.csv;1;tv;vib;v3
CBC_1040;mr5369_cbc_1040_20231220_155443_4_1_epi_msi_av_44slices_v3.nii;20231220_155443_4_1;CBC_1040_MSI_AV_v3_Vset5_Aset3_2023-12-20_15h47.19.244.csv;2;av;env;v3
CBC_1040;mr5369_cbc_1040_20231220_171159_9_1_epi_msi_av_44slices_v3.nii;20231220_171159_9_1;CBC_1040_MSI_AV_v3_Vset4_Aset6_2023-12-20_17h04.24.694.csv;3;av;syll;v3
CBC_1041;mr5370_cbc_1041_20231220_150012_3_1_epi_msi_av_44slices_v3.nii;20231220_150012_3_1;CBC_1041_MSI_AV_v3_Vset2_Aset5_2023-12-20_14h52.32.934.csv;1;av;syll;v3
CBC_1041;mr5370_cbc_1041_20231220_150845_4_1_epi_msi_tv_44slices_v3.nii;20231220_150845_4_1;CBC_1041_MSI_TV_v3_Vset1_Tset1_2023-12-20_15h01.19.659.csv;2;tv;vib;v3
CBC_1041;mr5370_cbc_1041_20231220_163155_9_1_epi_msi_av_44slices_v3.nii;20231220_163155_9_1;CBC_1041_MSI_AV_v3_Vset3_Aset3_2023-12-20_16h24.17.405.csv;3;av;env;v3
CBC_1041;mr5370_cbc_1041_20231220_164013_10_1_epi_msi_tv_44slices_v3.nii;20231220_164013_10_1;CBC_1041_MSI_TV_v3_Vset5_Tset2_2023-12-20_16h32.49.956.csv;4;tv;vib;v3
CBC_1042;mr5626_cbc_1042_20240726_154142_4_1_epi_msi_tv_44slices_v3.nii;20240726_154142_4_1;CBC_1042_MSI_TV_v3_Vset6_Tset2_2024-07-26_15h40.22.663.csv;1;tv;vib;v3
CBC_1042;mr5626_cbc_1042_20240726_154959_5_1_epi_msi_av_44slices_v3.nii;20240726_154959_5_1;CBC_1042_MSI_AV_v3_Vset4_Aset5_2024-07-26_15h49.05.781.csv;2;av;syll;v3
CBC_1042;mr5626_cbc_1042_20240726_170720_10_1_epi_msi_av_44slices_v3.nii;20240726_170720_10_1;CBC_1042_MSI_AV_v3_Vset5_Aset2_2024-07-26_17h06.06.006.csv;3;av;env;v3
CBC_1043;mr4566_cbc_1043_20240323_105250_3_1_epi_msi_av_44slices_v3.nii;20240323_105250_3_1;CBC_1043_MSI_AV_v3_Vset3_Aset2_2024-03-23_10h44.40.383.csv;1;av;env;v3
CBC_1043;mr4566_cbc_1043_20240323_110110_4_1_epi_msi_av_44slices_v3.nii;20240323_110110_4_1;CBC_1043_MSI_AV_v3_Vset1_Aset4_2024-03-23_10h53.11.687.csv;2;av;syll;v3
CBC_1043;mr4566_cbc_1043_20240323_121932_9_1_epi_msi_tv_44slices_v3.nii;20240323_121932_9_1;CBC_1043_MSI_TV_v3_Vset2_Tset1_2024-03-23_12h11.17.995.csv;3;tv;vib;v3
CBC_1044;mr5367_cbc_1044_20231219_142518_3_1_epi_msi_av_44slices_v3.nii;20231219_142518_3_1;CBC_1044_MSI_AV_v3_Vset5_Aset1_2023-12-19_14h17.39.039.csv;1;av;env;v3
CBC_1044;mr5367_cbc_1044_20231219_143403_4_1_epi_msi_tv_44slices_v3.nii;20231219_143403_4_1;CBC_1044_MSI_TV_v3_Vset4_Tset2_2023-12-19_14h26.34.109.csv;2;tv;vib;v3
CBC_1044;mr5367_cbc_1044_20231219_153212_9_1_epi_msi_av_44slices_v3.nii;20231219_153212_9_1;CBC_1044_MSI_AV_v3_Vset6_Aset6_2023-12-19_15h24.40.008.csv;3;av;syll;v3
CBC_1045;mr5457_cbc_1045_20240315_153221_3_1_epi_msi_av_44slices_v3.nii;20240315_153221_3_1;CBC_1045_MSI_AV_v3_Vset3_Aset4_2024-03-15_15h23.45.674.csv;1;av;syll;v3
CBC_1045;mr5457_cbc_1045_20240315_155217_6_1_epi_msi_av_44slices_v3.nii;20240315_155217_6_1;CBC_1045_MSI_AV_v3_Vset2_Aset3_2024-03-15_15h44.13.048.csv;2;av;env;v3
CBC_1045;mr5457_cbc_1045_20240315_165245_11_1_epi_msi_tv_44slices_v3.nii;20240315_165245_11_1;CBC_1045_MSI_TV_v3_Vset1_Tset1_2024-03-15_16h44.49.446.csv;3;tv;vib;v3
CBC_1046;mr5392_cbc_1046_20240127_100611_3_1_epi_msi_tv_44slices_v1.nii;20240127_100611_3_1;CBC_1046_MSI_TV_v1_Vset6_Aset3_2024-01-27_09h58.22.092.csv;1;tv;vib;v1
CBC_1046;mr5392_cbc_1046_20240127_101501_4_1_epi_msi_av_44slices_v1.nii;20240127_101501_4_1;CBC_1046_MSI_AV_v1_Vset5_Aset2_2024-01-27_10h07.22.626.csv;2;av;env;v1
CBC_1046;mr5393_cbc_1046_20240127_120744_13_1_epi_msi_av_44slices_v3.nii;20240127_120744_13_1;CBC_1046_MSI_AV_v1_Vset4_Aset6_2024-01-27_12h00.25.193.csv;3;av;syll;v1
CBC_1047;mr5380_cbc_1047_20240121_160730_4_1_epi_msi_av_44slices_v1.nii;20240121_160730_4_1;CBC_1047_MSI_AV_v1_Vset1_Aset5_2024-01-21_15h59.59.907.csv;1;av;syll;v1
CBC_1047;mr5380_cbc_1047_20240121_161527_5_1_epi_msi_tv_44slices_v1.nii;20240121_161527_5_1;CBC_1047_MSI_TV_v1_Vset2_Aset3_2024-01-21_16h07.53.122.csv;2;tv;vib;v1
CBC_1047;mr5380_cbc_1047_20240121_172328_9_1_epi_msi_av_44slices_v1.nii;20240121_172328_9_1;CBC_1047_MSI_AV_v1_Vset3_Aset1_2024-01-21_17h15.38.801.csv;3;av;env;v1
CBC_1048;mr5381_cbc_1048_20240121_145249_3_1_epi_msi_tv_44slices_v3.nii;20240121_145249_3_1;CBC_1048_MSI_TV_v3_Vset6_Tset3_2024-01-21_14h45.03.891.csv;1;tv;vib;v3
CBC_1048;mr5381_cbc_1048_20240121_150502_5_1_epi_msi_av_44slices_v3.nii;20240121_150502_5_1;CBC_1048_MSI_AV_v3_Vset5_Aset5_2024-01-21_14h56.50.911.csv;2;av;syll;v3
CBC_1048;mr5381_cbc_1048_20240121_164603_12_1_epi_msi_av_44slices_v3.nii;20240121_164603_12_1;CBC_1048_MSI_AV_v3_Vset4_Aset3_2024-01-21_16h38.11.911.csv;3;av;env;v3
CBC_1049;mr5383_cbc_1049_20240123_152242_3_1_epi_msi_av_44slices_v1.nii;20240123_152242_3_1;CBC_1049_MSI_AV_v1_Vset3_Aset1_2024-01-23_15h14.42.182.csv;1;av;env;v1
CBC_1049;mr5383_cbc_1049_20240123_153058_4_1_epi_msi_av_44slices_v1.nii;20240123_153058_4_1;CBC_1049_MSI_AV_v1_Vset1_Aset4_2024-01-23_15h23.03.157.csv;2;av;syll;v1
CBC_1049;mr5383_cbc_1049_20240123_161834_9_1_epi_msi_tv_44slices_v1.nii;20240123_161834_9_1;CBC_1049_MSI_TV_v1_Vset2_Aset3_2024-01-23_16h10.37.518.csv;3;tv;vib;v1
CBC_1050;mr5440_cbc_1050_20240302_133331_3_1_epi_msi_av_44slices_v3.nii;20240302_133331_3_1;CBC_1050_MSI_AV_v3_Vset4_Aset2_2024-03-02_13h25.17.329.csv;1;av;env;v3
CBC_1050;mr5440_cbc_1050_20240302_134200_4_1_epi_msi_tv_44slices_v3.nii;20240302_134200_4_1;CBC_1050_MSI_TV_v3_Vset5_Tset2_2024-03-02_13h34.01.894.csv;2;tv;vib;v3
CBC_1050;mr5440_cbc_1050_20240302_143525_9_1_epi_msi_av_44slices_v3.nii;20240302_143525_9_1;CBC_1050_MSI_AV_v3_Vset6_Aset6_2024-03-02_14h27.16.655.csv;3;av;syll;v3
CBC_1050;mr5440_cbc_1050_20240302_144431_10_1_epi_msi_tv_44slices_v3.nii;20240302_144431_10_1;CBC_1050_MSI_TV_v3_Vset2_Tset3_2024-03-02_14h36.28.161.csv;4;tv;vib;v3
CBC_1051;mr5512_cbc_1051_20240503_161728_3_1_epi_msi_av_44slices_v3.nii;20240503_161728_3_1;CBC_1051_MSI_AV_v3_Vset3_Aset4_2024-05-03_16h16.10.954.csv;1;av;syll;v3
CBC_1051;mr5512_cbc_1051_20240503_162601_4_1_epi_msi_av_44slices_v3.nii;20240503_162601_4_1;CBC_1051_MSI_AV_v3_Vset1_Aset1_2024-05-03_16h25.09.705.csv;2;av;env;v3
CBC_1051;mr5512_cbc_1051_20240503_171413_9_1_epi_msi_tv_44slices_v3.nii;20240503_171413_9_1;CBC_1051_MSI_TV_v3_Vset2_Tset1_2024-05-03_17h13.22.033.csv;3;tv;vib;v3
CBC_1051;mr5512_cbc_1051_20240503_172246_10_1_epi_msi_av_44slices_v3.nii;20240503_172246_10_1;CBC_1051_MSI_AV_v3_Vset4_Aset2_2024-05-03_17h21.50.264.csv;4;av;env;v3
CBC_1052;mr5458_cbc_1052_20240316_094238_3_1_epi_msi_tv_44slices_v3.nii;20240316_094238_3_1;CBC_1052_MSI_TV_v3_Vset6_Tset2_2024-03-16_09h34.30.404.csv;1;tv;vib;v3
CBC_1052;mr5458_cbc_1052_20240316_110815_13_1_epi_msi_av_44slices_v3.nii;20240316_110815_13_1;CBC_1052_MSI_AV_v3_Vset5_Aset6_2024-03-16_11h00.02.582.csv;2;av;syll;v3
CBC_1052;mr5458_cbc_1052_20240316_111701_14_1_epi_msi_av_44slices_v3.nii;20240316_111701_14_1;CBC_1052_MSI_AV_v3_Vset3_Aset3_2024-03-16_11h08.56.685.csv;3;av;env;v3
CBC_1053;mr5449_cbc_1053_20240308_154231_3_1_epi_msi_av_44slices_v3.nii;20240308_154231_3_1;CBC_1053_MSI_AV_v3_Vset1_Aset5_2024-03-08_15h33.40.851.csv;1;av;syll;v3
CBC_1054;mr5441_cbc_1054_20240303_103545_3_1_epi_msi_tv_44slices_v3.nii;20240303_103545_3_1;CBC_1054_MSI_TV_v3_Vset5_Tset2_2024-03-03_10h27.49.019.csv;1;tv;vib;v3
CBC_1054;mr5441_cbc_1054_20240303_104359_4_1_epi_msi_av_44slices_v3.nii;20240303_104359_4_1;CBC_1054_MSI_AV_v3_Vset6_Aset5_2024-03-03_10h36.56.723.csv;2;av;syll;v3
CBC_1054;mr5441_cbc_1054_20240303_115155_9_1_epi_msi_av_44slices_v3.nii;20240303_115155_9_1;CBC_1054_MSI_AV_v3_Vset4_Aset2_2024-03-03_11h43.50.758.csv;3;av;env;v3
CBC_1055;mr5442_cbc_1055_20240303_094137_3_1_epi_msi_av_44slices_v1.nii;20240303_094137_3_1;CBC_1055_MSI_AV_v1_Vset1_Aset1_2024-03-03_09h33.19.069.csv;1;av;env;v1
CBC_1055;mr5442_cbc_1055_20240303_094927_4_1_epi_msi_av_44slices_v1.nii;20240303_094927_4_1;CBC_1055_MSI_AV_v1_Vset2_Aset4_2024-03-03_09h41.48.625.csv;2;av;syll;v1
CBC_1055;mr5442_cbc_1055_20240303_111932_9_1_epi_msi_tv_44slices_v1.nii;20240303_111932_9_1;CBC_1055_MSI_TV_v1_Vset3_Aset3_2024-03-03_11h11.32.283.csv;3;tv;vib;v1
CBC_1056;mr5407_cbc_1056_20240207_145205_3_1_epi_msi_av_44slices_v1.nii;20240207_145205_3_1;CBC_1056_MSI_AV_v1_Vset5_Aset2_2024-02-07_14h44.14.721.csv;1;av;env;v1
CBC_1056;mr5407_cbc_1056_20240207_150024_4_1_epi_msi_tv_44slices_v1.nii;20240207_150024_4_1;CBC_1056_MSI_TV_v1_Vset6_Aset1_2024-02-07_14h52.41.463.csv;2;tv;vib;v1
CBC_1056;mr5407_cbc_1056_20240207_163729_9_1_epi_msi_av_44slices_v1.nii;20240207_163729_9_1;CBC_1056_MSI_AV_v1_Vset4_Aset6_2024-02-07_16h29.31.675.csv;3;av;syll;v1
CBC_1057;mr5408_cbc_1057_20240207_155154_3_1_epi_msi_av_44slices_v1.nii;20240207_155154_3_1;CBC_1057_MSI_AV_v1_Vset1_Aset4_2024-02-07_15h44.00.504.csv;1;av;syll;v1
CBC_1057;mr5408_cbc_1057_20240207_160005_4_1_epi_msi_av_44slices_v1.nii;20240207_160005_4_1;CBC_1057_MSI_AV_v1_Vset3_Aset1_2024-02-07_15h52.15.487.csv;2;av;env;v1
CBC_1057;mr5408_cbc_1057_20240207_171021_9_1_epi_msi_tv_44slices_v1.nii;20240207_171021_9_1;CBC_1057_MSI_TV_v1_Vset2_Aset3_2024-02-07_17h02.19.501.csv;3;tv;vib;v1
CBC_1058;mr5390_cbc_1058_20240126_141510_4_1_epi_msi_tv_44slices_v3.nii;20240126_141510_4_1;CBC_1058_MSI_TV_v3_Vset4_Tset1_2024-01-26_14h07.19.138.csv;1;tv;vib;v3
CBC_1058;mr5390_cbc_1058_20240126_142322_5_1_epi_msi_av_44slices_v3.nii;20240126_142322_5_1;CBC_1058_MSI_AV_v3_Vset5_Aset3_2024-01-26_14h15.51.953.csv;2;av;env;v3
CBC_1058;mr5390_cbc_1058_20240126_154621_10_1_epi_msi_av_44slices_v3.nii;20240126_154621_10_1;CBC_1058_MSI_AV_v3_Vset6_Aset6_2024-01-26_15h38.19.580.csv;3;av;syll;v3
CBC_1059;mr5391_cbc_1059_20240126_150401_3_1_epi_msi_av_44slices_v3.nii;20240126_150401_3_1;CBC_1059_MSI_AV_v3_Vset2_Aset5_2024-01-26_14h56.07.586.csv;1;av;syll;v3
CBC_1059;mr5391_cbc_1059_20240126_151224_4_1_epi_msi_tv_44slices_v3.nii;20240126_151224_4_1;CBC_1059_MSI_TV_v3_Vset1_Tset3_2024-01-26_15h04.43.497.csv;2;tv;vib;v3
CBC_1059;mr5391_cbc_1059_20240126_162340_9_1_epi_msi_av_44slices_v3.nii;20240126_162340_9_1;CBC_1059_MSI_AV_v3_Vset3_Aset2_2024-01-26_16h15.47.111.csv;3;av;env;v3
CBC_1061;mr5474_cbc_1061_20240326_145612_3_1_epi_msi_av_44slices_v3.nii;20240326_145612_3_1;CBC_1061_MSI_AV_v3_Vset3_Aset2_2024-03-26_14h47.50.837.csv;1;av;env;v3
CBC_1061;mr5474_cbc_1061_20240326_162344_15_1_epi_msi_tv_44slices_v3.nii;20240326_162344_15_1;CBC_1061_MSI_TV_v3_Vset2_Tset3_2024-03-26_16h15.33.511.csv;2;tv;vib;v3
CBC_1061;mr5474_cbc_1061_20240326_163212_16_1_epi_msi_av_44slices_v3.nii;20240326_163212_16_1;CBC_1061_MSI_AV_v3_Vset1_Aset4_2024-03-26_16h24.09.183.csv;3;av;syll;v3
CBC_1062;mr5419_cbc_1062_20240217_114354_3_1_epi_msi_av_44slices_v1.nii;20240217_114354_3_1;CBC_1062_MSI_AV_v1_Vset5_Aset1_2024-02-17_11h35.47.907.csv;1;av;env;v1
CBC_1062;mr5419_cbc_1062_20240217_115156_4_1_epi_msi_tv_44slices_v1.nii;20240217_115156_4_1;CBC_1062_MSI_TV_v1_Vset4_Aset3_2024-02-17_11h44.12.042.csv;2;tv;vib;v1
CBC_1062;mr5419_cbc_1062_20240217_130134_9_1_epi_msi_av_44slices_v1.nii;20240217_130134_9_1;CBC_1062_MSI_AV_v1_Vset6_Aset6_2024-02-17_12h53.36.688.csv;3;av;syll;v1
CBC_1063;mr5420_cbc_1063_20240217_105359_4_1_epi_msi_av_44slices_v1.nii;20240217_105359_4_1;CBC_1063_MSI_AV_v1_Vset1_Aset4_2024-02-17_10h46.10.309.csv;1;av;syll;v1
CBC_1063;mr5420_cbc_1063_20240217_110205_5_1_epi_msi_av_44slices_v1.nii;20240217_110205_5_1;CBC_1063_MSI_AV_v1_Vset2_Aset3_2024-02-17_10h54.14.818.csv;2;av;env;v1
CBC_1063;mr5420_cbc_1063_20240217_122744_10_1_epi_msi_tv_44slices_v1.nii;20240217_122744_10_1;CBC_1063_MSI_TV_v1_Vset3_Aset2_2024-02-17_12h19.50.763.csv;3;tv;vib;v1
CBC_1064;mr5394_cbc_1064_20240128_095921_3_1_epi_msi_tv_44slices_v3.nii;20240128_095921_3_1;CBC_1064_MSI_TV_v3_Vset4_Tset1_2024-01-28_09h51.20.752.csv;1;tv;vib;v3
CBC_1064;mr5394_cbc_1064_20240128_100751_4_1_epi_msi_av_44slices_v3.nii;20240128_100751_4_1;CBC_1064_MSI_AV_v3_Vset5_Aset1_2024-01-28_10h00.06.405.csv;2;av;env;v3
CBC_1064;mr5394_cbc_1064_20240128_110846_9_1_epi_msi_av_44slices_v3.nii;20240128_110846_9_1;CBC_1064_MSI_AV_v3_Vset6_Aset6_2024-01-28_11h00.57.732.csv;3;av;syll;v3
CBC_1064;mr5394_cbc_1064_20240128_111744_10_1_epi_msi_av_44slices_v3.nii;20240128_111744_10_1;CBC_1064_MSI_AV_v3_Vset3_Aset3_2024-01-28_11h09.57.594.csv;4;av;env;v3
CBC_1065;mr5521_cbc_1065_20240510_142754_3_1_epi_msi_av_44slices_v1.nii;20240510_142754_3_1;CBC_1065_MSI_AV_v1_Vset2_Aset5_2024-05-10_14h26.50.422.csv;1;av;syll;v1
CBC_1065;mr5521_cbc_1065_20240510_143712_4_1_epi_msi_tv_44slices_v1.nii;20240510_143712_4_1;CBC_1065_MSI_TV_v1_Vset1_Aset2_2024-05-10_14h36.16.298.csv;2;tv;vib;v1
CBC_1065;mr5521_cbc_1065_20240510_153005_9_1_epi_msi_av_44slices_v1.nii;20240510_153005_9_1;CBC_1065_MSI_AV_v1_Vset3_Aset1_2024-05-10_15h29.15.145.csv;3;av;env;v1
CBC_1066;mr5727_cbc_1066_20240223_141633_3_1_epi_msi_tv_44slices_v3.nii;20240223_141633_3_1;CBC_1066_MSI_TV_v3_Vset4_Tset3_2024-02-23_14h08.31.160.csv;1;tv;vib;v3
CBC_1066;mr5727_cbc_1066_20240223_142450_4_1_epi_msi_av_44slices_v3.nii;20240223_142450_4_1;CBC_1066_MSI_AV_v3_Vset5_Aset5_2024-02-23_14h17.04.015.csv;2;av;syll;v3
CBC_1066;mr5727_cbc_1066_20240223_151740_9_1_epi_msi_av_44slices_v3.nii;20240223_151740_9_1;CBC_1066_MSI_AV_v3_Vset6_Aset2_2024-02-23_15h10.06.061.csv;3;av;env;v3
CBC_1067;mr5447_cbc_1067_20240306_143721_3_1_epi_msi_av_44slices_v3.nii;20240306_143721_3_1;CBC_1067_MSI_AV_v3_Vset2_Aset3_2024-03-06_14h29.00.651.csv;1;av;env;v3
CBC_1067;mr5447_cbc_1067_20240306_144556_4_1_epi_msi_av_44slices_v3.nii;20240306_144556_4_1;CBC_1067_MSI_AV_v3_Vset3_Aset4_2024-03-06_14h37.59.473.csv;2;av;syll;v3
CBC_1067;mr5447_cbc_1067_20240306_160922_9_1_epi_msi_tv_44slices_v3.nii;20240306_160922_9_1;CBC_1067_MSI_TV_v3_Vset1_Tset1_2024-03-06_16h00.53.904.csv;3;tv;vib;v3
CBC_1068;mr5446_cbc_1068_20240306_153021_3_1_epi_msi_av_44slices_v3.nii;20240306_153021_3_1;CBC_1068_MSI_AV_v3_Vset4_Aset3_2024-03-06_15h22.05.706.csv;1;av;env;v3
CBC_1068;mr5446_cbc_1068_20240306_154050_4_1_epi_msi_tv_44slices_v3.nii;20240306_154050_4_1;CBC_1068_MSI_TV_v3_Vset6_Tset1_2024-03-06_15h32.58.127.csv;2;tv;vib;v3
CBC_1068;mr5446_cbc_1068_20240306_164333_8_1_epi_msi_av_44slices_v3.nii;20240306_164333_8_1;CBC_1068_MSI_AV_v3_Vset5_Aset6_2024-03-06_16h35.16.370.csv;3;av;syll;v3
CBC_1069;mr5439_cbc_1069_20240301_154429_4_1_epi_msi_av_44slices_v1.nii;20240301_154429_4_1;CBC_1069_MSI_AV_v1_Vset3_Aset4_2024-03-01_15h36.16.590.csv;1;av;syll;v1
CBC_1069;mr5439_cbc_1069_20240301_155230_5_1_epi_msi_av_44slices_v1.nii;20240301_155230_5_1;CBC_1069_MSI_AV_v1_Vset1_Aset3_2024-03-01_15h44.46.693.csv;2;av;env;v1
CBC_1069;mr5439_cbc_1069_20240301_164106_10_1_epi_msi_tv_44slices_v1.nii;20240301_164106_10_1;CBC_1069_MSI_TV_v1_Vset2_Aset2_2024-03-01_16h33.01.600.csv;3;tv;vib;v1
CBC_1070;mr5431_cbc_1070_20240225_101949_5_1_epi_msi_tv_44slices_v3.nii;20240225_101949_5_1;CBC_1070_MSI_TV_v3_Vset6_Tset2_2024-02-25_10h11.59.938.csv;1;tv;vib;v3
CBC_1070;mr5431_cbc_1070_20240225_102818_6_1_epi_msi_av_44slices_v3.nii;20240225_102818_6_1;CBC_1070_MSI_AV_v3_Vset4_Aset2_2024-02-25_10h20.35.897.csv;2;av;env;v3
CBC_1070;mr5431_cbc_1070_20240225_112952_11_1_epi_msi_av_44slices_v3.nii;20240225_112952_11_1;CBC_1070_MSI_AV_v3_Vset5_Aset6_2024-02-25_11h21.54.151.csv;3;av;syll;v3
CBC_1071;mr5404_cbc_1071_20240202_151948_4_1_epi_msi_av_44slices_v3.nii;20240202_151948_4_1;CBC_1071_MSI_AV_v3_Vset1_Aset5_2024-02-02_15h12.14.660.csv;1;av;syll;v3
CBC_1071;mr5404_cbc_1071_20240202_152837_5_1_epi_msi_tv_44slices_v3.nii;20240202_152837_5_1;CBC_1071_MSI_TV_v3_Vset2_Tset3_2024-02-02_15h20.49.299.csv;2;tv;vib;v3
CBC_1071;mr5404_cbc_1071_20240202_164500_10_1_epi_msi_av_44slices_v3.nii;20240202_164500_10_1;CBC_1071_MSI_AV_v3_Vset3_Aset2_2024-02-02_16h36.55.631.csv;3;av;env;v3
CBC_1072;mr5405_cbc_1072_20240202_142148_3_1_epi_msi_tv_44slices_v3.nii;20240202_142148_3_1;CBC_1072_MSI_TV_v3_Vset5_Tset2_2024-02-02_14h13.45.206.csv;1;tv;vib;v3
CBC_1072;mr5405_cbc_1072_20240202_143019_4_1_epi_msi_av_44slices_v3.nii;20240202_143019_4_1;CBC_1072_MSI_AV_v3_Vset4_Aset5_2024-02-02_14h22.39.717.csv;2;av;syll;v3
CBC_1072;mr5405_cbc_1072_20240202_160741_9_1_epi_msi_av_44slices_v3.nii;20240202_160741_9_1;CBC_1072_MSI_AV_v3_Vset6_Aset2_2024-02-02_15h59.48.628.csv;3;av;env;v3
CBC_1073;mr5438_cbc_1073_20240301_135707_4_1_epi_msi_av_44slices_v3.nii;20240301_135707_4_1;CBC_1073_MSI_AV_v3_Vset3_Aset3_2024-03-01_13h48.50.767.csv;1;av;env;v3
CBC_1073;mr5438_cbc_1073_20240301_141626_8_1_epi_msi_av_44slices_v3.nii;20240301_141626_8_1;CBC_1073_MSI_AV_v3_Vset2_Aset4_2024-03-01_14h08.27.075.csv;2;av;syll;v3
CBC_1073;mr5438_cbc_1073_20240301_150219_13_1_epi_msi_tv_44slices_v3.nii;20240301_150219_13_1;CBC_1073_MSI_TV_v3_Vset1_Tset3_2024-03-01_14h54.17.972.csv;3;tv;vib;v3
CBC_1074;mr5454_cbc_1074_20240313_163236_3_1_epi_msi_av_44slices_v1.nii;20240313_163236_3_1;CBC_1074_MSI_AV_v1_Vset4_Aset3_2024-03-13_16h24.28.080.csv;1;av;env;v1
CBC_1074;mr5454_cbc_1074_20240313_164100_4_1_epi_msi_tv_44slices_v1.nii;20240313_164100_4_1;CBC_1074_MSI_TV_v1_Vset6_Aset2_2024-03-13_16h33.01.840.csv;2;tv;vib;v1
CBC_1074;mr5454_cbc_1074_20240313_175241_9_1_epi_msi_av_44slices_v1.nii;20240313_175241_9_1;CBC_1074_MSI_AV_v1_Vset5_Aset6_2024-03-13_17h44.24.484.csv;3;av;syll;v1
CBC_1075;mr5453_cbc_1075_20240313_150047_3_1_epi_msi_av_44slices_v3.nii;20240313_150047_3_1;CBC_1075_MSI_AV_v3_Vset1_Aset4_2024-03-13_14h52.46.790.csv;1;av;syll;v3
CBC_1075;mr5453_cbc_1075_20240313_150941_4_1_epi_msi_av_44slices_v3.nii;20240313_150941_4_1;CBC_1075_MSI_AV_v3_Vset3_Aset3_2024-03-13_15h01.44.828.csv;2;av;env;v3
CBC_1075;mr5453_cbc_1075_20240313_171800_9_1_epi_msi_tv_44slices_v3.nii;20240313_171800_9_1;CBC_1075_MSI_TV_v3_Vset2_Tset1_2024-03-13_17h09.54.370.csv;3;tv;vib;v3
CBC_1076;mr5452_cbc_1076_20240313_140611_3_1_epi_msi_tv_44slices_v3.nii;20240313_140611_3_1;CBC_1076_MSI_TV_v3_Vset6_Tset2_2024-03-13_13h58.04.695.csv;1;tv;vib;v3
CBC_1076;mr5452_cbc_1076_20240313_141458_4_1_epi_msi_av_44slices_v3.nii;20240313_141458_4_1;CBC_1076_MSI_AV_v3_Vset5_Aset3_2024-03-13_14h06.57.958.csv;2;av;env;v3
CBC_1076;mr5452_cbc_1076_20240313_154726_9_1_epi_msi_av_44slices_v3.nii;20240313_154726_9_1;CBC_1076_MSI_AV_v3_Vset4_Aset6_2024-03-13_15h39.19.345.csv;3;av;syll;v3
CBC_1077;mr5418_cbc_1077_20240216_151552_4_1_epi_msi_av_44slices_v1.nii;20240216_151552_4_1;CBC_1077_MSI_AV_v1_Vset2_Aset5_2024-02-16_15h07.57.044.csv;1;av;syll;v1
CBC_1077;mr5418_cbc_1077_20240216_152424_5_1_epi_msi_tv_44slices_v1.nii;20240216_152424_5_1;CBC_1077_MSI_TV_v1_Vset1_Aset1_2024-02-16_15h16.11.266.csv;2;tv;vib;v1
CBC_1077;mr5418_cbc_1077_20240216_161545_10_1_epi_msi_av_44slices_v1.nii;20240216_161545_10_1;CBC_1077_MSI_AV_v1_Vset3_Aset2_2024-02-16_16h07.43.793.csv;3;av;env;v1
CBC_1078;mr5465_cbc_1078_20240322_142258_4_1_epi_msi_tv_44slices_v3.nii;20240322_142258_4_1;CBC_1078_MSI_TV_v3_Vset6_Tset3_2024-03-22_14h14.48.635.csv;1;tv;vib;v3
CBC_1078;mr5465_cbc_1078_20240322_143214_5_1_epi_msi_av_44slices_v3.nii;20240322_143214_5_1;CBC_1078_MSI_AV_v3_Vset4_Aset5_2024-03-22_14h23.27.096.csv;2;av;syll;v3
CBC_1078;mr5465_cbc_1078_20240322_153159_11_1_epi_msi_av_44slices_v3.nii;20240322_153159_11_1;CBC_1078_MSI_AV_v3_Vset3_Aset3_2024-03-22_15h23.59.201.csv;3;av;env;v3
CBC_1079;mr5481_cbc_1079_20240403_145830_3_1_epi_msi_av_44slices_v3.nii;20240403_145830_3_1;CBC_1079_MSI_AV_v3_Vset3_Aset3_2024-04-03_14h50.04.808.csv;1;av;env;v3
CBC_1079;mr5481_cbc_1079_20240403_150702_4_1_epi_msi_av_44slices_v3.nii;20240403_150702_4_1;CBC_1079_MSI_AV_v3_Vset1_Aset4_2024-04-03_14h58.52.676.csv;2;av;syll;v3
CBC_1079;mr5481_cbc_1079_20240403_155710_9_1_epi_msi_tv_44slices_v3.nii;20240403_155710_9_1;CBC_1079_MSI_TV_v3_Vset2_Tset3_2024-04-03_15h48.56.869.csv;3;tv;vib;v3
CBC_1080;mr5491_cbc_1080_20240412_150810_3_1_epi_msi_av_44slices_v1.nii;20240412_150810_3_1;CBC_1080_MSI_AV_v1_Vset5_Aset1_2024-04-12_14h59.49.236.csv;1;av;env;v1
CBC_1080;mr5491_cbc_1080_20240412_151611_4_1_epi_msi_tv_44slices_v1.nii;20240412_151611_4_1;CBC_1080_MSI_TV_v1_Vset4_Aset1_2024-04-12_15h08.13.163.csv;2;tv;vib;v1
CBC_1080;mr5491_cbc_1080_20240412_163045_9_1_epi_msi_av_44slices_v1.nii;20240412_163045_9_1;CBC_1080_MSI_AV_v1_Vset6_Aset6_2024-04-12_16h22.22.970.csv;3;av;syll;v1
CBC_1081;mr5492_cbc_1081_20240412_142204_3_1_epi_msi_av_44slices_v3.nii;20240412_142204_3_1;CBC_1081_MSI_AV_v3_Vset3_Aset4_2024-04-12_14h13.44.220.csv;1;av;syll;v3
CBC_1081;mr5492_cbc_1081_20240412_143022_4_1_epi_msi_av_44slices_v3.nii;20240412_143022_4_1;CBC_1081_MSI_AV_v3_Vset2_Aset1_2024-04-12_14h22.20.772.csv;2;av;env;v3
CBC_1081;mr5492_cbc_1081_20240412_155029_9_1_epi_msi_tv_44slices_v3.nii;20240412_155029_9_1;CBC_1081_MSI_TV_v3_Vset1_Tset2_2024-04-12_15h42.05.623.csv;3;tv;vib;v3
CBC_1081;mr5492_cbc_1081_20240412_155924_10_1_epi_msi_av_44slices_v3.nii;20240412_155924_10_1;CBC_1081_MSI_AV_v3_Vset4_Aset2_2024-04-12_15h51.25.900.csv;4;av;env;v3
CBC_1082;mr5393_cbc_1082_20240127_110500_3_1_epi_msi_tv_44slices_v3.nii;20240127_110500_3_1;CBC_1082_MSI_TV_v3_Vset6_Tset1_2024-01-27_10h57.15.234.csv;1;tv;vib;v3
CBC_1082;mr5393_cbc_1082_20240127_112458_7_1_epi_msi_av_44slices_v3.nii;20240127_112458_7_1;CBC_1082_MSI_AV_v3_Vset5_Aset1_2024-01-27_11h17.36.927.csv;2;av;env;v3
CBC_1082;mr5393_cbc_1082_20240127_124232_19_1_epi_msi_av_44slices_v3.nii;20240127_124232_19_1;CBC_1082_MSI_AV_v3_Vset4_Aset6_2024-01-27_12h35.08.003.csv;3;av;syll;v3
CBC_1083;mr5490_cbc_1083_20240410_140711_3_1_epi_msi_av_44slices_v1.nii;20240410_140711_3_1;CBC_1083_MSI_AV_v1_Vset1_Aset5_2024-04-10_13h58.43.891.csv;1;av;syll;v1
CBC_1083;mr5490_cbc_1083_20240410_141504_4_1_epi_msi_tv_44slices_v1.nii;20240410_141504_4_1;CBC_1083_MSI_TV_v1_Vset2_Aset2_2024-04-10_14h07.08.183.csv;2;tv;vib;v1
CBC_1083;mr5490_cbc_1083_20240410_150756_9_1_epi_msi_av_44slices_v1.nii;20240410_150756_9_1;CBC_1083_MSI_AV_v1_Vset3_Aset2_2024-04-10_14h59.38.518.csv;3;av;env;v1
CBC_1084;mr5437_cbc_1084_20240229_134154_3_1_epi_msi_tv_44slices_v1.nii;20240229_134154_3_1;CBC_1084_MSI_TV_v1_Vset6_Aset2_2024-02-29_13h33.49.909.csv;1;tv;vib;v1
CBC_1084;mr5437_cbc_1084_20240229_135102_4_1_epi_msi_av_44slices_v1.nii;20240229_135102_4_1;CBC_1084_MSI_AV_v1_Vset5_Aset5_2024-02-29_13h43.13.715.csv;2;av;syll;v1
CBC_1084;mr5437_cbc_1084_20240229_143532_9_1_epi_msi_av_44slices_v1.nii;20240229_143532_9_1;CBC_1084_MSI_AV_v1_Vset4_Aset1_2024-02-29_14h27.29.093.csv;3;av;env;v1
CBC_1086;mr5500_cbc_1086_20240423_162142_3_1_epi_msi_av_44slices_v1.nii;20240423_162142_3_1;CBC_1086_MSI_AV_v1_Vset4_Aset2_2024-04-23_16h20.43.546.csv;1;av;env;v1
CBC_1086;mr5500_cbc_1086_20240423_163030_4_1_epi_msi_tv_44slices_v1.nii;20240423_163030_4_1;CBC_1086_MSI_TV_v1_Vset5_Aset1_2024-04-23_16h29.43.384.csv;2;tv;vib;v1
CBC_1086;mr5500_cbc_1086_20240423_172243_9_1_epi_msi_av_44slices_v1.nii;20240423_172243_9_1;CBC_1086_MSI_AV_v1_Vset6_Aset6_2024-04-23_17h21.43.903.csv;3;av;syll;v1
CBC_1087;mr5467_cbc_1087_20240323_100014_3_1_epi_msi_av_44slices_v3.nii;20240323_100014_3_1;CBC_1087_MSI_AV_v3_Vset3_Aset4_2024-03-23_09h52.03.887.csv;1;av;syll;v3
CBC_1087;mr5467_cbc_1087_20240323_100849_4_1_epi_msi_av_44slices_v3.nii;20240323_100849_4_1;CBC_1087_MSI_AV_v3_Vset1_Aset1_2024-03-23_10h00.48.030.csv;2;av;env;v3
CBC_1087;mr5467_cbc_1087_20240323_113616_9_1_epi_msi_tv_44slices_v3.nii;20240323_113616_9_1;CBC_1087_MSI_TV_v3_Vset2_Tset3_2024-03-23_11h27.59.968.csv;3;tv;vib;v3
CBC_1087;mr5467_cbc_1087_20240323_114528_10_1_epi_msi_av_44slices_v3.nii;20240323_114528_10_1;CBC_1087_MSI_AV_v3_Vset4_Aset2_2024-03-23_11h37.29.616.csv;4;av;env;v3
CBC_1088;mr5468_cbc_1088_20240323_144344_3_1_epi_msi_tv_44slices_v3.nii;20240323_144344_3_1;CBC_1088_MSI_TV_v3_Vset6_Tset1_2024-03-23_14h35.30.633.csv;1;tv;vib;v3
CBC_1088;mr5468_cbc_1088_20240323_145229_4_1_epi_msi_av_44slices_v3.nii;20240323_145229_4_1;CBC_1088_MSI_AV_v3_Vset4_Aset3_2024-03-23_14h44.13.261.csv;2;av;env;v3
CBC_1089;mr5715_cbc_1089_20241002_141651_3_1_epi_msi_av_44slices_v1.nii;20241002_141651_3_1;CBC_1089_MSI_AV_v1_Vset1_Aset5_2024-10-02_14h14.39.095.csv;1;av;syll;v1
CBC_1089;mr5715_cbc_1089_20241002_142448_4_1_epi_msi_tv_44slices_v1.nii;20241002_142448_4_1;CBC_1089_MSI_TV_v1_Vset3_Aset1_2024-10-02_14h23.15.490.csv;2;tv;vib;v1
CBC_1089;mr5715_cbc_1089_20241002_152238_9_1_epi_msi_av_44slices_v1.nii;20241002_152238_9_1;CBC_1089_MSI_AV_v1_Vset2_Aset1_2024-10-02_15h20.49.443.csv;3;av;env;v1
CBC_1090;mr5450_cbc_1090_20240310_104803_3_1_epi_msi_tv_44slices_v3.nii;20240310_104803_3_1;CBC_1090_MSI_TV_v3_Vset5_Tset3_2024-03-10_10h39.49.098.csv;1;tv;vib;v3
CBC_1090;mr5450_cbc_1090_20240310_105637_4_1_epi_msi_av_44slices_v3.nii;20240310_105637_4_1;CBC_1090_MSI_AV_v3_Vset6_Aset5_2024-03-10_10h48.39.611.csv;2;av;syll;v3
CBC_1090;mr5450_cbc_1090_20240310_115005_9_1_epi_msi_av_44slices_v3.nii;20240310_115005_9_1;CBC_1090_MSI_AV_v3_Vset4_Aset1_2024-03-10_11h41.57.568.csv;3;av;env;v3
CBC_1090;mr5450_cbc_1090_20240310_115839_10_1_epi_msi_av_44slices_v1.nii;20240310_115839_10_1;CBC_1090_MSI_AV_v1_Vset3_Aset4_2024-03-10_11h50.44.464.csv;4;av;syll;v1
CBC_1091;mr5497_cbc_1091_20240422_104055_3_1_epi_msi_av_44slices_v3.nii;20240422_104055_3_1;CBC_1091_MSI_AV_v3_Vset1_Aset2_2024-04-22_10h39.49.039.csv;1;av;env;v3
CBC_1091;mr5497_cbc_1091_20240422_112441_8_1_epi_msi_av_44slices_v3.nii;20240422_112441_8_1;CBC_1091_MSI_AV_v3_Vset2_Aset4_2024-04-22_11h23.57.111.csv;2;av;syll;v3
CBC_1092;mr5514_cbc_1092_20240505_130910_3_1_epi_msi_av_44slices_v3.nii;20240505_130910_3_1;CBC_1092_MSI_AV_v3_Vset5_Aset1_2024-05-05_13h07.54.302.csv;1;av;env;v3
CBC_1092;mr5514_cbc_1092_20240505_131954_5_1_epi_msi_tv_44slices_v3.nii;20240505_131954_5_1;CBC_1092_MSI_TV_v3_Vset6_Tset2_2024-05-05_13h19.14.301.csv;2;tv;vib;v3
CBC_1092;mr5514_cbc_1092_20240505_144152_10_1_epi_msi_av_44slices_v3.nii;20240505_144152_10_1;CBC_1092_MSI_AV_v3_Vset4_Aset6_2024-05-05_14h40.46.929.csv;3;av;syll;v3
CBC_1093;mr5515_cbc_1093_20240505_135935_3_1_epi_msi_av_44slices_v3.nii;20240505_135935_3_1;CBC_1093_MSI_AV_v3_Vset1_Aset4_2024-05-05_13h58.22.913.csv;1;av;syll;v3
CBC_1093;mr5515_cbc_1093_20240505_140750_4_1_epi_msi_av_44slices_v3.nii;20240505_140750_4_1;CBC_1093_MSI_AV_v3_Vset3_Aset3_2024-05-05_14h06.59.630.csv;2;av;env;v3
CBC_1093;mr5515_cbc_1093_20240505_151426_9_1_epi_msi_tv_44slices_v3.nii;20240505_151426_9_1;CBC_1093_MSI_TV_v3_Vset2_Tset2_2024-05-05_15h13.09.552.csv;3;tv;vib;v3
CBC_1094;mr5522_cbc_1094_20240511_101045_4_1_epi_msi_tv_44slices_v3.nii;20240511_101045_4_1;CBC_1094_MSI_TV_v3_Vset3_Tset2_2024-05-11_10h10.00.972.csv;1;tv;vib;v3
CBC_1094;mr5522_cbc_1094_20240511_103405_7_1_epi_msi_av_44slices_v3.nii;20240511_103405_7_1;CBC_1094_MSI_AV_v3_Vset5_Aset3_2024-05-11_10h32.47.736.csv;2;av;env;v3
CBC_1095;mr5509_cbc_1095_20240501_134512_3_1_epi_msi_av_44slices_v1.nii;20240501_134512_3_1;CBC_1095_MSI_AV_v1_Vset2_Aset5_2024-05-01_13h43.55.290.csv;1;av;syll;v1
CBC_1095;mr5509_cbc_1095_20240501_135319_4_1_epi_msi_tv_44slices_v1.nii;20240501_135319_4_1;CBC_1095_MSI_TV_v1_Vset1_Aset1_2024-05-01_13h52.28.526.csv;2;tv;vib;v1
CBC_1095;mr5509_cbc_1095_20240501_144207_9_1_epi_msi_av_44slices_v1.nii;20240501_144207_9_1;CBC_1095_MSI_AV_v1_Vset3_Aset2_2024-05-01_14h41.11.088.csv;3;av;env;v1
CBC_1097;mr5511_cbc_1097_20240522_134632_6_1_epi_msi_av_44slices_v3.nii;20240522_134632_6_1;CBC_1097_MSI_AV_v3_Vset3_Aset1_2024-05-22_13h45.24.772.csv;1;av;env;v3
CBC_1097;mr5511_cbc_1097_20240522_135448_7_1_epi_msi_av_44slices_v3.nii;20240522_135448_7_1;CBC_1097_MSI_AV_v3_Vset1_Aset4_2024-05-22_13h53.52.362.csv;2;av;syll;v3
CBC_1098;mr5519_cbc_1098_20240508_143555_3_1_epi_msi_av_44slices_v1.nii;20240508_143555_3_1;CBC_1098_MSI_AV_v1_Vset5_Aset1_2024-05-08_14h34.35.081.csv;1;av;env;v1
CBC_1098;mr5519_cbc_1098_20240508_144400_4_1_epi_msi_tv_44slices_v1.nii;20240508_144400_4_1;CBC_1098_MSI_TV_v1_Vset4_Aset2_2024-05-08_14h43.06.231.csv;2;tv;vib;v1
CBC_1098;mr5519_cbc_1098_20240508_153912_9_1_epi_msi_av_44slices_v1.nii;20240508_153912_9_1;CBC_1098_MSI_AV_v1_Vset6_Aset6_2024-05-08_15h38.13.390.csv;3;av;syll;v1
CBC_1100;mr5523_cbc_1100_20240511_141322_3_1_epi_msi_tv_44slices_v3.nii;20240511_141322_3_1;CBC_1100_MSI_TV_v3_Vset4_Tset1_2024-05-11_14h12.18.029.csv;1;tv;vib;v3
CBC_1100;mr5523_cbc_1100_20240511_143012_5_1_epi_msi_av_44slices_v3.nii;20240511_143012_5_1;CBC_1100_MSI_AV_v3_Vset5_Aset3_2024-05-11_14h29.26.413.csv;2;av;env;v3
CBC_1100;mr5523_cbc_1100_20240511_154045_9_1_epi_msi_av_44slices_v3.nii;20240511_154045_9_1;CBC_1100_MSI_AV_v3_Vset6_Aset6_2024-05-11_15h39.37.883.csv;3;av;syll;v3
CBC_1101;mr5552_cbc_1101_20240526_100449_4_1_epi_msi_tv_44slices_v1.nii;20240526_100449_4_1;CBC_1101_MSI_TV_v1_Vset1_Aset1_2024-05-26_10h04.46.542.csv;1;tv;vib;v1
CBC_1101;mr5552_cbc_1101_20240526_101924_6_1_epi_msi_av_44slices_v1.nii;20240526_101924_6_1;CBC_1101_MSI_AV_v1_Vset4_Aset6_2024-05-26_10h18.58.156.csv;2;av;syll;v1
CBC_1101;mr5552_cbc_1101_20240526_123812_10_1_epi_msi_av_44slices_v1.nii;20240526_123812_10_1;CBC_1101_MSI_AV_v1_Vset3_Aset3_2024-05-26_12h37.06.924.csv;3;av;env;v1
CBC_1102;mr5553_cbc_1102_20240526_110727_4_1_epi_msi_tv_44slices_v3.nii;20240526_110727_4_1;CBC_1102_MSI_TV_v3_Vset4_Tset3_2024-05-26_11h06.10.825.csv;1;tv;vib;v3
CBC_1102;mr5553_cbc_1102_20240526_142102_9_1_epi_msi_av_44slices_v3.nii;20240526_142102_9_1;CBC_1102_MSI_AV_v3_Vset6_Aset3_2024-05-26_14h20.21.975.csv;2;av;env;v3
CBC_1102;mr5608_cbc_1102_20240705_141758_3_1_epi_msi_av_44slices_v3.nii;20240705_141758_3_1;CBC_1102_MSI_AV_v3_Vset3_Aset4_2024-07-05_14h16.52.487.csv;3;av;syll;v3
CBC_1103;mr5554_cbc_1103_20240526_131711_14_1_epi_msi_av_44slices_v3.nii;20240526_131711_14_1;CBC_1103_MSI_AV_v3_Vset5_Aset3_2024-05-26_13h16.48.710.csv;1;av;env;v3
CBC_1104;mr5558_cbc_1104_20240529_151127_5_1_epi_msi_av_44slices_v1.nii;20240529_151127_5_1;CBC_1104_MSI_AV_v1_Vset4_Aset2_2024-05-29_15h10.39.224.csv;1;av;env;v1
CBC_1104;mr5558_cbc_1104_20240529_151935_6_1_epi_msi_tv_44slices_v1.nii;20240529_151935_6_1;CBC_1104_MSI_TV_v1_Vset6_Aset3_2024-05-29_15h18.48.519.csv;2;tv;vib;v1
CBC_1104;mr5558_cbc_1104_20240529_160332_10_1_epi_msi_av_44slices_v1.nii;20240529_160332_10_1;CBC_1104_MSI_AV_v1_Vset5_Aset6_2024-05-29_16h02.31.545.csv;3;av;syll;v1
CBC_1105;mr5582_cbc_1105_20240616_133229_3_1_epi_msi_av_44slices_v1.nii;20240616_133229_3_1;CBC_1105_MSI_AV_v1_Vset3_Aset4_2024-06-16_13h31.19.240.csv;1;av;syll;v1
CBC_1105;mr5582_cbc_1105_20240616_134019_4_1_epi_msi_av_44slices_v1.nii;20240616_134019_4_1;CBC_1105_MSI_AV_v1_Vset1_Aset1_2024-06-16_13h39.47.465.csv;2;av;env;v1
CBC_1105;mr5582_cbc_1105_20240616_142706_9_1_epi_msi_tv_44slices_v1.nii;20240616_142706_9_1;CBC_1105_MSI_TV_v1_Vset2_Aset1_2024-06-16_14h26.00.273.csv;3;tv;vib;v1
CBC_1106;mr5737_cbc_1106_20241018_141138_3_1_epi_msi_tv_44slices_v1.nii;20241018_141138_3_1;CBC_1106_MSI_TV_v1_Vset6_Aset2_2024-10-18_14h09.54.931.csv;1;tv;vib;v1
CBC_1106;mr5737_cbc_1106_20241018_141934_4_1_epi_msi_av_44slices_v1.nii;20241018_141934_4_1;CBC_1106_MSI_AV_v1_Vset4_Aset3_2024-10-18_14h18.25.602.csv;2;av;env;v1
CBC_1106;mr5737_cbc_1106_20241018_151427_9_1_epi_msi_av_44slices_v1.nii;20241018_151427_9_1;CBC_1106_MSI_AV_v1_Vset5_Aset6_2024-10-18_15h13.07.740.csv;3;av;syll;v1
CBC_1107;mr5505_cbc_1107_20240426_170607_7_1_epi_msi_av_44slices_v1.nii;20240426_170607_7_1;CBC_1107_MSI_AV_v1_Vset1_Aset5_2024-04-26_17h05.21.029.csv;1;av;syll;v1
CBC_1107;mr5505_cbc_1107_20240426_171836_9_1_epi_msi_tv_44slices_v1.nii;20240426_171836_9_1;CBC_1107_MSI_TV_v1_Vset2_Aset2_2024-04-26_17h17.51.939.csv;2;tv;vib;v1
CBC_1107;mr5505_cbc_1107_20240426_180228_13_1_epi_msi_av_44slices_v1.nii;20240426_180228_13_1;CBC_1107_MSI_AV_v1_Vset3_Aset3_2024-04-26_18h01.20.643.csv;3;av;env;v1
CBC_1108;mr5524_cbc_1108_20240511_132046_4_1_epi_msi_tv_44slices_v3.nii;20240511_132046_4_1;CBC_1108_MSI_TV_v3_Vset5_Tset3_2024-05-11_13h20.10.697.csv;1;tv;vib;v3
CBC_1108;mr5524_cbc_1108_20240511_132907_5_1_epi_msi_av_44slices_v3.nii;20240511_132907_5_1;CBC_1108_MSI_AV_v3_Vset4_Aset5_2024-05-11_13h28.24.347.csv;2;av;syll;v3
CBC_1108;mr5524_cbc_1108_20240511_150602_11_1_epi_msi_av_44slices_v3.nii;20240511_150602_11_1;CBC_1108_MSI_AV_v3_Vset6_Aset1_2024-05-11_15h05.16.460.csv;3;av;env;v3
CBC_1109;mr5568_cbc_1109_20240607_140529_3_1_epi_msi_av_44slices_v3.nii;20240607_140529_3_1;CBC_1109_MSI_AV_v3_Vset3_Aset2_2024-06-07_14h04.19.059.csv;1;av;env;v3
CBC_1109;mr5568_cbc_1109_20240607_142154_6_1_epi_msi_av_44slices_v3.nii;20240607_142154_6_1;CBC_1109_MSI_AV_v3_Vset2_Aset4_2024-06-07_14h20.43.116.csv;2;av;syll;v3
CBC_1109;mr5568_cbc_1109_20240607_151108_11_1_epi_msi_tv_44slices_v3.nii;20240607_151108_11_1;CBC_1109_MSI_TV_v3_Vset1_Tset3_2024-06-07_15h09.59.248.csv;3;tv;vib;v3
CBC_1110;mr5663_cbc_1110_20240825_143523_3_1_epi_msi_av_44slices_v3.nii;20240825_143523_3_1;CBC_1110_MSI_AV_v3_Vset4_Aset1_2024-08-25_14h33.39.375.csv;1;av;env;v3
CBC_1110;mr5663_cbc_1110_20240825_144343_4_1_epi_msi_tv_44slices_v3.nii;20240825_144343_4_1;CBC_1110_MSI_TV_v3_Vset6_Tset1_2024-08-25_14h42.34.932.csv;2;tv;vib;v3
CBC_1110;mr5663_cbc_1110_20240825_155722_10_1_epi_msi_av_44slices_v3.nii;20240825_155722_10_1;CBC_1110_MSI_AV_v3_Vset5_Aset6_2024-08-25_15h56.32.260.csv;3;av;syll;v3
CBC_1111;mr5799_cbc_1111_20240604_143709_3_1_epi_msi_av_44slices_v3.nii;20240604_143709_3_1;CBC_1111_MSI_AV_v3_Vset1_Aset4_2024-06-04_14h36.06.518.csv;1;av;syll;v3
CBC_1111;mr5799_cbc_1111_20240604_144529_4_1_epi_msi_av_44slices_v3.nii;20240604_144529_4_1;CBC_1111_MSI_AV_v3_Vset3_Aset3_2024-06-04_14h44.38.349.csv;2;av;env;v3
CBC_1111;mr5799_cbc_1111_20240604_154821_12_1_epi_msi_tv_44slices_v3.nii;20240604_154821_12_1;CBC_1111_MSI_TV_v3_Vset5_Tset2_2024-06-04_15h47.31.612.csv;3;tv;vib;v3
CBC_1112;mr5681_cbc_1112_20240906_170007_3_1_epi_msi_tv_44slices_v3.nii;20240906_170007_3_1;CBC_1112_MSI_TV_v3_Vset6_Tset1_2024-09-06_16h58.36.381.csv;1;tv;vib;v3
CBC_1112;mr5681_cbc_1112_20240906_170835_4_1_epi_msi_av_44slices_v3.nii;20240906_170835_4_1;CBC_1112_MSI_AV_v3_Vset5_Aset3_2024-09-06_17h07.21.236.csv;2;av;env;v3
CBC_1112;mr5681_cbc_1112_20240906_180528_10_1_epi_msi_av_44slices_v3.nii;20240906_180528_10_1;CBC_1112_MSI_AV_v3_Vset4_Aset6_2024-09-06_18h03.50.447.csv;3;av;syll;v3
CBC_1114;mr5642_cbc_1114_20240809_162301_3_1_epi_msi_tv_44slices_v3.nii;20240809_162301_3_1;CBC_1114_MSI_TV_v3_Vset6_Tset1_2024-08-09_16h21.37.903.csv;1;tv;vib;v3
CBC_1114;mr5642_cbc_1114_20240809_163137_4_1_epi_msi_av_44slices_v3.nii;20240809_163137_4_1;CBC_1114_MSI_AV_v3_Vset4_Aset5_2024-08-09_16h30.19.654.csv;2;av;syll;v3
CBC_1114;mr5642_cbc_1114_20240809_172113_9_1_epi_msi_av_44slices_v3.nii;20240809_172113_9_1;CBC_1114_MSI_AV_v3_Vset5_Aset2_2024-08-09_17h20.03.010.csv;3;av;env;v3
CBC_1115;mr5637_cbc_1115_20240806_150809_3_1_epi_msi_av_44slices_v3.nii;20240806_150809_3_1;CBC_1115_MSI_AV_v3_Vset3_Aset2_2024-08-06_15h06.49.385.csv;1;av;env;v3
CBC_1115;mr5637_cbc_1115_20240806_151637_4_1_epi_msi_av_44slices_v3.nii;20240806_151637_4_1;CBC_1115_MSI_AV_v3_Vset1_Aset4_2024-08-06_15h15.33.516.csv;2;av;syll;v3
CBC_1115;mr5637_cbc_1115_20240806_160336_9_1_epi_msi_tv_44slices_v3.nii;20240806_160336_9_1;CBC_1115_MSI_TV_v3_Vset2_Tset2_2024-08-06_16h02.16.693.csv;3;tv;vib;v3
CBC_1116;mr5709_cbc_1116_20240927_135249_3_1_epi_msi_av_44slices_v1.nii;20240927_135249_3_1;CBC_1116_MSI_AV_v1_Vset5_Aset1_2024-09-27_13h50.47.660.csv;1;av;env;v1
CBC_1116;mr5709_cbc_1116_20240927_140047_4_1_epi_msi_tv_44slices_v1.nii;20240927_140047_4_1;CBC_1116_MSI_TV_v1_Vset4_Aset3_2024-09-27_13h59.22.080.csv;2;tv;vib;v1
CBC_1116;mr5709_cbc_1116_20240927_145958_9_1_epi_msi_av_44slices_v1.nii;20240927_145958_9_1;CBC_1116_MSI_AV_v1_Vset6_Aset6_2024-09-27_14h58.15.425.csv;3;av;syll;v1
CBC_1117;mr5576_cbc_1117_20240612_144840_3_1_epi_msi_av_44slices_v3.nii;20240612_144840_3_1;CBC_1117_MSI_AV_v3_Vset3_Aset4_2024-06-12_14h47.27.552.csv;1;av;syll;v3
CBC_1117;mr5576_cbc_1117_20240612_145702_4_1_epi_msi_av_44slices_v3.nii;20240612_145702_4_1;CBC_1117_MSI_AV_v3_Vset2_Aset3_2024-06-12_14h56.14.456.csv;2;av;env;v3
CBC_1117;mr5576_cbc_1117_20240612_154449_9_1_epi_msi_tv_44slices_v3.nii;20240612_154449_9_1;CBC_1117_MSI_TV_v3_Vset1_Tset2_2024-06-12_15h43.57.296.csv;3;tv;vib;v3
CBC_1118;mr5600_cbc_1118_20240629_141105_3_1_epi_msi_tv_44slices_v3.nii;20240629_141105_3_1;CBC_1118_MSI_TV_v3_Vset6_Tset1_2024-06-29_14h09.41.802.csv;1;tv;vib;v3
CBC_1118;mr5600_cbc_1118_20240629_141938_4_1_epi_msi_av_44slices_v3.nii;20240629_141938_4_1;CBC_1118_MSI_AV_v3_Vset5_Aset2_2024-06-29_14h18.38.427.csv;2;av;env;v3
CBC_1118;mr5600_cbc_1118_20240629_150744_9_1_epi_msi_av_44slices_v3.nii;20240629_150744_9_1;CBC_1118_MSI_AV_v3_Vset4_Aset6_2024-06-29_15h06.44.411.csv;3;av;syll;v3
CBC_1119;mr5545_cbc_1119_20240522_153104_3_1_epi_msi_av_44slices_v3.nii;20240522_153104_3_1;CBC_1119_MSI_AV_v3_Vset1_Aset5_2024-05-22_15h29.43.380.csv;1;av;syll;v3
CBC_1119;mr5545_cbc_1119_20240522_153929_4_1_epi_msi_tv_44slices_v3.nii;20240522_153929_4_1;CBC_1119_MSI_TV_v3_Vset2_Tset2_2024-05-22_15h38.34.876.csv;2;tv;vib;v3
CBC_1119;mr5545_cbc_1119_20240522_163120_9_1_epi_msi_av_44slices_v3.nii;20240522_163120_9_1;CBC_1119_MSI_AV_v3_Vset3_Aset1_2024-05-22_16h30.20.038.csv;3;av;env;v3
CBC_1120;mr5581_cbc_1120_20240614_144509_3_1_epi_msi_tv_44slices_v3.nii;20240614_144509_3_1;CBC_1120_MSI_TV_v3_Vset6_Tset3_2024-06-14_14h44.03.595.csv;1;tv;vib;v3
CBC_1120;mr5581_cbc_1120_20240614_145325_4_1_epi_msi_av_44slices_v3.nii;20240614_145325_4_1;CBC_1120_MSI_AV_v3_Vset5_Aset5_2024-06-14_14h52.40.106.csv;2;av;syll;v3
CBC_1120;mr5581_cbc_1120_20240614_154454_9_1_epi_msi_av_44slices_v3.nii;20240614_154454_9_1;CBC_1120_MSI_AV_v3_Vset4_Aset3_2024-06-14_15h43.58.202.csv;3;av;env;v3
CBC_1121;mr5629_cbc_1121_20240731_142025_3_1_epi_msi_av_44slices_v3.nii;20240731_142025_3_1;CBC_1121_MSI_AV_v3_Vset3_Aset1_2024-07-31_14h19.10.117.csv;1;av;env;v3
CBC_1121;mr5629_cbc_1121_20240731_142853_4_1_epi_msi_av_44slices_v3.nii;20240731_142853_4_1;CBC_1121_MSI_AV_v3_Vset1_Aset4_2024-07-31_14h27.50.028.csv;2;av;syll;v3
CBC_1121;mr5638_cbc_1121_20240807_134530_3_1_epi_msi_av_44slices_v3.nii;20240807_134530_3_1;CBC_1121_MSI_AV_v3_Vset6_Aset3_2024-08-07_13h43.57.969.csv;3;av;env;v3
CBC_1121;mr5638_cbc_1121_20240807_135420_4_1_epi_msi_av_44slices_v3.nii;20240807_135420_4_1;CBC_1121_MSI_AV_v3_Vset4_Aset5_2024-08-07_13h52.54.960.csv;4;av;syll;v3
CBC_1121;mr5638_cbc_1121_20240807_143309_8_1_epi_msi_tv_44slices_v3.nii;20240807_143309_8_1;CBC_1121_MSI_TV_v3_Vset5_Tset3_2024-08-07_14h31.56.468.csv;5;tv;vib;v3
CBC_1122;mr5664_cbc_1122_20240825_134203_3_1_epi_msi_av_44slices_v3.nii;20240825_134203_3_1;CBC_1122_MSI_AV_v3_Vset4_Aset2_2024-08-25_13h40.21.283.csv;1;av;env;v3
CBC_1122;mr5664_cbc_1122_20240825_135154_4_1_epi_msi_tv_44slices_v3.nii;20240825_135154_4_1;CBC_1122_MSI_TV_v3_Vset5_Tset1_2024-08-25_13h49.30.818.csv;2;tv;vib;v3
CBC_1122;mr5664_cbc_1122_20240825_151833_9_1_epi_msi_av_44slices_v3.nii;20240825_151833_9_1;CBC_1122_MSI_AV_v3_Vset6_Aset6_2024-08-25_15h16.59.202.csv;3;av;syll;v3
CBC_1123;mr5798_cbc_1123_20240531_135141_3_1_epi_msi_av_44slices_v3.nii;20240531_135141_3_1;CBC_1123_MSI_AV_v3_Vset3_Aset4_2024-05-31_13h50.29.989.csv;1;av;syll;v3
CBC_1123;mr5798_cbc_1123_20240531_140001_4_1_epi_msi_av_44slices_v3.nii;20240531_140001_4_1;CBC_1123_MSI_AV_v3_Vset1_Aset1_2024-05-31_13h59.09.589.csv;2;av;env;v3
CBC_1123;mr5798_cbc_1123_20240531_150157_10_1_epi_msi_tv_44slices_v3.nii;20240531_150157_10_1;CBC_1123_MSI_TV_v3_Vset2_Tset3_2024-05-31_15h01.23.059.csv;3;tv;vib;v3
CBC_1124;mr5678_cbc_1124_20240905_142037_3_1_epi_msi_tv_44slices_v3.nii;20240905_142037_3_1;CBC_1124_MSI_TV_v3_Vset6_Tset1_2024-09-05_14h18.47.507.csv;1;tv;vib;v3
CBC_1124;mr5678_cbc_1124_20240905_142938_4_1_epi_msi_av_44slices_v3.nii;20240905_142938_4_1;CBC_1124_MSI_AV_v3_Vset4_Aset2_2024-09-05_14h27.55.081.csv;2;av;env;v3
CBC_1124;mr5678_cbc_1124_20240905_153240_10_1_epi_msi_av_44slices_v3.nii;20240905_153240_10_1;CBC_1124_MSI_AV_v3_Vset5_Aset6_2024-09-05_15h30.56.922.csv;3;av;syll;v3
CBC_1125;mr5641_cbc_1125_20240809_141643_3_1_epi_msi_av_44slices_v3.nii;20240809_141643_3_1;CBC_1125_MSI_AV_v3_Vset1_Aset5_2024-08-09_14h15.17.704.csv;1;av;syll;v3
CBC_1125;mr5641_cbc_1125_20240809_142522_4_1_epi_msi_tv_44slices_v3.nii;20240809_142522_4_1;CBC_1125_MSI_TV_v3_Vset3_Tset2_2024-08-09_14h24.11.046.csv;2;tv;vib;v3
CBC_1125;mr5641_cbc_1125_20240809_151507_9_1_epi_msi_av_44slices_v3.nii;20240809_151507_9_1;CBC_1125_MSI_AV_v3_Vset2_Aset3_2024-08-09_15h13.56.801.csv;3;av;env;v3
CBC_1127;mr5593_cbc_1127_20240626_160534_3_1_epi_msi_av_44slices_v3.nii;20240626_160534_3_1;CBC_1127_MSI_AV_v3_Vset1_Aset1_2024-06-26_16h04.31.880.csv;1;av;env;v3
CBC_1127;mr5593_cbc_1127_20240626_161401_4_1_epi_msi_av_44slices_v3.nii;20240626_161401_4_1;CBC_1127_MSI_AV_v3_Vset2_Aset4_2024-06-26_16h13.06.551.csv;2;av;syll;v3
CBC_1127;mr5593_cbc_1127_20240626_170739_10_1_epi_msi_tv_44slices_v3.nii;20240626_170739_10_1;CBC_1127_MSI_TV_v3_Vset3_Tset3_2024-06-26_17h06.56.696.csv;3;tv;vib;v3
CBC_1128;mr5705_cbc_1128_20240925_155744_3_1_epi_msi_av_44slices_v3.nii;20240925_155744_3_1;CBC_1128_MSI_AV_v3_Vset5_Aset2_2024-09-25_15h55.46.909.csv;1;av;env;v3
CBC_1128;mr5705_cbc_1128_20240925_160612_4_1_epi_msi_tv_44slices_v3.nii;20240925_160612_4_1;CBC_1128_MSI_TV_v3_Vset6_Tset1_2024-09-25_16h04.53.379.csv;2;tv;vib;v3
CBC_1128;mr5705_cbc_1128_20240925_171410_11_1_epi_msi_av_44slices_v3.nii;20240925_171410_11_1;CBC_1128_MSI_AV_v3_Vset4_Aset6_2024-09-25_17h12.21.689.csv;3;av;syll;v3
CBC_1129;mr5706_cbc_1129_20240925_141623_3_1_epi_msi_av_44slices_v3.nii;20240925_141623_3_1;CBC_1129_MSI_AV_v3_Vset1_Aset4_2024-09-25_14h14.17.173.csv;1;av;syll;v3
CBC_1129;mr5706_cbc_1129_20240925_150551_6_1_epi_msi_av_44slices_v3.nii;20240925_150551_6_1;CBC_1129_MSI_AV_v3_Vset3_Aset1_2024-09-25_15h04.08.990.csv;2;av;env;v3
CBC_1129;mr5706_cbc_1129_20240925_151404_7_1_epi_msi_tv_44slices_v3.nii;20240925_151404_7_1;CBC_1129_MSI_TV_v3_Vset2_Tset1_2024-09-25_15h12.48.862.csv;3;tv;vib;v3
CBC_1130;mr5601_cbc_1130_20240630_093855_3_1_epi_msi_tv_44slices_v3.nii;20240630_093855_3_1;CBC_1130_MSI_TV_v3_Vset4_Tset2_2024-06-30_09h37.34.134.csv;1;tv;vib;v3
CBC_1130;mr5601_cbc_1130_20240630_094726_4_1_epi_msi_av_44slices_v3.nii;20240630_094726_4_1;CBC_1130_MSI_AV_v3_Vset5_Aset3_2024-06-30_09h46.27.052.csv;2;av;env;v3
CBC_1130;mr5601_cbc_1130_20240630_103811_10_1_epi_msi_av_44slices_v3.nii;20240630_103811_10_1;CBC_1130_MSI_AV_v3_Vset6_Aset6_2024-06-30_10h36.59.391.csv;3;av;syll;v3
CBC_1131;mr5586_cbc_1131_20240619_141630_4_1_epi_msi_av_44slices_v3.nii;20240619_141630_4_1;CBC_1131_MSI_AV_v3_Vset2_Aset5_2024-06-19_14h15.29.825.csv;1;av;syll;v3
CBC_1131;mr5586_cbc_1131_20240619_142449_5_1_epi_msi_tv_44slices_v3.nii;20240619_142449_5_1;CBC_1131_MSI_TV_v3_Vset1_Tset1_2024-06-19_14h24.04.175.csv;2;tv;vib;v3
CBC_1131;mr5586_cbc_1131_20240619_152312_12_1_epi_msi_av_44slices_v3.nii;20240619_152312_12_1;CBC_1131_MSI_AV_v3_Vset3_Aset2_2024-06-19_15h22.30.967.csv;3;av;env;v3
CBC_1132;mr5589_cbc_1132_20240621_123821_3_1_epi_msi_tv_44slices_v3.nii;20240621_123821_3_1;CBC_1132_MSI_TV_v3_Vset5_Tset2_2024-06-21_12h37.13.607.csv;1;tv;vib;v3
CBC_1132;mr5589_cbc_1132_20240621_124659_4_1_epi_msi_av_44slices_v3.nii;20240621_124659_4_1;CBC_1132_MSI_AV_v3_Vset4_Aset5_2024-06-21_12h45.53.789.csv;2;av;syll;v3
CBC_1132;mr5589_cbc_1132_20240621_133225_9_1_epi_msi_av_44slices_v3.nii;20240621_133225_9_1;CBC_1132_MSI_AV_v3_Vset6_Aset1_2024-06-21_13h31.32.169.csv;3;av;env;v3
CBC_1133;mr5734_cbc_1133_20241011_142137_3_1_epi_msi_av_44slices_v1.nii;20241011_142137_3_1;CBC_1133_MSI_AV_v1_Vset3_Aset2_2024-10-11_14h20.04.910.csv;1;av;env;v1
CBC_1133;mr5734_cbc_1133_20241011_143136_4_1_epi_msi_av_44slices_v1.nii;20241011_143136_4_1;CBC_1133_MSI_AV_v1_Vset1_Aset4_2024-10-11_14h30.31.053.csv;2;av;syll;v1
CBC_1133;mr5734_cbc_1133_20241011_151835_9_1_epi_msi_tv_44slices_v1.nii;20241011_151835_9_1;CBC_1133_MSI_TV_v1_Vset2_Aset1_2024-10-11_15h17.15.320.csv;3;tv;vib;v1
CBC_1134;mr5630_cbc_1134_20240802_144935_5_1_epi_msi_tv_44slices_v3.nii;20240802_144935_5_1;CBC_1134_MSI_TV_v3_Vset4_Tset2_2024-08-02_14h48.41.829.csv;1;tv;vib;v3
CBC_1134;mr5630_cbc_1134_20240802_154610_10_1_epi_msi_av_44slices_v3.nii;20240802_154610_10_1;CBC_1134_MSI_AV_v3_Vset2_Aset2_2024-08-02_15h45.07.110.csv;2;av;env;v3
CBC_1135;mr5693_cbc_1135_20240918_145918_3_1_epi_msi_av_44slices_v3.nii;20240918_145918_3_1;CBC_1135_MSI_AV_v3_Vset1_Aset4_2024-09-18_14h57.33.026.csv;1;av;syll;v3
CBC_1135;mr5693_cbc_1135_20240918_150754_4_1_epi_msi_av_44slices_v3.nii;20240918_150754_4_1;CBC_1135_MSI_AV_v3_Vset2_Aset3_2024-09-18_15h07.02.618.csv;2;av;env;v3
CBC_1135;mr5693_cbc_1135_20240918_160403_9_1_epi_msi_tv_44slices_v3.nii;20240918_160403_9_1;CBC_1135_MSI_TV_v3_Vset3_Tset1_2024-09-18_16h02.33.291.csv;3;tv;vib;v3
CBC_1136;mr5648_cbc_1136_20240814_142127_3_1_epi_msi_tv_44slices_v3.nii;20240814_142127_3_1;CBC_1136_MSI_TV_v3_Vset4_Tset3_2024-08-14_14h20.03.262.csv;1;tv;vib;v3
CBC_1136;mr5648_cbc_1136_20240814_143046_4_1_epi_msi_av_44slices_v3.nii;20240814_143046_4_1;CBC_1136_MSI_AV_v3_Vset5_Aset1_2024-08-14_14h29.37.435.csv;2;av;env;v3
CBC_1136;mr5648_cbc_1136_20240814_152042_9_1_epi_msi_av_44slices_v3.nii;20240814_152042_9_1;CBC_1136_MSI_AV_v3_Vset6_Aset6_2024-08-14_15h19.11.102.csv;3;av;syll;v3
CBC_1136;mr5648_cbc_1136_20240911_165647_3_1_epi_msi_tv_44slices_v3.nii;20240911_165647_3_1;CBC_1136_MSI_TV_v3_Vset1_Tset1_2024-09-11_16h55.09.046.csv;4;tv;vib;v3
CBC_1136;mr5648_cbc_1136_20240911_170504_4_1_epi_msi_av_44slices_v3.nii;20240911_170504_4_1;CBC_1136_MSI_AV_v3_Vset3_Aset3_2024-09-11_17h04.04.997.csv;5;av;env;v3
CBC_1136;mr5648_cbc_1136_20240911_172337_8_1_epi_msi_av_44slices_v3.nii;20240911_172337_8_1;CBC_1136_MSI_AV_v3_Vset2_Aset5_2024-09-11_17h22.14.947.csv;6;av;syll;v3
CBC_1137;mr5675_cbc_1137_20240831_144155_3_1_epi_msi_av_44slices_v3.nii;20240831_144155_3_1;CBC_1137_MSI_AV_v3_Vset2_Aset5_2024-08-31_14h40.05.462.csv;1;av;syll;v3
CBC_1137;mr5675_cbc_1137_20240831_145001_4_1_epi_msi_tv_44slices_v3.nii;20240831_145001_4_1;CBC_1137_MSI_TV_v3_Vset1_Tset3_2024-08-31_14h49.00.820.csv;2;tv;vib;v3
CBC_1137;mr5675_cbc_1137_20240831_154539_9_1_epi_msi_av_44slices_v3.nii;20240831_154539_9_1;CBC_1137_MSI_AV_v3_Vset3_Aset1_2024-08-31_15h44.06.941.csv;3;av;env;v3
CBC_1138;mr5618_cbc_1138_20240724_142059_3_1_epi_msi_tv_44slices_v3.nii;20240724_142059_3_1;CBC_1138_MSI_TV_v3_Vset4_Tset3_2024-07-24_14h19.30.560.csv;1;tv;vib;v3
CBC_1138;mr5618_cbc_1138_20240724_142917_4_1_epi_msi_av_44slices_v3.nii;20240724_142917_4_1;CBC_1138_MSI_AV_v3_Vset5_Aset5_2024-07-24_14h28.17.702.csv;2;av;syll;v3
CBC_1138;mr5618_cbc_1138_20240724_151637_9_1_epi_msi_av_44slices_v3.nii;20240724_151637_9_1;CBC_1138_MSI_AV_v3_Vset6_Aset2_2024-07-24_15h15.32.121.csv;3;av;env;v3
CBC_1139;mr5612_cbc_1139_20240708_161344_4_1_epi_msi_av_44slices_v3.nii;20240708_161344_4_1;CBC_1139_MSI_AV_v3_Vset2_Aset3_2024-07-08_16h12.35.623.csv;1;av;env;v3
CBC_1139;mr5612_cbc_1139_20240708_162214_5_1_epi_msi_av_44slices_v3.nii;20240708_162214_5_1;CBC_1139_MSI_AV_v3_Vset3_Aset4_2024-07-08_16h21.14.319.csv;2;av;syll;v3
CBC_1139;mr5612_cbc_1139_20240708_171227_10_1_epi_msi_tv_44slices_v3.nii;20240708_171227_10_1;CBC_1139_MSI_TV_v3_Vset1_Tset3_2024-07-08_17h11.14.330.csv;3;tv;vib;v3
CBC_1140;mr5631_cbc_1140_20240802_165243_4_1_epi_msi_av_44slices_v3.nii;20240802_165243_4_1;CBC_1140_MSI_AV_v3_Vset4_Aset3_2024-08-02_16h51.49.877.csv;1;av;env;v3
CBC_1140;mr5631_cbc_1140_20240802_170100_5_1_epi_msi_tv_44slices_v3.nii;20240802_170100_5_1;CBC_1140_MSI_TV_v3_Vset6_Tset2_2024-08-02_17h00.06.557.csv;2;tv;vib;v3
CBC_1140;mr5631_cbc_1140_20240802_174613_10_1_epi_msi_av_44slices_v3.nii;20240802_174613_10_1;CBC_1140_MSI_AV_v3_Vset5_Aset6_2024-08-02_17h44.56.777.csv;3;av;syll;v3
CBC_1140;mr5631_cbc_1140_20240802_175620_11_1_epi_msi_tv_44slices_v3.nii;20240802_175620_11_1;CBC_1140_MSI_TV_v3_Vset3_Tset3_2024-08-02_17h55.24.175.csv;4;tv;vib;v3
CBC_1141;mr5677_cbc_1141_20240904_142224_3_1_epi_msi_av_44slices_v3.nii;20240904_142224_3_1;CBC_1141_MSI_AV_v3_Vset3_Aset4_2024-09-04_14h20.47.285.csv;1;av;syll;v3
CBC_1141;mr5677_cbc_1141_20240904_143139_4_1_epi_msi_av_44slices_v3.nii;20240904_143139_4_1;CBC_1141_MSI_AV_v3_Vset1_Aset3_2024-09-04_14h30.18.956.csv;2;av;env;v3
CBC_1141;mr5677_cbc_1141_20240904_154036_9_1_epi_msi_tv_44slices_v3.nii;20240904_154036_9_1;CBC_1141_MSI_TV_v3_Vset2_Tset1_2024-09-04_15h39.25.645.csv;3;tv;vib;v3
CBC_1142;mr5751_cbc_1142_20241106_145724_4_1_epi_msi_tv_44slices_v3.nii;20241106_145724_4_1;CBC_1142_MSI_TV_v3_Vset6_Tset2_2024-11-06_14h55.07.235.csv;1;tv;vib;v3
CBC_1142;mr5751_cbc_1142_20241106_150548_5_1_epi_msi_av_44slices_v3.nii;20241106_150548_5_1;CBC_1142_MSI_AV_v3_Vset4_Aset2_2024-11-06_15h03.57.589.csv;2;av;env;v3
CBC_1142;mr5751_cbc_1142_20241106_160039_10_1_epi_msi_av_44slices_v3.nii;20241106_160039_10_1;CBC_1142_MSI_AV_v3_Vset5_Aset6_2024-11-06_15h58.35.608.csv;3;av;syll;v3
CBC_1143;mr5710_cbc_1143_20240927_161546_3_1_epi_msi_av_44slices_v3.nii;20240927_161546_3_1;CBC_1143_MSI_AV_v3_Vset1_Aset5_2024-09-27_16h13.44.429.csv;1;av;syll;v3
CBC_1143;mr5710_cbc_1143_20240927_162359_4_1_epi_msi_tv_44slices_v3.nii;20240927_162359_4_1;CBC_1143_MSI_TV_v3_Vset2_Tset2_2024-09-27_16h22.40.071.csv;2;tv;vib;v3
CBC_1143;mr5710_cbc_1143_20240927_171257_9_1_epi_msi_av_44slices_v3.nii;20240927_171257_9_1;CBC_1143_MSI_AV_v3_Vset3_Aset2_2024-09-27_17h11.17.983.csv;3;av;env;v3
CBC_1143;mr5710_cbc_1143_20240927_172748_11_1_epi_msi_tv_44slices_v3.nii;20240927_172748_11_1;CBC_1143_MSI_TV_v3_Vset6_Tset3_2024-09-27_17h26.52.082.csv;4;tv;vib;v3
CBC_1144;mr5735_cbc_1144_20241016_135933_3_1_epi_msi_tv_44slices_v3.nii;20241016_135933_3_1;CBC_1144_MSI_TV_v3_Vset5_Tset2_2024-10-16_13h57.49.373.csv;1;tv;vib;v3
CBC_1144;mr5735_cbc_1144_20241016_140743_4_1_epi_msi_av_44slices_v3.nii;20241016_140743_4_1;CBC_1144_MSI_AV_v3_Vset4_Aset5_2024-10-16_14h06.45.961.csv;2;av;syll;v3
CBC_1144;mr5735_cbc_1144_20241016_150113_9_1_epi_msi_av_44slices_v3.nii;20241016_150113_9_1;CBC_1144_MSI_AV_v3_Vset6_Aset2_2024-10-16_15h00.07.136.csv;3;av;env;v3
CBC_1145;mr5662_cbc_1145_20240823_144143_3_1_epi_msi_av_44slices_v3.nii;20240823_144143_3_1;CBC_1145_MSI_AV_v3_Vset3_Aset3_2024-08-23_14h40.03.531.csv;1;av;env;v3
CBC_1145;mr5662_cbc_1145_20240823_145116_4_1_epi_msi_av_44slices_v3.nii;20240823_145116_4_1;CBC_1145_MSI_AV_v3_Vset2_Aset4_2024-08-23_14h49.49.523.csv;2;av;syll;v3
CBC_1145;mr5662_cbc_1145_20240823_153559_9_1_epi_msi_tv_44slices_v3.nii;20240823_153559_9_1;CBC_1145_MSI_TV_v3_Vset1_Tset3_2024-08-23_15h34.26.157.csv;3;tv;vib;v3
CBC_1146;mr5687_cbc_1146_20240911_143738_4_1_epi_msi_av_44slices_v3.nii;20240911_143738_4_1;CBC_1146_MSI_AV_v3_Vset4_Aset3_2024-09-11_14h37.04.530.csv;1;av;env;v3
CBC_1146;mr5687_cbc_1146_20240911_144601_5_1_epi_msi_tv_44slices_v3.nii;20240911_144601_5_1;CBC_1146_MSI_TV_v3_Vset6_Tset1_2024-09-11_14h45.07.369.csv;2;tv;vib;v3
CBC_1146;mr5687_cbc_1146_20240911_153943_10_1_epi_msi_av_44slices_v3.nii;20240911_153943_10_1;CBC_1146_MSI_AV_v3_Vset5_Aset6_2024-09-11_15h38.31.464.csv;3;av;syll;v3
CBC_1147;mr5694_cbc_1147_20240918_165312_3_1_epi_msi_tv_44slices_v3.nii;20240918_165312_3_1;CBC_1147_MSI_TV_v3_Vset5_Tset2_2024-09-18_16h51.29.869.csv;1;tv;vib;v3
CBC_1147;mr5694_cbc_1147_20240918_170125_4_1_epi_msi_av_44slices_v3.nii;20240918_170125_4_1;CBC_1147_MSI_AV_v3_Vset4_Aset5_2024-09-18_17h00.43.373.csv;2;av;syll;v3
CBC_1147;mr5694_cbc_1147_20240918_175900_9_1_epi_msi_av_44slices_v3.nii;20240918_175900_9_1;CBC_1147_MSI_AV_v3_Vset6_Aset2_2024-09-18_17h57.38.245.csv;3;av;env;v3
CBC_1148;mr5640_cbc_1148_20240809_111011_3_1_epi_msi_tv_44slices_v3.nii;20240809_111011_3_1;CBC_1148_MSI_TV_v3_Vset6_Tset1_2024-08-09_11h08.34.377.csv;1;tv;vib;v3
CBC_1148;mr5640_cbc_1148_20240809_112122_5_1_epi_msi_av_44slices_v3.nii;20240809_112122_5_1;CBC_1148_MSI_AV_v3_Vset5_Aset3_2024-08-09_11h20.07.574.csv;2;av;env;v3
CBC_1148;mr5640_cbc_1148_20240809_121817_12_1_epi_msi_av_44slices_v3.nii;20240809_121817_12_1;CBC_1148_MSI_AV_v3_Vset4_Aset6_2024-08-09_12h16.53.846.csv;3;av;syll;v3
CBC_1149;mr5749_cbc_1149_20241102_133919_3_1_epi_msi_av_44slices_v1.nii;20241102_133919_3_1;CBC_1149_MSI_AV_v1_Vset2_Aset5_2024-11-02_13h36.56.134.csv;1;av;syll;v1
CBC_1149;mr5749_cbc_1149_20241102_134711_4_1_epi_msi_tv_44slices_v1.nii;20241102_134711_4_1;CBC_1149_MSI_TV_v1_Vset1_Aset3_2024-11-02_13h45.43.453.csv;2;tv;vib;v1
CBC_1149;mr5749_cbc_1149_20241102_144121_9_1_epi_msi_av_44slices_v1.nii;20241102_144121_9_1;CBC_1149_MSI_AV_v1_Vset3_Aset2_2024-11-02_14h39.25.429.csv;3;av;env;v1
CBC_1149;mr5749_cbc_1149_20241102_145536_11_1_epi_msi_tv_44slices_v1.nii;20241102_145536_11_1;CBC_1149_MSI_TV_v1_Vset5_Aset2_2024-11-02_14h54.25.240.csv;4;tv;vib;v1
