trials_runs.thisRepN,trials_runs.thisTrialN,trials_runs.thisN,trials_runs.thisIndex,standbild_start.started,standbild_start.stopped,trigger.keys,trigger.rt,trigger.started,trigger.stopped,keys_2.keys,keys_2.started,keys_2.stopped,trials_runs.visual_stim,trials_runs.auditory_stim,trials_runs.correctPair,trials_runs.presentationFrequncy,trials_runs.FBaccuracy,trials_runs.ISI_s,trials_runs.ITI_s,keys_3.keys,keys_3.started,keys_3.stopped,image_4.started,image_4.stopped,sound_4.started,sound_4.stopped,response_4.keys,response_4.started,response_4.stopped,response_5.keys,response_5.rt,response_5.started,response_5.stopped,response_runs.keys,response_runs.rt,trials_runs.correct_answer,trials_runs.feedback_given,trials_runs.running_mean,feedback_6.started,feedback_6.stopped,keys_6.keys,keys_6.started,keys_6.stopped,response_4.rt,keys_6.rt,keys_3.rt,keys_7.keys,keys_7.started,keys_7.stopped,standbild_end.started,standbild_end.stopped,Stop_exp.keys,Stop_exp.started,Stop_exp.stopped,ts_difficulty,visualPair,audioPair,yesKey,noKey,trials_runs.mean_acc_1stThird,trials_runs.mean_acc_2ndThird,trials_runs.mean_acc_3rdThird,nbCorrect,nbOmissions,nbIncorrect,participant,session,visual set [1-6],audio set [1-3 / 4-6],trial structure [0-3 / 4-7],pairing [0-23],prob Feedback,date,expName,psychopyVersion,frameRate,
,,,,526.6177044999986,None,t,73.21938740000041,526.6177044999986,None,,,,,,,,,,,,,,,,,,,,,,,,,,,,,,,,,,,,,,,,,,,,,,,,,,,,,,,,,CBC_1032,001,2,2,3,7,0.95,2023-10-20_11h21.24.835,MSI_AV_v1,2022.1.1,59.953368270164056,
,,,,,,,,,,None,599.8675132999997,None,,,,,,,,,,,,,,,,,,,,,,,,,,,,,,,,,,,,,,,,,,,,,,,,,,,,,,CBC_1032,001,2,2,3,7,0.95,2023-10-20_11h21.24.835,MSI_AV_v1,2022.1.1,59.953368270164056,
0,0,0,0,,,,,,,,,,1,1,0,36,1,2.755584162388418,2.68012679460483,None,600.0674087999996,None,602.9637600999995,None,602.9667086,None,None,602.9637600999995,None,['z'],[0.5619239999996353],604.7506913999987,None,z,2.5619239999996353,1,1,1.0,607.5403776000003,None,None,607.5403776000003,None,,,,,,,,,,,,,,,,,,,,,,,CBC_1032,001,2,2,3,7,0.95,2023-10-20_11h21.24.835,MSI_AV_v1,2022.1.1,59.953368270164056,
1,0,1,0,,,,,,,,,,0,2,0,36,1,4.3560033776911595,2.711340609857,None,609.3340708999986,None,612.1091476999991,None,612.117443579999,None,['z'],612.1091476999991,None,None,,614.034376399999,None,z,1.6909636000000319,1,1,1.0,618.4082387999988,None,None,618.4082387999988,None,[1.6909636000000319],,,,,,,,,,,,,,,,,,,,,,CBC_1032,001,2,2,3,7,0.95,2023-10-20_11h21.24.835,MSI_AV_v1,2022.1.1,59.953368270164056,
2,0,2,0,,,,,,,,,,1,0,0,14,1,2.664345149861413,2.71666458349534,None,620.2174994999987,None,622.995617999999,None,623.0007358400005,None,None,622.995617999999,None,['b'],[0.6595825999993394],624.9345130000002,None,b,2.6595825999993394,0,0,0.6666666666666666,627.6077638999996,None,None,627.6077638999996,None,,,,,,,,,,,,,,,,,,,,,,,CBC_1032,001,2,2,3,7,0.95,2023-10-20_11h21.24.835,MSI_AV_v1,2022.1.1,59.953368270164056,
3,0,3,0,,,,,,,,,,2,1,1,50,1,3.8873543302872697,3.19646747994707,None,629.4174241000001,None,632.682165799999,None,632.6839203400002,None,None,632.682165799999,None,['z'],[0.43641159999970114],634.6173287999991,None,z,2.436411599999701,0,0,0.5,638.5244915000003,None,None,638.5244915000003,None,,,,,,,,,,,,,,,,,,,,,,,CBC_1032,001,2,2,3,7,0.95,2023-10-20_11h21.24.835,MSI_AV_v1,2022.1.1,59.953368270164056,
4,0,4,0,,,,,,,,,,0,0,1,50,1,3.22645636662535,0.864984636888209,None,640.3341557000003,None,641.2551621000002,None,641.2672290399994,None,None,641.2551621000002,None,['z'],[0.37767259999964153],643.2007257999994,None,z,2.3776725999996415,0,0,0.4,646.4414569,None,None,646.4414569,None,,,,,,,,,,,,,,,,,,,,,,,CBC_1032,001,2,2,3,7,0.95,2023-10-20_11h21.24.835,MSI_AV_v1,2022.1.1,59.953368270164056,
5,0,5,0,,,,,,,,,,0,0,1,50,1,2.661399651610695,0.886051557539332,None,648.2508233999997,None,649.1904576999987,None,649.2004106400007,None,None,649.1904576999987,None,['b'],[0.5761461000001873],651.134168999999,None,b,2.5761461000001873,1,1,0.5,653.8106917999994,None,None,653.8106917999994,None,,,,,,,,,,,,,,,,,,,,,,,CBC_1032,001,2,2,3,7,0.95,2023-10-20_11h21.24.835,MSI_AV_v1,2022.1.1,59.953368270164056,
6,0,6,0,,,,,,,,,,2,1,1,50,1,2.8965037234387068,0.859460502749755,None,655.6174222999998,None,656.5248204999989,None,656.5338594399989,None,None,656.5248204999989,None,['b'],[0.8251211999995576],658.4676588000002,None,b,2.8251211999995576,1,1,0.5714285714285714,661.3750184,None,None,661.3750184,None,,,,,,,,,,,,,,,,,,,,,,,CBC_1032,001,2,2,3,7,0.95,2023-10-20_11h21.24.835,MSI_AV_v1,2022.1.1,59.953368270164056,
7,0,7,0,,,,,,,,,,0,2,0,36,1,3.0109893695593497,2.19546497995913,None,663.1842252999995,None,665.4230341999992,None,665.4336067400006,None,None,665.4230341999992,None,['z'],[0.44817539999894507],667.3674374999991,None,z,2.448175399998945,1,1,0.625,670.3912327999988,None,None,670.3912327999988,None,,,,,,,,,,,,,,,,,,,,,,,CBC_1032,001,2,2,3,7,0.95,2023-10-20_11h21.24.835,MSI_AV_v1,2022.1.1,59.953368270164056,
8,0,8,0,,,,,,,,,,2,1,1,50,1,2.143942873030107,2.41859016397919,None,672.200813899999,None,674.7233574999991,None,674.73372846,None,['z'],674.7233574999991,None,None,,676.6176853999987,None,z,1.839460199998939,0,0,0.5555555555555556,678.7750263999988,None,None,678.7750263999988,None,[1.839460199998939],,,,,,,,,,,,,,,,,,,,,,CBC_1032,001,2,2,3,7,0.95,2023-10-20_11h21.24.835,MSI_AV_v1,2022.1.1,59.953368270164056,
9,0,9,0,,,,,,,,,,1,2,1,50,1,3.78496720151373,2.79689535976632,None,680.5843267,None,683.4417801,None,683.4506230399991,None,None,683.4417801,None,['z'],[0.34856910000053176],685.3842991000001,None,z,2.3485691000005318,0,0,0.5,689.1907859999992,None,None,689.1907859999992,None,,,,,,,,,,,,,,,,,,,,,,,CBC_1032,001,2,2,3,7,0.95,2023-10-20_11h21.24.835,MSI_AV_v1,2022.1.1,59.953368270164056,
10,0,10,0,,,,,,,,,,0,1,0,14,1,4.638307379983409,2.13476920223271,None,691.0011507999989,None,693.1911660999995,None,693.2006300399996,None,['b'],693.1911660999995,None,None,,695.1342294999995,None,b,1.855429400000503,0,0,0.45454545454545453,699.7917793999986,None,None,699.7917793999986,None,[1.855429400000503],,,,,,,,,,,,,,,,,,,,,,CBC_1032,001,2,2,3,7,0.95,2023-10-20_11h21.24.835,MSI_AV_v1,2022.1.1,59.953368270164056,
11,0,11,0,,,,,,,,,,1,2,1,50,1,2.269747919971076,1.1680331695907,None,701.6008540999992,None,702.8008671999996,None,702.7999585600002,None,['z'],702.8008671999996,None,None,,704.7511638999986,None,z,1.8980508000004193,0,0,0.4166666666666667,707.0358025999994,None,None,707.0358025999994,None,[1.8980508000004193],,,,,,,,,,,,,,,,,,,,,,CBC_1032,001,2,2,3,7,0.95,2023-10-20_11h21.24.835,MSI_AV_v1,2022.1.1,59.953368270164056,
12,0,12,0,,,,,,,,,,2,0,0,36,1,3.00565230777806,3.093067417437,None,708.8513569999996,None,711.9934787999991,None,712.00105134,None,None,711.9934787999991,None,['b'],[0.4799867000001541],713.93455,None,b,2.479986700000154,0,0,0.38461538461538464,716.9579702999999,None,None,716.9579702999999,None,,,,,,,,,,,,,,,,,,,,,,,CBC_1032,001,2,2,3,7,0.95,2023-10-20_11h21.24.835,MSI_AV_v1,2022.1.1,59.953368270164056,
13,0,13,0,,,,,,,,,,1,1,0,36,1,2.435645686656409,2.55132244875705,None,718.7676257000003,None,721.3725056999992,None,721.3848296399999,None,['z'],721.3725056999992,None,None,,723.3179875999995,None,z,1.7176681000000826,1,1,0.42857142857142855,725.7756704000003,None,None,725.7756704000003,None,[1.7176681000000826],,,,,,,,,,,,,,,,,,,,,,CBC_1032,001,2,2,3,7,0.95,2023-10-20_11h21.24.835,MSI_AV_v1,2022.1.1,59.953368270164056,
14,0,14,0,,,,,,,,,,2,0,0,36,1,2.0691390047117237,2.2926827756088,None,727.5843895999988,None,729.9244476999993,None,729.9343825399999,None,None,729.9244476999993,None,['b'],[0.509638300000006],731.8682391000002,None,b,2.509638300000006,0,0,0.4,733.9581701999996,None,None,733.9581701999996,None,,,,,,,,,,,,,,,,,,,,,,,CBC_1032,001,2,2,3,7,0.95,2023-10-20_11h21.24.835,MSI_AV_v1,2022.1.1,59.953368270164056,
15,0,15,0,,,,,,,,,,1,2,1,50,1,2.396355568442425,1.49331160364633,None,735.7670347999992,None,737.3084480999987,None,737.3174003400006,None,None,737.3084480999987,None,None,,739.2511646999992,None,[],[],0,3,0.375,741.6717085,None,['z'],741.6717085,None,,[1.1953835999993316],,,,,,,,,,,,,,,,,,,,,CBC_1032,001,2,2,3,7,0.95,2023-10-20_11h21.24.835,MSI_AV_v1,2022.1.1,59.953368270164056,
16,0,16,0,,,,,,,,,,2,0,0,36,1,4.75208449114276,2.46643561303325,None,743.4670057000003,None,745.9656264999994,None,745.96727226,None,None,745.9656264999994,None,['z'],[0.32721239999955287],747.9346157,None,z,2.327212399999553,1,1,0.4117647058823529,752.7087648999986,None,None,752.7087648999986,None,,,,,,,,,,,,,,,,,,,,,,,CBC_1032,001,2,2,3,7,0.95,2023-10-20_11h21.24.835,MSI_AV_v1,2022.1.1,59.953368270164056,
17,0,17,0,,,,,,,,,,1,2,1,50,1,2.038421555814887,2.46471651569721,None,754.5177363999992,None,757.0410898999999,None,757.0510274399992,None,['z'],757.0410898999999,None,None,,758.9839947,None,z,1.3520748999999341,0,0,0.3888888888888889,761.0419767000003,None,None,761.0419767000003,None,[1.3520748999999341],,,,,,,,,,,,,,,,,,,,,,CBC_1032,001,2,2,3,7,0.95,2023-10-20_11h21.24.835,MSI_AV_v1,2022.1.1,59.953368270164056,
18,0,18,0,,,,,,,,,,0,0,1,50,1,4.79396941305267,1.09364692357212,None,762.8514783999999,None,763.9671820999993,None,763.967266159999,None,None,763.9671820999993,None,['b'],[0.5340539999997418],765.9182623999986,None,b,2.534053999999742,1,1,0.42105263157894735,770.7258874999989,None,None,770.7258874999989,None,,,,,,,,,,,,,,,,,,,,,,,CBC_1032,001,2,2,3,7,0.95,2023-10-20_11h21.24.835,MSI_AV_v1,2022.1.1,59.953368270164056,
19,0,19,0,,,,,,,,,,2,1,1,50,1,3.75606544973216,1.23760834810881,None,772.5344499000003,None,773.8295619,None,773.8343084399992,None,None,773.8295619,None,None,,775.7681051,None,[],[],0,3,0.4,779.5339387000004,None,['z'],779.5339387000004,None,,[1.0848280000009254],,,,,,,,,,,,,,,,,,,,,CBC_1032,001,2,2,3,7,0.95,2023-10-20_11h21.24.835,MSI_AV_v1,2022.1.1,59.953368270164056,
20,0,20,0,,,,,,,,,,2,1,1,50,1,3.08399219778019,1.931001549337,None,781.3345712999999,None,783.3275744000002,None,783.3343061399999,None,['z'],783.3275744000002,None,['z'],[0.14467429999967862],785.2678591000004,None,z,0.9866761000012048,0,0,0.38095238095238093,788.3576149,None,None,788.3576149,None,[0.9866761000012048],,,,,,,,,,,,,,,,,,,,,,CBC_1032,001,2,2,3,7,0.95,2023-10-20_11h21.24.835,MSI_AV_v1,2022.1.1,59.953368270164056,
21,0,21,0,,,,,,,,,,0,2,0,36,1,2.0935163976022517,2.9722947448457,None,790.1680152999998,None,793.1846999999998,None,793.1843197999997,None,None,793.1846999999998,None,['b'],[0.21464470000137226],795.1346101999989,None,b,2.2146447000013723,0,0,0.36363636363636365,797.2338936999986,None,None,797.2338936999986,None,,,,,,,,,,,,,,,,,,,,,,,CBC_1032,001,2,2,3,7,0.95,2023-10-20_11h21.24.835,MSI_AV_v1,2022.1.1,59.953368270164056,
22,0,22,0,,,,,,,,,,1,0,0,14,1,4.85706913915242,0.767372347918183,None,799.0346532000003,None,799.8314195000003,None,799.833544459999,None,None,799.8314195000003,None,['z'],[0.42898370000148134],801.7846854999989,None,z,2.4289837000014813,1,1,0.391304347826087,806.6597844999997,None,None,806.6597844999997,None,,,,,,,,,,,,,,,,,,,,,,,CBC_1032,001,2,2,3,7,0.95,2023-10-20_11h21.24.835,MSI_AV_v1,2022.1.1,59.953368270164056,
23,0,23,0,,,,,,,,,,2,2,0,14,1,3.9110799880328697,2.93253104700369,None,808.4679206000001,None,811.4581793999987,None,811.4676907399996,None,['b'],811.4581793999987,None,None,,813.4013193999999,None,b,1.191484799999671,0,0,0.375,817.3244247000002,None,None,817.3244247000002,None,[1.191484799999671],,,,,,,,,,,,,,,,,,,,,,CBC_1032,001,2,2,3,7,0.95,2023-10-20_11h21.24.835,MSI_AV_v1,2022.1.1,59.953368270164056,
24,0,24,0,,,,,,,,,,0,0,1,50,0,4.057112590273469,2.24098228083631,['z'],819.1347029999997,None,821.4251561000001,None,821.4344312399996,None,None,821.4251561000001,None,None,,823.3680896999995,None,[],[],0,3,0.36,827.4403966999998,None,['z'],827.4403966999998,None,,[0.5280935999999201],[1.0204394000011234],,,,,,,,,,,,,,,,,,,,CBC_1032,001,2,2,3,7,0.95,2023-10-20_11h21.24.835,MSI_AV_v1,2022.1.1,59.953368270164056,
25,0,25,0,,,,,,,,,,1,1,0,36,1,2.533372966674614,0.872854310065634,None,829.2513354000002,None,830.1697531999998,None,830.1678886,None,['z'],830.1697531999998,None,None,,832.1181443999994,None,z,1.8198111000001518,1,1,0.38461538461538464,834.6611291999998,None,None,834.6611291999998,None,[1.8198111000001518],,,,,,,,,,,,,,,,,,,,,,CBC_1032,001,2,2,3,7,0.95,2023-10-20_11h21.24.835,MSI_AV_v1,2022.1.1,59.953368270164056,
26,0,26,0,,,,,,,,,,0,0,1,50,1,2.096051788593735,2.31238477131615,['b'],836.4680838999993,None,838.8422961999986,None,838.8513236400001,None,None,838.8422961999986,None,['z'],[0.9333503999987443],840.7838051999988,None,z,2.9333503999987443,0,0,0.37037037037037035,842.8918897000003,None,None,842.8918897000003,None,,,[1.656639400000131],,,,,,,,,,,,,,,,,,,,CBC_1032,001,2,2,3,7,0.95,2023-10-20_11h21.24.835,MSI_AV_v1,2022.1.1,59.953368270164056,
27,0,27,0,,,,,,,,,,1,1,0,36,1,4.79595120749692,2.96697800987238,['b'],844.7015754999993,None,847.7235666999986,None,847.7345983399998,None,"['z', 'z']",847.7235666999986,None,None,,849.6682825999997,None,z,0.9355424999994284,1,1,0.39285714285714285,854.4761968000003,None,None,854.4761968000003,None,"[0.9355424999994284, 1.8721946999994543]",,[1.7981751000006625],,,,,,,,,,,,,,,,,,,,CBC_1032,001,2,2,3,7,0.95,2023-10-20_11h21.24.835,MSI_AV_v1,2022.1.1,59.953368270164056,
28,0,28,0,,,,,,,,,,2,2,0,14,1,2.9608932424063896,1.14006717102905,None,856.2839941999991,None,857.4751801000002,None,857.48464064,None,None,857.4751801000002,None,['z'],[2.357165299999906],859.4179618999988,None,z,4.357165299999906,1,1,0.41379310344827586,862.3924779999998,None,None,862.3924779999998,None,,,,,,,,,,,,,,,,,,,,,,,CBC_1032,001,2,2,3,7,0.95,2023-10-20_11h21.24.835,MSI_AV_v1,2022.1.1,59.953368270164056,
29,0,29,0,,,,,,,,,,0,0,1,50,1,4.08205346963855,2.18142366553255,None,864.2015675000002,None,866.4164557999993,None,866.41713696,None,['b'],866.4164557999993,None,None,,868.3681766999998,None,b,1.643662399999812,1,1,0.43333333333333335,872.4588728999988,None,None,872.4588728999988,None,[1.643662399999812],,,,,,,,,,,,,,,,,,,,,,CBC_1032,001,2,2,3,7,0.95,2023-10-20_11h21.24.835,MSI_AV_v1,2022.1.1,59.953368270164056,
30,0,30,0,,,,,,,,,,1,2,1,50,1,2.93061443445534,3.25187717164471,['b'],874.2678189999988,None,877.5720657999991,None,877.5685246999992,None,"['z', 'z']",877.5720657999991,None,None,,879.5182746999999,None,z,0.1948816000003717,0,0,0.41935483870967744,882.459190399999,None,None,882.459190399999,None,"[0.1948816000003717, 1.3313679000002594]",,[0.46855090000099153],,,,,,,,,,,,,,,,,,,,CBC_1032,001,2,2,3,7,0.95,2023-10-20_11h21.24.835,MSI_AV_v1,2022.1.1,59.953368270164056,
31,0,31,0,,,,,,,,,,0,0,1,50,1,3.00616914487701,3.44771472893932,['b'],884.267622899999,None,887.7555364999989,None,887.76822814,None,"['b', 'b', 'b']",887.7555364999989,None,None,,889.7017278999992,None,b,0.5616200000004028,1,1,0.4375,892.7257568999994,None,None,892.7257568999994,None,"[0.5616200000004028, 1.1300976000002265, 1.7089878999995562]",,[1.646110800000315],,,,,,,,,,,,,,,,,,,,CBC_1032,001,2,2,3,7,0.95,2023-10-20_11h21.24.835,MSI_AV_v1,2022.1.1,59.953368270164056,
32,0,32,0,,,,,,,,,,1,1,0,36,1,2.260653249681576,2.32696722275902,None,894.5346327999996,None,896.9072324999997,None,896.9184463400004,None,['z'],896.9072324999997,None,None,,898.852073099999,None,z,0.7370396000005712,1,1,0.45454545454545453,901.1229621000002,None,None,901.1229621000002,None,[0.7370396000005712],,,,,,,,,,,,,,,,,,,,,,CBC_1032,001,2,2,3,7,0.95,2023-10-20_11h21.24.835,MSI_AV_v1,2022.1.1,59.953368270164056,
33,0,33,0,,,,,,,,,,0,2,0,36,1,3.0795770157756097,0.823898895776125,None,902.9353386999992,None,903.809570899999,None,903.8183018400002,None,['b'],903.809570899999,None,None,,905.7519351999999,None,b,1.5810288000011496,0,0,0.4411764705882353,908.8414138999997,None,None,908.8414138999997,None,[1.5810288000011496],,,,,,,,,,,,,,,,,,,,,,CBC_1032,001,2,2,3,7,0.95,2023-10-20_11h21.24.835,MSI_AV_v1,2022.1.1,59.953368270164056,
34,0,34,0,,,,,,,,,,2,1,1,50,0,2.070770331037005,1.52074017648695,None,910.6521099000001,None,912.2217776999987,None,912.2347672399999,None,['z'],912.2217776999987,None,None,,914.1683370999999,None,z,1.3070179000005737,0,1,0.42857142857142855,916.2595344999991,None,None,916.2595344999991,None,[1.3070179000005737],,,,,,,,,,,,,,,,,,,,,,CBC_1032,001,2,2,3,7,0.95,2023-10-20_11h21.24.835,MSI_AV_v1,2022.1.1,59.953368270164056,
35,0,35,0,,,,,,,,,,0,2,0,36,1,3.3535975560099702,1.93473628110684,None,918.0689028999986,None,920.0326743999995,None,920.0342161599993,None,['b'],920.0326743999995,None,None,,921.9854181999999,None,b,0.9576326999995217,0,0,0.4166666666666667,925.3508724999992,None,['z'],925.3508724999992,None,[0.9576326999995217],[0.5932677000000695],,,,,,,,,,,,,,,,,,,,,CBC_1032,001,2,2,3,7,0.95,2023-10-20_11h21.24.835,MSI_AV_v1,2022.1.1,59.953368270164056,
36,0,36,0,,,,,,,,,,2,1,1,50,1,3.19303509672656,1.92795341140246,None,927.1518947999994,None,929.1420328999993,None,929.1519387399992,None,"['z', 'z']",929.1420328999993,None,None,,931.0857331999996,None,z,0.4518857000002754,0,0,0.40540540540540543,934.2922122,None,None,934.2922122,None,"[0.4518857000002754, 1.6068458999998256]",,,,,,,,,,,,,,,,,,,,,,CBC_1032,001,2,2,3,7,0.95,2023-10-20_11h21.24.835,MSI_AV_v1,2022.1.1,59.953368270164056,
37,0,37,0,,,,,,,,,,1,2,1,50,1,4.89745263827305,1.90695111352951,None,936.1017467000001,None,938.0329089999996,None,938.0343296599996,None,['z'],938.0329089999996,None,None,,939.9855417999988,None,z,1.6117199000000255,0,0,0.39473684210526316,944.8924000999996,None,None,944.8924000999996,None,[1.6117199000000255],,,,,,,,,,,,,,,,,,,,,,CBC_1032,001,2,2,3,7,0.95,2023-10-20_11h21.24.835,MSI_AV_v1,2022.1.1,59.953368270164056,
38,0,38,0,,,,,,,,,,1,2,1,50,1,3.35750049552731,0.760509851028298,None,946.7022906999991,None,947.509127199999,None,947.51817964,None,None,947.509127199999,None,['z'],[2.927398499999981],949.4517741999989,None,z,4.927398499999981,0,0,0.38461538461538464,952.8243861999999,None,None,952.8243861999999,None,,,,,,,,,,,,,,,,,,,,,,,CBC_1032,001,2,2,3,7,0.95,2023-10-20_11h21.24.835,MSI_AV_v1,2022.1.1,59.953368270164056,
39,0,39,0,,,,,,,,,,2,0,0,36,1,4.18755802100366,2.99272735241982,None,954.6353772000002,None,957.6746069000001,None,957.6850493400004,None,None,957.6746069000001,None,['b'],[0.6352697000002081],959.6186908999989,None,b,2.635269700000208,0,0,0.375,963.8184734999995,None,None,963.8184734999995,None,,,,,,,,,,,,,,,,,,,,,,,CBC_1032,001,2,2,3,7,0.95,2023-10-20_11h21.24.835,MSI_AV_v1,2022.1.1,59.953368270164056,
40,0,40,0,,,,,,,,,,0,1,0,14,1,3.8484563543876202,1.49618260131236,None,965.6186354999991,None,967.1708774999988,None,967.1690616999995,None,['z'],967.1708774999988,None,None,,969.1186371999993,None,z,0.6811110999988159,1,1,0.3902439024390244,972.9769830999994,None,None,972.9769830999994,None,[0.6811110999988159],,,,,,,,,,,,,,,,,,,,,,CBC_1032,001,2,2,3,7,0.95,2023-10-20_11h21.24.835,MSI_AV_v1,2022.1.1,59.953368270164056,
41,0,41,0,,,,,,,,,,2,0,0,36,1,3.6791616380244196,1.85507739556255,None,974.7855533000002,None,976.6648334999991,None,976.668027159999,None,None,976.6648334999991,None,['b'],[0.3736239999998361],978.6355570999986,None,b,2.373623999999836,0,0,0.38095238095238093,982.3253361999996,None,None,982.3253361999996,None,,,,,,,,,,,,,,,,,,,,,,,CBC_1032,001,2,2,3,7,0.95,2023-10-20_11h21.24.835,MSI_AV_v1,2022.1.1,59.953368270164056,
,,,,,,,,,,,,,,,,,,,,,,,,,,,,,,,,,,,,,,,,,,,,,,,None,984.134782699999,None,,,,,,,,,,,,,,,,,CBC_1032,001,2,2,3,7,0.95,2023-10-20_11h21.24.835,MSI_AV_v1,2022.1.1,59.953368270164056,
,,,,,,,,,,,,,,,,,,,,,,,,,,,,,,,,,,,,,,,,,,,,,,,,,,989.134482899999,None,None,989.134482899999,None,,,,,,,,,,,,CBC_1032,001,2,2,3,7,0.95,2023-10-20_11h21.24.835,MSI_AV_v1,2022.1.1,59.953368270164056,
,,,,,,,,,,,,,,,,,,,,,,,,,,,,,,,,,,,,,,,,,,,,,,,,,,,,,,,easy,"[0, 1, 2, 3]","[0, 2, 1]",b,z,0.42857142857142855,0.35714285714285715,0.35714285714285715,17,3,22,,,,,,,,,,,,
