ID,session,trialNr,mod2Stim,visStimLeft,visStimRight,correctKey,frequency,rewardAccurate,probFB,stimPairLeft,stimPairRight,leftCorrect,rightCorrect,pCorrectLeft,pCorrectRight,triplet,surprise,0A belief,1A belief,2A belief,3A belief,0B belief,1B belief,2B belief,3B belief,0C belief,1C belief,2C belief,3C belief,0D belief,1D belief,2D belief,3D belief,reactionTime,choice,choiceLeft,choiceRight,chosenPair,otherPair,beliefPair,beliefOtherPair,beliefPairNorm,beliefOtherPairNorm,choiceAccurate,reward,rewardPE,update2,rewardPEOP,update2OP,sim_percModel,sim_respModel,sim_startBelief,sim_alpha1,sim_alpha2,sim_nonDecisionTime,sim_weight,sim_startingBoundary,sim_startingPoint,lik,corrLik,fit_percModel,fit_respModel,fit_startBelief,fit_alpha1,fit_alpha2,fit_nonDecisionTime,fit_weight,fit_startingBoundary,fit_startingPoint,fit_NLL
145,1,1,B,1,0,a,63,1,0.73,1B,0B,1,0,1,0,B10,2.77258872223978,0.5,0.5,0.5,0.5,0.5,0.5,0.5,0.5,0.5,0.5,0.5,0.5,0.5,0.5,0.5,0.5,2.64175285428488,1,1,0,1B,0B,0.5,0.5,0.5,0.5,1,1,0.5,0.347997343422305,0.5,-0.0426235357206716,CBCbothPairsRW,CBCdriftDiffusionLR_pwBelief,0.5,0.752970664801337,0.113057361516382,1.17875285428488,14.2771357480348,1.92631322687562,0.5,0.0907920227788476,0.500391606117626,CBCbothPairsRW,CBCdriftDiffusionLR_pwBelief,0.5,0.695994686844611,0.0852470714413431,1.18620649302319,14.7317703437588,1.70112872673922,0.5,-54.1587032194163
145,1,2,A,0,1,a,63,1,0.73,0A,1A,1,0,1,0,A01,2.83321334405622,0.5,0.5,0.5,0.5,0.457376464279328,0.847997343422305,0.5,0.5,0.5,0.5,0.5,0.5,0.5,0.5,0.5,0.5,1.68975285428488,0,0,1,1A,0A,0.5,0.5,0.5,0.5,0,0,-0.5,-0.347997343422305,-0.5,0.0426235357206716,CBCbothPairsRW,CBCdriftDiffusionLR_pwBelief,0.5,0.752970664801337,0.113057361516382,1.17875285428488,14.2771357480348,1.92631322687562,0.5,0.458094021745585,0.499491210899628,CBCbothPairsRW,CBCdriftDiffusionLR_pwBelief,0.5,0.695994686844611,0.0852470714413431,1.18620649302319,14.7317703437588,1.70112872673922,0.5,-54.1587032194163
145,1,3,C,1,2,l,9,1,0.73,1C,2C,0,1,0,1,C12,2.89037175789616,0.542623535720672,0.152002656577695,0.5,0.5,0.457376464279328,0.847997343422305,0.5,0.5,0.5,0.5,0.5,0.5,0.5,0.5,0.5,0.5,1.42475285428488,0,0,1,2C,1C,0.5,0.5,0.5,0.5,1,1,0.5,0.347997343422305,0.5,-0.0426235357206716,CBCbothPairsRW,CBCdriftDiffusionLR_pwBelief,0.5,0.752970664801337,0.113057361516382,1.17875285428488,14.2771357480348,1.92631322687562,0.5,0.638324587525241,0.499253402652277,CBCbothPairsRW,CBCdriftDiffusionLR_pwBelief,0.5,0.695994686844611,0.0852470714413431,1.18620649302319,14.7317703437588,1.70112872673922,0.5,-54.1587032194163
145,1,4,A,1,0,l,63,1,0.73,1A,0A,0,1,0,1,A10,2.94443897916644,0.542623535720672,0.152002656577695,0.5,0.5,0.457376464279328,0.847997343422305,0.5,0.5,0.5,0.457376464279328,0.847997343422305,0.5,0.5,0.5,0.5,0.5,1.24275285428488,0,0,1,0A,1A,0.542623535720672,0.152002656577695,0.868742811764686,0.131257188235314,1,1,0.457376464279328,0.318331589026186,0.152002656577695,-0.0129577813245527,CBCbothPairsRW,CBCdriftDiffusionLR_pwBelief,0.5,0.752970664801337,0.113057361516382,1.17875285428488,14.2771357480348,1.92631322687562,0.5,15.4025045457431,0.999999990571355,CBCbothPairsRW,CBCdriftDiffusionLR_pwBelief,0.5,0.695994686844611,0.0852470714413431,1.18620649302319,14.7317703437588,1.70112872673922,0.5,-54.1587032194163
145,1,5,D,3,1,a,27,1,0.73,3D,1D,1,0,1,0,D31,2.99573227355399,0.860955124746858,0.139044875253142,0.5,0.5,0.457376464279328,0.847997343422305,0.5,0.5,0.5,0.457376464279328,0.847997343422305,0.5,0.5,0.5,0.5,0.5,2.43375285428488,0,0,1,1D,3D,0.5,0.5,0.5,0.5,0,0,-0.5,-0.347997343422305,-0.5,0.0426235357206716,CBCbothPairsRW,CBCdriftDiffusionLR_pwBelief,0.5,0.752970664801337,0.113057361516382,1.17875285428488,14.2771357480348,1.92631322687562,0.5,0.129303186489065,0.499836657289111,CBCbothPairsRW,CBCdriftDiffusionLR_pwBelief,0.5,0.695994686844611,0.0852470714413431,1.18620649302319,14.7317703437588,1.70112872673922,0.5,-54.1587032194163
145,1,6,B,0,1,l,63,0,0.73,0B,1B,0,1,1,0,B01,3.04452243772342,0.860955124746858,0.139044875253142,0.5,0.5,0.457376464279328,0.847997343422305,0.5,0.5,0.5,0.457376464279328,0.847997343422305,0.5,0.5,0.152002656577695,0.5,0.542623535720672,1.25175285428488,0,0,1,1B,0B,0.847997343422305,0.457376464279328,0.868742811764686,0.131257188235314,1,0,-0.847997343422305,-0.590201645480269,-0.542623535720672,0.0462570673153343,CBCbothPairsRW,CBCdriftDiffusionLR_pwBelief,0.5,0.752970664801337,0.113057361516382,1.17875285428488,14.2771357480348,1.92631322687562,0.5,17.4710204329104,0.999999990597575,CBCbothPairsRW,CBCdriftDiffusionLR_pwBelief,0.5,0.695994686844611,0.0852470714413431,1.18620649302319,14.7317703437588,1.70112872673922,0.5,-54.1587032194163
145,1,7,C,2,3,a,63,1,0.73,2C,3C,1,0,1,0,C23,3.09104245335832,0.860955124746858,0.139044875253142,0.5,0.5,0.503633531594663,0.257795697942036,0.5,0.5,0.5,0.457376464279328,0.847997343422305,0.5,0.5,0.152002656577695,0.5,0.542623535720672,1.28675285428488,1,1,0,2C,3C,0.847997343422305,0.5,0.847997343422305,0.152002656577695,1,1,0.152002656577695,0.105793041364341,0.5,-0.0426235357206716,CBCbothPairsRW,CBCdriftDiffusionLR_pwBelief,0.5,0.752970664801337,0.113057361516382,1.17875285428488,14.2771357480348,1.92631322687562,0.5,9.05561533270791,0.999999973331912,CBCbothPairsRW,CBCdriftDiffusionLR_pwBelief,0.5,0.695994686844611,0.0852470714413431,1.18620649302319,14.7317703437588,1.70112872673922,0.5,-54.1587032194163
145,1,8,A,2,0,l,27,0,0.73,2A,0A,0,1,1,0,A20,3.13549421592915,0.860955124746858,0.139044875253142,0.5,0.5,0.503633531594663,0.257795697942036,0.5,0.5,0.5,0.457376464279328,0.953790384786647,0.457376464279328,0.5,0.152002656577695,0.5,0.542623535720672,1.27275285428488,0,0,1,0A,2A,0.860955124746858,0.5,0.860955124746858,0.139044875253142,1,0,-0.860955124746858,-0.599220192435452,-0.5,0.0426235357206716,CBCbothPairsRW,CBCdriftDiffusionLR_pwBelief,0.5,0.752970664801337,0.113057361516382,1.17875285428488,14.2771357480348,1.92631322687562,0.5,12.9569993020124,0.999999986098508,CBCbothPairsRW,CBCdriftDiffusionLR_pwBelief,0.5,0.695994686844611,0.0852470714413431,1.18620649302319,14.7317703437588,1.70112872673922,0.5,-54.1587032194163
145,1,9,D,3,2,a,63,1,0.73,3D,2D,1,0,1,0,D32,3.17805383034795,0.261734932311406,0.139044875253142,0.542623535720672,0.5,0.503633531594663,0.257795697942036,0.5,0.5,0.5,0.457376464279328,0.953790384786647,0.457376464279328,0.5,0.152002656577695,0.5,0.542623535720672,1.77875285428488,1,1,0,3D,2D,0.542623535720672,0.5,0.542623535720672,0.457376464279328,1,1,0.457376464279328,0.318331589026186,0.5,-0.0426235357206716,CBCbothPairsRW,CBCdriftDiffusionLR_pwBelief,0.5,0.752970664801337,0.113057361516382,1.17875285428488,14.2771357480348,1.92631322687562,0.5,0.720070876547108,0.894266874725103,CBCbothPairsRW,CBCdriftDiffusionLR_pwBelief,0.5,0.695994686844611,0.0852470714413431,1.18620649302319,14.7317703437588,1.70112872673922,0.5,-54.1587032194163
145,1,10,B,3,1,l,27,1,0.73,3B,1B,0,1,0,1,B31,3.2188758248682,0.261734932311406,0.139044875253142,0.542623535720672,0.5,0.503633531594663,0.257795697942036,0.5,0.5,0.5,0.457376464279328,0.953790384786647,0.457376464279328,0.5,0.152002656577695,0.457376464279328,0.860955124746858,1.26475285428488,1,1,0,3B,1B,0.5,0.257795697942036,0.742204302057964,0.257795697942036,0,0,-0.5,-0.347997343422305,-0.742204302057964,0.0632707431616075,CBCbothPairsRW,CBCdriftDiffusionLR_pwBelief,0.5,0.752970664801337,0.113057361516382,1.17875285428488,14.2771357480348,1.92631322687562,0.5,9.02634288176729,0.999994667261043,CBCbothPairsRW,CBCdriftDiffusionLR_pwBelief,0.5,0.695994686844611,0.0852470714413431,1.18620649302319,14.7317703437588,1.70112872673922,0.5,-54.1587032194163
145,1,11,C,3,2,l,63,0,0.73,3C,2C,0,1,1,0,C32,3.25809653802148,0.261734932311406,0.139044875253142,0.542623535720672,0.5,0.503633531594663,0.321066441103644,0.5,0.152002656577695,0.5,0.457376464279328,0.953790384786647,0.457376464279328,0.5,0.152002656577695,0.457376464279328,0.860955124746858,1.25375285428488,0,0,1,2C,3C,0.953790384786647,0.457376464279328,0.960765163623715,0.0392348363762849,1,0,-0.953790384786647,-0.663833040174983,-0.542623535720672,0.0462570673153343,CBCbothPairsRW,CBCdriftDiffusionLR_pwBelief,0.5,0.752970664801337,0.113057361516382,1.17875285428488,14.2771357480348,1.92631322687562,0.5,18.709407622942,0.999999999906423,CBCbothPairsRW,CBCdriftDiffusionLR_pwBelief,0.5,0.695994686844611,0.0852470714413431,1.18620649302319,14.7317703437588,1.70112872673922,0.5,-54.1587032194163
145,1,12,B,1,3,a,27,1,0.73,1B,3B,1,0,1,0,B13,3.29583686600433,0.261734932311406,0.139044875253142,0.542623535720672,0.5,0.503633531594663,0.321066441103644,0.5,0.152002656577695,0.5,0.457376464279328,0.289957344611664,0.503633531594663,0.5,0.152002656577695,0.457376464279328,0.860955124746858,1.45175285428488,1,1,0,1B,3B,0.321066441103644,0.152002656577695,0.725140289858289,0.274859710141711,1,1,0.678933558896356,0.472534149712367,0.152002656577695,-0.0129577813245527,CBCbothPairsRW,CBCdriftDiffusionLR_pwBelief,0.5,0.752970664801337,0.113057361516382,1.17875285428488,14.2771357480348,1.92631322687562,0.5,0.519902390169513,0.999987427574796,CBCbothPairsRW,CBCdriftDiffusionLR_pwBelief,0.5,0.695994686844611,0.0852470714413431,1.18620649302319,14.7317703437588,1.70112872673922,0.5,-54.1587032194163
145,1,13,C,3,2,l,63,1,0.73,3C,2C,0,1,0,1,C32,2.63905732961526,0.261734932311406,0.139044875253142,0.542623535720672,0.5,0.503633531594663,0.79360059081601,0.5,0.139044875253142,0.5,0.457376464279328,0.289957344611664,0.503633531594663,0.5,0.152002656577695,0.457376464279328,0.860955124746858,1.30575285428488,1,1,0,3C,2C,0.503633531594663,0.289957344611664,0.71302586450006,0.28697413549994,0,0,-0.503633531594663,-0.350526262106673,-0.710042655388336,0.0605290569702905,CBCbothPairsRW,CBCdriftDiffusionLR_pwBelief,0.5,0.752970664801337,0.113057361516382,1.17875285428488,14.2771357480348,1.92631322687562,0.5,7.87100512990316,0.999976903503304,CBCbothPairsRW,CBCdriftDiffusionLR_pwBelief,0.5,0.695994686844611,0.0852470714413431,1.18620649302319,14.7317703437588,1.70112872673922,0.5,-54.1587032194163
145,1,14,D,3,2,a,63,1,0.73,3D,2D,1,0,1,0,D32,2.67414864942653,0.261734932311406,0.139044875253142,0.542623535720672,0.5,0.503633531594663,0.79360059081601,0.5,0.139044875253142,0.5,0.457376464279328,0.350486401581954,0.15310726948799,0.5,0.152002656577695,0.457376464279328,0.860955124746858,1.27775285428488,1,1,0,3D,2D,0.860955124746858,0.457376464279328,0.880181982008185,0.119818017991815,1,1,0.139044875253142,0.0967744944091585,0.457376464279328,-0.0389900041260088,CBCbothPairsRW,CBCdriftDiffusionLR_pwBelief,0.5,0.752970664801337,0.113057361516382,1.17875285428488,14.2771357480348,1.92631322687562,0.5,10.3656301551462,0.999999994698907,CBCbothPairsRW,CBCdriftDiffusionLR_pwBelief,0.5,0.695994686844611,0.0852470714413431,1.18620649302319,14.7317703437588,1.70112872673922,0.5,-54.1587032194163
145,1,15,A,0,3,a,9,1,0.73,0A,3A,1,0,1,0,A03,3.40119738166216,0.261734932311406,0.139044875253142,0.542623535720672,0.5,0.503633531594663,0.79360059081601,0.5,0.139044875253142,0.5,0.457376464279328,0.350486401581954,0.15310726948799,0.5,0.152002656577695,0.41838646015332,0.957729619156017,1.27075285428488,0,0,1,3A,0A,0.5,0.261734932311406,0.738265067688594,0.261734932311406,0,0,-0.5,-0.347997343422305,-0.738265067688594,0.0629349349678976,CBCbothPairsRW,CBCdriftDiffusionLR_pwBelief,0.5,0.752970664801337,0.113057361516382,1.17875285428488,14.2771357480348,1.92631322687562,0.5,9.33775053420859,0.999993485548046,CBCbothPairsRW,CBCdriftDiffusionLR_pwBelief,0.5,0.695994686844611,0.0852470714413431,1.18620649302319,14.7317703437588,1.70112872673922,0.5,-54.1587032194163
145,1,16,B,0,1,l,63,0,0.73,0B,1B,0,1,1,0,B01,2.7408400239252,0.324669867279303,0.139044875253142,0.542623535720672,0.152002656577695,0.503633531594663,0.79360059081601,0.5,0.139044875253142,0.5,0.457376464279328,0.350486401581954,0.15310726948799,0.5,0.152002656577695,0.41838646015332,0.957729619156017,1.30175285428488,0,0,1,1B,0B,0.79360059081601,0.503633531594663,0.791209717508495,0.208790282491505,1,0,-0.79360059081601,-0.552341794684687,-0.496366468405337,0.042313787793237,CBCbothPairsRW,CBCdriftDiffusionLR_pwBelief,0.5,0.752970664801337,0.113057361516382,1.17875285428488,14.2771357480348,1.92631322687562,0.5,7.92969311840088,0.999999541131046,CBCbothPairsRW,CBCdriftDiffusionLR_pwBelief,0.5,0.695994686844611,0.0852470714413431,1.18620649302319,14.7317703437588,1.70112872673922,0.5,-54.1587032194163
145,1,17,D,2,3,l,63,1,0.73,2D,3D,0,1,0,1,D23,3.46573590279973,0.324669867279303,0.139044875253142,0.542623535720672,0.152002656577695,0.5459473193879,0.241258796131323,0.5,0.139044875253142,0.5,0.457376464279328,0.350486401581954,0.15310726948799,0.5,0.152002656577695,0.41838646015332,0.957729619156017,1.24175285428488,0,0,1,3D,2D,0.957729619156017,0.41838646015332,0.969227547891473,0.0307724521085269,1,1,0.0422703808439835,0.0294199604783107,0.41838646015332,-0.0356662204587807,CBCbothPairsRW,CBCdriftDiffusionLR_pwBelief,0.5,0.752970664801337,0.113057361516382,1.17875285428488,14.2771357480348,1.92631322687562,0.5,24.373506356227,0.999999999938816,CBCbothPairsRW,CBCdriftDiffusionLR_pwBelief,0.5,0.695994686844611,0.0852470714413431,1.18620649302319,14.7317703437588,1.70112872673922,0.5,-54.1587032194163
145,1,18,C,0,2,l,27,0,0.73,0C,2C,0,1,1,0,C02,3.49650756146648,0.324669867279303,0.139044875253142,0.542623535720672,0.152002656577695,0.5459473193879,0.241258796131323,0.5,0.139044875253142,0.5,0.457376464279328,0.350486401581954,0.15310726948799,0.5,0.152002656577695,0.382720239694539,0.987149579634327,1.24075285428488,1,1,0,0C,2C,0.5,0.350486401581954,0.649513598418046,0.350486401581954,0,1,0.5,0.347997343422305,0.350486401581954,-0.0298779393148761,CBCbothPairsRW,CBCdriftDiffusionLR_pwBelief,0.5,0.752970664801337,0.113057361516382,1.17875285428488,14.2771357480348,1.92631322687562,0.5,0.876231368834246,0.999443121851403,CBCbothPairsRW,CBCdriftDiffusionLR_pwBelief,0.5,0.695994686844611,0.0852470714413431,1.18620649302319,14.7317703437588,1.70112872673922,0.5,-54.1587032194163
145,1,19,A,0,1,a,63,1,0.73,0A,1A,1,0,1,0,A01,2.83321334405622,0.324669867279303,0.139044875253142,0.542623535720672,0.152002656577695,0.5459473193879,0.241258796131323,0.5,0.139044875253142,0.847997343422305,0.457376464279328,0.320608462267078,0.15310726948799,0.5,0.152002656577695,0.382720239694539,0.987149579634327,1.25075285428488,1,1,0,0A,1A,0.324669867279303,0.139044875253142,0.748542289473609,0.251457710526391,1,1,0.675330132720697,0.470026184239671,0.139044875253142,-0.0118531684142572,CBCbothPairsRW,CBCdriftDiffusionLR_pwBelief,0.5,0.752970664801337,0.113057361516382,1.17875285428488,14.2771357480348,1.92631322687562,0.5,6.84487566842075,0.999996109868575,CBCbothPairsRW,CBCdriftDiffusionLR_pwBelief,0.5,0.695994686844611,0.0852470714413431,1.18620649302319,14.7317703437588,1.70112872673922,0.5,-54.1587032194163
145,1,20,B,1,0,a,63,1,0.73,1B,0B,1,0,1,0,B10,2.86220088092947,0.794696051518974,0.127191706838885,0.542623535720672,0.152002656577695,0.5459473193879,0.241258796131323,0.5,0.139044875253142,0.847997343422305,0.457376464279328,0.320608462267078,0.15310726948799,0.5,0.152002656577695,0.382720239694539,0.987149579634327,1.28375285428488,0,0,1,0B,1B,0.5459473193879,0.241258796131323,0.790857143676846,0.209142856323154,0,0,-0.5459473193879,-0.379976433591036,-0.758741203868677,0.0646804656116838,CBCbothPairsRW,CBCdriftDiffusionLR_pwBelief,0.5,0.752970664801337,0.113057361516382,1.17875285428488,14.2771357480348,1.92631322687562,0.5,11.1256293093296,0.999999533553521,CBCbothPairsRW,CBCdriftDiffusionLR_pwBelief,0.5,0.695994686844611,0.0852470714413431,1.18620649302319,14.7317703437588,1.70112872673922,0.5,-54.1587032194163
145,1,21,D,1,3,l,27,0,0.73,1D,3D,0,1,1,0,D13,3.58351893845611,0.794696051518974,0.127191706838885,0.542623535720672,0.152002656577695,0.165970885796864,0.305939261743007,0.5,0.139044875253142,0.847997343422305,0.457376464279328,0.320608462267078,0.15310726948799,0.5,0.152002656577695,0.382720239694539,0.987149579634327,1.24175285428488,0,0,1,3D,1D,0.987149579634327,0.152002656577695,0.99767202211873,0.00232797788126971,1,0,-0.987149579634327,-0.687050862546383,-0.847997343422305,0.0722892901167905,CBCbothPairsRW,CBCdriftDiffusionLR_pwBelief,0.5,0.752970664801337,0.113057361516382,1.17875285428488,14.2771357480348,1.92631322687562,0.5,25.6174033262032,0.999999999985295,CBCbothPairsRW,CBCdriftDiffusionLR_pwBelief,0.5,0.695994686844611,0.0852470714413431,1.18620649302319,14.7317703437588,1.70112872673922,0.5,-54.1587032194163
145,1,22,C,3,2,l,63,1,0.73,3C,2C,0,1,0,1,C32,2.51230562397611,0.794696051518974,0.127191706838885,0.542623535720672,0.152002656577695,0.165970885796864,0.305939261743007,0.5,0.139044875253142,0.847997343422305,0.457376464279328,0.320608462267078,0.15310726948799,0.5,0.224291946694485,0.382720239694539,0.300098717087945,1.28875285428488,0,0,1,2C,3C,0.320608462267078,0.15310726948799,0.723013332954453,0.276986667045547,1,1,0.679391537732922,0.472852900549303,0.15310726948799,-0.0130519463402317,CBCbothPairsRW,CBCdriftDiffusionLR_pwBelief,0.5,0.752970664801337,0.113057361516382,1.17875285428488,14.2771357480348,1.92631322687562,0.5,8.87187247399124,0.999985998246367,CBCbothPairsRW,CBCdriftDiffusionLR_pwBelief,0.5,0.695994686844611,0.0852470714413431,1.18620649302319,14.7317703437588,1.70112872673922,0.5,-54.1587032194163
145,1,23,A,0,1,a,63,0,0.73,0A,1A,1,0,0,1,A01,2.53897387105828,0.794696051518974,0.127191706838885,0.542623535720672,0.152002656577695,0.165970885796864,0.305939261743007,0.5,0.139044875253142,0.847997343422305,0.457376464279328,0.793461362816382,0.140055323147758,0.5,0.224291946694485,0.382720239694539,0.300098717087945,1.22075285428488,1,1,0,0A,1A,0.794696051518974,0.127191706838885,0.963718408219696,0.0362815917803038,1,0,-0.794696051518974,-0.553104229513597,-0.872808293161115,0.0744043509217024,CBCbothPairsRW,CBCdriftDiffusionLR_pwBelief,0.5,0.752970664801337,0.113057361516382,1.17875285428488,14.2771357480348,1.92631322687562,0.5,6.63780646561907,0.999999999919301,CBCbothPairsRW,CBCdriftDiffusionLR_pwBelief,0.5,0.695994686844611,0.0852470714413431,1.18620649302319,14.7317703437588,1.70112872673922,0.5,-54.1587032194163
145,1,24,D,2,3,l,63,1,0.73,2D,3D,0,1,0,1,D23,2.9704144655697,0.241591822005377,0.201596057760587,0.542623535720672,0.152002656577695,0.165970885796864,0.305939261743007,0.5,0.139044875253142,0.847997343422305,0.457376464279328,0.793461362816382,0.140055323147758,0.5,0.224291946694485,0.382720239694539,0.300098717087945,1.44775285428488,1,1,0,2D,3D,0.382720239694539,0.300098717087945,0.591171343064806,0.408828656935194,0,0,-0.382720239694539,-0.266371253375295,-0.699901282912055,0.0596645346662917,CBCbothPairsRW,CBCdriftDiffusionLR_pwBelief,0.5,0.752970664801337,0.113057361516382,1.17875285428488,14.2771357480348,1.92631322687562,0.5,2.43254706383869,0.98973655751656,CBCbothPairsRW,CBCdriftDiffusionLR_pwBelief,0.5,0.695994686844611,0.0852470714413431,1.18620649302319,14.7317703437588,1.70112872673922,0.5,-54.1587032194163
145,1,25,C,2,0,a,27,1,0.73,2C,0C,1,0,1,0,C20,3.68887945411394,0.241591822005377,0.201596057760587,0.542623535720672,0.152002656577695,0.165970885796864,0.305939261743007,0.5,0.139044875253142,0.847997343422305,0.457376464279328,0.793461362816382,0.140055323147758,0.5,0.224291946694485,0.116348986319244,0.359763251754236,1.86175285428488,0,0,1,0C,2C,0.847997343422305,0.793461362816382,0.592198696037002,0.407801303962998,0,0,-0.847997343422305,-0.590201645480269,-0.206538637183618,0.0176068139593896,CBCbothPairsRW,CBCdriftDiffusionLR_pwBelief,0.5,0.752970664801337,0.113057361516382,1.17875285428488,14.2771357480348,1.92631322687562,0.5,0.286100692841304,0.990241898637,CBCbothPairsRW,CBCdriftDiffusionLR_pwBelief,0.5,0.695994686844611,0.0852470714413431,1.18620649302319,14.7317703437588,1.70112872673922,0.5,-54.1587032194163
145,1,26,A,0,1,a,63,1,0.73,0A,1A,1,0,1,0,A01,2.32727770558442,0.241591822005377,0.201596057760587,0.542623535720672,0.152002656577695,0.165970885796864,0.305939261743007,0.5,0.139044875253142,0.257795697942036,0.457376464279328,0.811068176775771,0.140055323147758,0.5,0.224291946694485,0.116348986319244,0.359763251754236,1.38475285428488,1,1,0,0A,1A,0.241591822005377,0.201596057760587,0.55783412667726,0.44216587332274,1,1,0.758408177994623,0.527848062343759,0.201596057760587,-0.0171854735382099,CBCbothPairsRW,CBCdriftDiffusionLR_pwBelief,0.5,0.752970664801337,0.113057361516382,1.17875285428488,14.2771357480348,1.92631322687562,0.5,1.97966760467569,0.947685572870728,CBCbothPairsRW,CBCdriftDiffusionLR_pwBelief,0.5,0.695994686844611,0.0852470714413431,1.18620649302319,14.7317703437588,1.70112872673922,0.5,-54.1587032194163
145,1,27,B,1,3,a,27,0,0.73,1B,3B,1,0,0,1,B13,3.04452243772342,0.769439884349136,0.184410584222377,0.542623535720672,0.152002656577695,0.165970885796864,0.305939261743007,0.5,0.139044875253142,0.257795697942036,0.457376464279328,0.811068176775771,0.140055323147758,0.5,0.224291946694485,0.116348986319244,0.359763251754236,1.31375285428488,1,1,0,1B,3B,0.305939261743007,0.139044875253142,0.731858580653812,0.268141419346188,1,0,-0.305939261743007,-0.212932100670295,-0.860955124746858,0.0733939030270859,CBCbothPairsRW,CBCdriftDiffusionLR_pwBelief,0.5,0.752970664801337,0.113057361516382,1.17875285428488,14.2771357480348,1.92631322687562,0.5,7.4367381730373,0.999991023937559,CBCbothPairsRW,CBCdriftDiffusionLR_pwBelief,0.5,0.695994686844611,0.0852470714413431,1.18620649302319,14.7317703437588,1.70112872673922,0.5,-54.1587032194163
145,1,28,C,3,2,l,63,1,0.73,3C,2C,0,1,0,1,C32,2.37490575457367,0.769439884349136,0.184410584222377,0.542623535720672,0.152002656577695,0.165970885796864,0.0930071610727114,0.5,0.212438778280228,0.257795697942036,0.457376464279328,0.811068176775771,0.140055323147758,0.5,0.224291946694485,0.116348986319244,0.359763251754236,1.23675285428488,0,0,1,2C,3C,0.811068176775771,0.140055323147758,0.963448486863153,0.0365515131368469,1,1,0.188931823224229,0.131495545139929,0.140055323147758,-0.0119393061381174,CBCbothPairsRW,CBCdriftDiffusionLR_pwBelief,0.5,0.752970664801337,0.113057361516382,1.17875285428488,14.2771357480348,1.92631322687562,0.5,23.1596663174277,0.999999999918605,CBCbothPairsRW,CBCdriftDiffusionLR_pwBelief,0.5,0.695994686844611,0.0852470714413431,1.18620649302319,14.7317703437588,1.70112872673922,0.5,-54.1587032194163
145,1,29,D,3,2,a,63,0,0.73,3D,2D,1,0,0,1,D32,2.68557734525015,0.769439884349136,0.184410584222377,0.542623535720672,0.152002656577695,0.165970885796864,0.0930071610727114,0.5,0.212438778280228,0.257795697942036,0.457376464279328,0.9425637219157,0.128116017009641,0.5,0.224291946694485,0.116348986319244,0.359763251754236,1.28675285428488,1,1,0,3D,2D,0.359763251754236,0.116348986319244,0.810164003945308,0.189835996054692,1,0,-0.359763251754236,-0.250393311742889,-0.883651013680756,0.0753286610924587,CBCbothPairsRW,CBCdriftDiffusionLR_pwBelief,0.5,0.752970664801337,0.113057361516382,1.17875285428488,14.2771357480348,1.92631322687562,0.5,10.3996830967262,0.999999822549934,CBCbothPairsRW,CBCdriftDiffusionLR_pwBelief,0.5,0.695994686844611,0.0852470714413431,1.18620649302319,14.7317703437588,1.70112872673922,0.5,-54.1587032194163
145,1,30,B,0,1,l,63,1,0.73,0B,1B,0,1,0,1,B01,2.70805020110221,0.769439884349136,0.184410584222377,0.542623535720672,0.152002656577695,0.165970885796864,0.0930071610727114,0.5,0.212438778280228,0.257795697942036,0.457376464279328,0.9425637219157,0.128116017009641,0.5,0.224291946694485,0.191677647411703,0.109369940011348,1.76875285428488,1,1,0,0B,1B,0.165970885796864,0.0930071610727114,0.659934454568289,0.340065545431711,0,0,-0.165970885796864,-0.115514854685511,-0.906992838927289,0.0773184833368212,CBCbothPairsRW,CBCdriftDiffusionLR_pwBelief,0.5,0.752970664801337,0.113057361516382,1.17875285428488,14.2771357480348,1.92631322687562,0.5,0.0343144490948588,0.999670057794845,CBCbothPairsRW,CBCdriftDiffusionLR_pwBelief,0.5,0.695994686844611,0.0852470714413431,1.18620649302319,14.7317703437588,1.70112872673922,0.5,-54.1587032194163
145,1,31,A,2,0,l,27,1,0.73,2A,0A,0,1,0,1,A20,3.13549421592915,0.769439884349136,0.184410584222377,0.542623535720672,0.152002656577695,0.0504560311113529,0.170325644409533,0.5,0.212438778280228,0.257795697942036,0.457376464279328,0.9425637219157,0.128116017009641,0.5,0.224291946694485,0.191677647411703,0.109369940011348,1.30575285428488,0,0,1,0A,2A,0.769439884349136,0.542623535720672,0.737737516134533,0.262262483865467,1,1,0.230560115650864,0.16046861549128,0.542623535720672,-0.0462570673153343,CBCbothPairsRW,CBCdriftDiffusionLR_pwBelief,0.5,0.752970664801337,0.113057361516382,1.17875285428488,14.2771357480348,1.92631322687562,0.5,8.20351439439538,0.999993322056181,CBCbothPairsRW,CBCdriftDiffusionLR_pwBelief,0.5,0.695994686844611,0.0852470714413431,1.18620649302319,14.7317703437588,1.70112872673922,0.5,-54.1587032194163
145,1,32,D,3,0,a,9,1,0.73,3D,0D,1,0,1,0,D30,3.85014760171006,0.929908499840416,0.184410584222377,0.496366468405337,0.152002656577695,0.0504560311113529,0.170325644409533,0.5,0.212438778280228,0.257795697942036,0.457376464279328,0.9425637219157,0.128116017009641,0.5,0.224291946694485,0.191677647411703,0.109369940011348,1.31475285428488,0,0,1,0D,3D,0.5,0.109369940011348,0.890630059988652,0.109369940011348,0,0,-0.5,-0.347997343422305,-0.890630059988652,0.0759236043516604,CBCbothPairsRW,CBCdriftDiffusionLR_pwBelief,0.5,0.752970664801337,0.113057361516382,1.17875285428488,14.2771357480348,1.92631322687562,0.5,1.57981588283568,0.999999996864434,CBCbothPairsRW,CBCdriftDiffusionLR_pwBelief,0.5,0.695994686844611,0.0852470714413431,1.18620649302319,14.7317703437588,1.70112872673922,0.5,-54.1587032194163
145,1,33,C,3,2,l,63,1,0.73,3C,2C,0,1,0,1,C32,2.26176309847379,0.929908499840416,0.184410584222377,0.496366468405337,0.152002656577695,0.0504560311113529,0.170325644409533,0.5,0.212438778280228,0.257795697942036,0.457376464279328,0.9425637219157,0.128116017009641,0.152002656577695,0.224291946694485,0.191677647411703,0.185293544363008,1.22775285428488,0,0,1,2C,3C,0.9425637219157,0.128116017009641,0.991125397633257,0.008874602366743,1,1,0.0574362780843003,0.0399753443788026,0.128116017009641,-0.0109215152548012,CBCbothPairsRW,CBCdriftDiffusionLR_pwBelief,0.5,0.752970664801337,0.113057361516382,1.17875285428488,14.2771357480348,1.92631322687562,0.5,18.9569772390794,0.999999999979603,CBCbothPairsRW,CBCdriftDiffusionLR_pwBelief,0.5,0.695994686844611,0.0852470714413431,1.18620649302319,14.7317703437588,1.70112872673922,0.5,-54.1587032194163
145,1,34,B,0,1,l,63,1,0.73,0B,1B,0,1,0,1,B01,2.50552593699074,0.929908499840416,0.184410584222377,0.496366468405337,0.152002656577695,0.0504560311113529,0.170325644409533,0.5,0.212438778280228,0.257795697942036,0.457376464279328,0.982539066294502,0.11719450175484,0.152002656577695,0.224291946694485,0.191677647411703,0.185293544363008,1.24875285428488,0,0,1,1B,0B,0.170325644409533,0.0504560311113529,0.79438429557212,0.20561570442788,1,1,0.829674355590467,0.577448943302192,0.0504560311113529,-0.00430122888879613,CBCbothPairsRW,CBCdriftDiffusionLR_pwBelief,0.5,0.752970664801337,0.113057361516382,1.17875285428488,14.2771357480348,1.92631322687562,0.5,10.1652582389981,0.999999610548671,CBCbothPairsRW,CBCdriftDiffusionLR_pwBelief,0.5,0.695994686844611,0.0852470714413431,1.18620649302319,14.7317703437588,1.70112872673922,0.5,-54.1587032194163
145,1,35,A,0,1,a,63,0,0.73,0A,1A,1,0,0,1,A01,2.30258509299405,0.929908499840416,0.184410584222377,0.496366468405337,0.152002656577695,0.0461548022225568,0.747774587711724,0.5,0.212438778280228,0.257795697942036,0.457376464279328,0.982539066294502,0.11719450175484,0.152002656577695,0.224291946694485,0.191677647411703,0.185293544363008,1.25875285428488,1,1,0,0A,1A,0.929908499840416,0.184410584222377,0.983242848476779,0.0167571515232207,1,0,-0.929908499840416,-0.647211375140572,-0.815589415777623,0.0695266091935983,CBCbothPairsRW,CBCdriftDiffusionLR_pwBelief,0.5,0.752970664801337,0.113057361516382,1.17875285428488,14.2771357480348,1.92631322687562,0.5,13.8080020856559,0.999999999969746,CBCbothPairsRW,CBCdriftDiffusionLR_pwBelief,0.5,0.695994686844611,0.0852470714413431,1.18620649302319,14.7317703437588,1.70112872673922,0.5,-54.1587032194163
145,1,36,D,2,3,l,63,1,0.73,2D,3D,0,1,0,1,D23,2.83321334405622,0.282697124699844,0.253937193415975,0.496366468405337,0.152002656577695,0.0461548022225568,0.747774587711724,0.5,0.212438778280228,0.257795697942036,0.457376464279328,0.982539066294502,0.11719450175484,0.152002656577695,0.224291946694485,0.191677647411703,0.185293544363008,2.49575285428488,1,1,0,2D,3D,0.191677647411703,0.185293544363008,0.510433657309795,0.489566342690205,0,0,-0.191677647411703,-0.13340662418542,-0.814706455636992,0.0694513394274101,CBCbothPairsRW,CBCdriftDiffusionLR_pwBelief,0.5,0.752970664801337,0.113057361516382,1.17875285428488,14.2771357480348,1.92631322687562,0.5,0.142202016574514,0.628630975815252,CBCbothPairsRW,CBCdriftDiffusionLR_pwBelief,0.5,0.695994686844611,0.0852470714413431,1.18620649302319,14.7317703437588,1.70112872673922,0.5,-54.1587032194163
145,1,37,B,1,2,a,9,1,0.73,1B,2B,1,0,1,0,B12,3.95124371858143,0.282697124699844,0.253937193415975,0.496366468405337,0.152002656577695,0.0461548022225568,0.747774587711724,0.5,0.212438778280228,0.257795697942036,0.457376464279328,0.982539066294502,0.11719450175484,0.152002656577695,0.224291946694485,0.0582710232262829,0.254744883790418,1.31275285428488,1,1,0,1B,2B,0.747774587711724,0.5,0.747774587711724,0.252225412288276,1,1,0.252225412288276,0.175547546839831,0.5,-0.0426235357206716,CBCbothPairsRW,CBCdriftDiffusionLR_pwBelief,0.5,0.752970664801337,0.113057361516382,1.17875285428488,14.2771357480348,1.92631322687562,0.5,7.38004386159427,0.999995952250695,CBCbothPairsRW,CBCdriftDiffusionLR_pwBelief,0.5,0.695994686844611,0.0852470714413431,1.18620649302319,14.7317703437588,1.70112872673922,0.5,-54.1587032194163
145,1,38,A,2,0,l,27,1,0.73,2A,0A,0,1,0,1,A20,2.87167962488401,0.282697124699844,0.253937193415975,0.496366468405337,0.152002656577695,0.0461548022225568,0.923322134551556,0.457376464279328,0.212438778280228,0.257795697942036,0.457376464279328,0.982539066294502,0.11719450175484,0.152002656577695,0.224291946694485,0.0582710232262829,0.254744883790418,1.36375285428488,1,1,0,2A,0A,0.496366468405337,0.282697124699844,0.714346315270332,0.285653684729668,0,0,-0.496366468405337,-0.345468424737938,-0.717302875300156,0.0611479694557932,CBCbothPairsRW,CBCdriftDiffusionLR_pwBelief,0.5,0.752970664801337,0.113057361516382,1.17875285428488,14.2771357480348,1.92631322687562,0.5,3.69166088573299,0.999978347489629,CBCbothPairsRW,CBCdriftDiffusionLR_pwBelief,0.5,0.695994686844611,0.0852470714413431,1.18620649302319,14.7317703437588,1.70112872673922,0.5,-54.1587032194163
145,1,39,C,2,3,a,63,0,0.73,2C,3C,1,0,0,1,C23,3.29583686600433,0.343845094155637,0.253937193415975,0.150898043667399,0.152002656577695,0.0461548022225568,0.923322134551556,0.457376464279328,0.212438778280228,0.257795697942036,0.457376464279328,0.982539066294502,0.11719450175484,0.152002656577695,0.224291946694485,0.0582710232262829,0.254744883790418,1.22775285428488,1,1,0,2C,3C,0.982539066294502,0.11719450175484,0.997646379301961,0.00235362069803879,1,0,-0.982539066294502,-0.683841969758238,-0.88280549824516,0.0752565833777157,CBCbothPairsRW,CBCdriftDiffusionLR_pwBelief,0.5,0.752970664801337,0.113057361516382,1.17875285428488,14.2771357480348,1.92631322687562,0.5,19.8693810005744,0.999999999985275,CBCbothPairsRW,CBCdriftDiffusionLR_pwBelief,0.5,0.695994686844611,0.0852470714413431,1.18620649302319,14.7317703437588,1.70112872673922,0.5,-54.1587032194163
145,1,40,D,1,3,l,27,1,0.73,1D,3D,0,1,0,1,D13,3.31418600467253,0.343845094155637,0.253937193415975,0.150898043667399,0.152002656577695,0.0461548022225568,0.923322134551556,0.457376464279328,0.212438778280228,0.257795697942036,0.457376464279328,0.298697096536264,0.192451085132556,0.152002656577695,0.224291946694485,0.0582710232262829,0.254744883790418,1.86575285428488,0,0,1,3D,1D,0.254744883790418,0.224291946694485,0.541743527944175,0.458256472055825,1,1,0.745255116209582,0.518693601225632,0.224291946694485,-0.0191202316035827,CBCbothPairsRW,CBCdriftDiffusionLR_pwBelief,0.5,0.752970664801337,0.113057361516382,1.17875285428488,14.2771357480348,1.92631322687562,0.5,0.579959610806162,0.890212033891833,CBCbothPairsRW,CBCdriftDiffusionLR_pwBelief,0.5,0.695994686844611,0.0852470714413431,1.18620649302319,14.7317703437588,1.70112872673922,0.5,-54.1587032194163
145,1,41,A,0,1,a,63,1,0.73,0A,1A,1,0,1,0,A01,2.23359222150709,0.343845094155637,0.253937193415975,0.150898043667399,0.152002656577695,0.0461548022225568,0.923322134551556,0.457376464279328,0.212438778280228,0.257795697942036,0.457376464279328,0.298697096536264,0.192451085132556,0.152002656577695,0.205171715090902,0.0582710232262829,0.77343848501605,1.45875285428488,1,1,0,0A,1A,0.343845094155637,0.253937193415975,0.60623589674858,0.39376410325142,1,1,0.656154905844363,0.456680328214702,0.253937193415976,-0.0216474020687458,CBCbothPairsRW,CBCdriftDiffusionLR_pwBelief,0.5,0.752970664801337,0.113057361516382,1.17875285428488,14.2771357480348,1.92631322687562,0.5,2.38461885035534,0.995158784858934,CBCbothPairsRW,CBCdriftDiffusionLR_pwBelief,0.5,0.695994686844611,0.0852470714413431,1.18620649302319,14.7317703437588,1.70112872673922,0.5,-54.1587032194163
145,1,42,C,0,2,l,27,1,0.73,0C,2C,0,1,0,1,C02,3.3499040872746,0.80052542237034,0.23228979134723,0.150898043667399,0.152002656577695,0.0461548022225568,0.923322134551556,0.457376464279328,0.212438778280228,0.257795697942036,0.457376464279328,0.298697096536264,0.192451085132556,0.152002656577695,0.205171715090902,0.0582710232262829,0.77343848501605,1.96375285428488,1,1,0,0C,2C,0.257795697942036,0.298697096536264,0.449189185971403,0.550810814028597,0,0,-0.257795697942036,-0.179424436059055,-0.701302903463736,0.0597840187135945,CBCbothPairsRW,CBCdriftDiffusionLR_pwBelief,0.5,0.752970664801337,0.113057361516382,1.17875285428488,14.2771357480348,1.92631322687562,0.5,0.0336861690195113,0.0725270638063835,CBCbothPairsRW,CBCdriftDiffusionLR_pwBelief,0.5,0.695994686844611,0.0852470714413431,1.18620649302319,14.7317703437588,1.70112872673922,0.5,-54.1587032194163
145,1,43,D,3,2,a,63,0,0.73,3D,2D,1,0,0,1,D32,2.67414864942653,0.80052542237034,0.23228979134723,0.150898043667399,0.152002656577695,0.0461548022225568,0.923322134551556,0.457376464279328,0.212438778280228,0.0783712618829809,0.457376464279328,0.358481115249858,0.192451085132556,0.152002656577695,0.205171715090902,0.0582710232262829,0.77343848501605,1.22475285428488,1,1,0,3D,2D,0.77343848501605,0.0582710232262829,0.982197302614964,0.0178026973850358,1,0,-0.77343848501605,-0.538309076172316,-0.941728976773717,0.080279637361412,CBCbothPairsRW,CBCdriftDiffusionLR_pwBelief,0.5,0.752970664801337,0.113057361516382,1.17875285428488,14.2771357480348,1.92631322687562,0.5,13.6311985331419,0.999999999968031,CBCbothPairsRW,CBCdriftDiffusionLR_pwBelief,0.5,0.695994686844611,0.0852470714413431,1.18620649302319,14.7317703437588,1.70112872673922,0.5,-54.1587032194163
145,1,44,B,1,0,a,63,1,0.73,1B,0B,1,0,1,0,B10,2.97892515523761,0.80052542237034,0.23228979134723,0.150898043667399,0.152002656577695,0.0461548022225568,0.923322134551556,0.457376464279328,0.212438778280228,0.0783712618829809,0.457376464279328,0.358481115249858,0.192451085132556,0.152002656577695,0.205171715090902,0.138550660587695,0.235129408843734,1.24675285428488,1,1,0,1B,0B,0.923322134551556,0.0461548022225568,0.995997659053127,0.00400234094687302,1,1,0.0766778654484445,0.0533673869507033,0.0461548022225567,-0.00393456172242736,CBCbothPairsRW,CBCdriftDiffusionLR_pwBelief,0.5,0.752970664801337,0.113057361516382,1.17875285428488,14.2771357480348,1.92631322687562,0.5,22.556579024466,0.999999999984034,CBCbothPairsRW,CBCdriftDiffusionLR_pwBelief,0.5,0.695994686844611,0.0852470714413431,1.18620649302319,14.7317703437588,1.70112872673922,0.5,-54.1587032194163
