ID,filename,session,trial,visStimLeft,secondStim,mod2Type,frequency,rewardAccurate,yesKey,mod2Stim,stimPair,match,key,reactionTime,choice,choiceAccurate,reward,surprise,0A belief,1A belief,2A belief,0B belief,1B belief,2B belief,0C belief,1C belief,2C belief,beliefPair,lik,corrLik,rewardPE,update2,choicePE,update1,fit_percModel,fit_respModel,fit_startBelief,fit_alpha1,fit_alpha12,fit_alpha2,fit_nonDecisionTime,fit_weight,fit_startingBoundary,fit_startingPoint,fit_NLL
CBC_P019,CBC_P019_AV_prob0.9_Vset3_Aset1_2023-03-31_17h14.34.139.csv,1,1,0,2,aud,0.5,1,b,A,0A,1,b,2.81160950000049,1,1,1,2.19722457733622,0.5,0.5,0.5,0.5,0.5,0.5,0.5,0.5,0.5,0.5,0.0641015262461341,0.501720027858875,0.5,0.0932752268988063,0.5,0.0932752268988063,CBC2StepAsymRW,CBCdriftDiffusionLR,0.5,0.186550453797613,0.00124627722877313,0.485791909162936,0.523790340007521,2.38224927728528,2.21177944080256,0.5,54.4828849291033
CBC_P019,CBC_P019_AV_prob0.9_Vset3_Aset1_2023-03-31_17h14.34.139.csv,1,2,1,0,aud,0.35,1,b,C,1C,0,z,2.80770329999905,0,1,1,2.30258509299405,0.593275226898806,0.499376861385613,0.499376861385613,0.499376861385613,0.5,0.5,0.499376861385613,0.5,0.5,0.5,0.0640084710674582,0.499019725692873,0.5,-0.0932752268988063,-0.5,-0.0932752268988063,CBC2StepAsymRW,CBCdriftDiffusionLR,0.5,0.186550453797613,0.00124627722877313,0.485791909162936,0.523790340007521,2.38224927728528,2.21177944080256,0.5,54.4828849291033
CBC_P019,CBC_P019_AV_prob0.9_Vset3_Aset1_2023-03-31_17h14.34.139.csv,1,3,0,1,aud,0.35,1,b,B,0B,0,z,2.25687090000065,0,1,1,2.39789527279837,0.593275226898806,0.499376861385613,0.499376861385613,0.499376861385613,0.5,0.5,0.499376861385613,0.406724773101194,0.5,0.499376861385613,0.112221686256073,0.501927109089589,0.499376861385613,-0.0931589801075137,-0.499376861385613,-0.0931589801075137,CBC2StepAsymRW,CBCdriftDiffusionLR,0.5,0.186550453797613,0.00124627722877313,0.485791909162936,0.523790340007521,2.38224927728528,2.21177944080256,0.5,54.4828849291033
CBC_P019,CBC_P019_AV_prob0.9_Vset3_Aset1_2023-03-31_17h14.34.139.csv,1,4,2,0,aud,0.5,1,b,C,2C,1,b,1.83242839999912,1,1,1,2.484906649788,0.593275226898806,0.499376861385613,0.499376861385613,0.4062178812781,0.5,0.5,0.499376861385613,0.406724773101194,0.5,0.5,0.171498006067198,0.499927707269743,0.5,0.0932752268988063,0.5,0.0932752268988063,CBC2StepAsymRW,CBCdriftDiffusionLR,0.5,0.186550453797613,0.00124627722877313,0.485791909162936,0.523790340007521,2.38224927728528,2.21177944080256,0.5,54.4828849291033
CBC_P019,CBC_P019_AV_prob0.9_Vset3_Aset1_2023-03-31_17h14.34.139.csv,1,5,1,1,aud,0.5,0,b,B,1B,1,b,1.26570579999861,1,1,0,2.56494935746154,0.593275226898806,0.499376861385613,0.498754499374692,0.4062178812781,0.5,0.499376861385613,0.498754499374692,0.4062178812781,0.593275226898806,0.5,0.301645414533931,0.500166615037068,-0.5,-0.000623138614386565,0.5,0.0932752268988063,CBC2StepAsymRW,CBCdriftDiffusionLR,0.5,0.186550453797613,0.00124627722877313,0.485791909162936,0.523790340007521,2.38224927728528,2.21177944080256,0.5,54.4828849291033
CBC_P019,CBC_P019_AV_prob0.9_Vset3_Aset1_2023-03-31_17h14.34.139.csv,1,6,2,2,aud,0.35,1,b,A,2A,0,z,2.18544429999929,0,1,1,2.63905732961526,0.593275226898806,0.499376861385613,0.498754499374692,0.4062178812781,0.499376861385613,0.499376861385613,0.498754499374692,0.4062178812781,0.593275226898806,0.498754499374692,0.120735253886901,0.502467040770221,0.498754499374692,-0.09304287819195,-0.498754499374692,-0.0930428781919499,CBC2StepAsymRW,CBCdriftDiffusionLR,0.5,0.186550453797613,0.00124627722877313,0.485791909162936,0.523790340007521,2.38224927728528,2.21177944080256,0.5,54.4828849291033
CBC_P019,CBC_P019_AV_prob0.9_Vset3_Aset1_2023-03-31_17h14.34.139.csv,1,7,0,1,aud,0.35,1,b,B,0B,0,z,2.29261659999975,0,1,1,2.01490302054226,0.593275226898806,0.499376861385613,0.405711621182742,0.4062178812781,0.499376861385613,0.499376861385613,0.498754499374692,0.4062178812781,0.593275226898806,0.4062178812781,0.148082444335209,0.728237624240841,0.4062178812781,-0.0757801300931342,-0.4062178812781,-0.0757801300931342,CBC2StepAsymRW,CBCdriftDiffusionLR,0.5,0.186550453797613,0.00124627722877313,0.485791909162936,0.523790340007521,2.38224927728528,2.21177944080256,0.5,54.4828849291033
CBC_P019,CBC_P019_AV_prob0.9_Vset3_Aset1_2023-03-31_17h14.34.139.csv,1,8,2,0,aud,0.5,1,b,C,2C,1,b,1.66985569999997,1,1,1,2.07944154167984,0.593275226898806,0.499376861385613,0.405711621182742,0.330437751184966,0.499376861385613,0.499376861385613,0.498754499374692,0.4062178812781,0.593275226898806,0.593275226898806,0.295230086474855,0.728395798409194,0.406724773101194,0.0758746909927587,0.406724773101194,0.0758746909927587,CBC2StepAsymRW,CBCdriftDiffusionLR,0.5,0.186550453797613,0.00124627722877313,0.485791909162936,0.523790340007521,2.38224927728528,2.21177944080256,0.5,54.4828849291033
CBC_P019,CBC_P019_AV_prob0.9_Vset3_Aset1_2023-03-31_17h14.34.139.csv,1,9,0,2,aud,0.5,1,b,A,0A,1,b,1.91215030000058,1,1,1,2.14006616349627,0.593275226898806,0.499376861385613,0.405205992027814,0.330437751184966,0.499376861385613,0.498754499374692,0.498132912999374,0.405711621182742,0.669149917891565,0.593275226898806,0.225567659563269,0.727618185966676,0.406724773101194,0.0758746909927587,0.406724773101194,0.0758746909927587,CBC2StepAsymRW,CBCdriftDiffusionLR,0.5,0.186550453797613,0.00124627722877313,0.485791909162936,0.523790340007521,2.38224927728528,2.21177944080256,0.5,54.4828849291033
CBC_P019,CBC_P019_AV_prob0.9_Vset3_Aset1_2023-03-31_17h14.34.139.csv,1,10,1,0,aud,0.35,1,b,C,1C,0,b,1.59908589999941,1,0,0,2.19722457733622,0.669149917891565,0.498754499374692,0.404700993026987,0.330025934140137,0.499376861385613,0.498754499374692,0.497512101293,0.405711621182742,0.669149917891565,0.405711621182742,0.118635969662738,0.270666775621847,-0.405711621182742,-0.000505629154928682,-0.405711621182742,-0.0756856870426057,CBC2StepAsymRW,CBCdriftDiffusionLR,0.5,0.186550453797613,0.00124627722877313,0.485791909162936,0.523790340007521,2.38224927728528,2.21177944080256,0.5,54.4828849291033
CBC_P019,CBC_P019_AV_prob0.9_Vset3_Aset1_2023-03-31_17h14.34.139.csv,1,11,0,2,aud,0.5,1,b,A,0A,1,b,0.939308799999708,1,1,1,1.84582669049833,0.669149917891565,0.498754499374692,0.404700993026987,0.330025934140137,0.499376861385613,0.498754499374692,0.497512101293,0.405205992027814,0.669149917891565,0.669149917891565,0.806411007336795,0.856408691770431,0.330850082108435,0.0617202329563059,0.330850082108435,0.0617202329563059,CBC2StepAsymRW,CBCdriftDiffusionLR,0.5,0.186550453797613,0.00124627722877313,0.485791909162936,0.523790340007521,2.38224927728528,2.21177944080256,0.5,54.4828849291033
CBC_P019,CBC_P019_AV_prob0.9_Vset3_Aset1_2023-03-31_17h14.34.139.csv,1,12,1,1,aud,0.5,1,b,B,1B,1,b,1.82590729999902,1,1,1,2.30258509299405,0.730870150847871,0.498132912999374,0.404196623394916,0.329614630333513,0.499376861385613,0.498754499374692,0.496892063290119,0.405205992027814,0.669149917891565,0.499376861385613,0.172337083382223,0.499081954216164,0.500623138614387,0.0933914736900989,0.500623138614387,0.0933914736900989,CBC2StepAsymRW,CBCdriftDiffusionLR,0.5,0.186550453797613,0.00124627722877313,0.485791909162936,0.523790340007521,2.38224927728528,2.21177944080256,0.5,54.4828849291033
CBC_P019,CBC_P019_AV_prob0.9_Vset3_Aset1_2023-03-31_17h14.34.139.csv,1,13,0,0,aud,0.15,0,b,C,0C,0,z,1.22494319999896,0,1,0,3.04452243772342,0.730870150847871,0.497512101293,0.404196623394916,0.329203839125458,0.592768335075712,0.498132912999374,0.496892063290119,0.404700993026987,0.669149917891565,0.496892063290119,0.318485017046082,0.508287121509974,-0.503107936709881,0.000627011965136557,-0.496892063290119,-0.0926954398952038,CBC2StepAsymRW,CBCdriftDiffusionLR,0.5,0.186550453797613,0.00124627722877313,0.485791909162936,0.523790340007521,2.38224927728528,2.21177944080256,0.5,54.4828849291033
CBC_P019,CBC_P019_AV_prob0.9_Vset3_Aset1_2023-03-31_17h14.34.139.csv,1,14,1,2,aud,0.15,1,b,A,1A,0,b,1.83194469999944,1,0,0,3.09104245335832,0.730870150847871,0.497512101293,0.404196623394916,0.329203839125458,0.592768335075712,0.498132912999374,0.497519075255256,0.404700993026987,0.669149917891565,0.497512101293,0.169400168142295,0.493574474444706,-0.497512101293,-0.000620038002880536,-0.497512101293,-0.0928111082660129,CBC2StepAsymRW,CBCdriftDiffusionLR,0.5,0.186550453797613,0.00124627722877313,0.485791909162936,0.523790340007521,2.38224927728528,2.21177944080256,0.5,54.4828849291033
CBC_P019,CBC_P019_AV_prob0.9_Vset3_Aset1_2023-03-31_17h14.34.139.csv,1,15,0,1,aud,0.35,1,b,B,0B,0,z,1.22024079999937,0,1,1,2.03688192726104,0.730870150847871,0.496892063290119,0.404196623394916,0.329203839125458,0.592768335075712,0.498132912999374,0.497519075255256,0.404700993026987,0.669149917891565,0.329203839125458,0.614867618886028,0.858462104410757,0.329203839125458,-0.0614131255807705,-0.329203839125458,-0.0614131255807705,CBC2StepAsymRW,CBCdriftDiffusionLR,0.5,0.186550453797613,0.00124627722877313,0.485791909162936,0.523790340007521,2.38224927728528,2.21177944080256,0.5,54.4828849291033
CBC_P019,CBC_P019_AV_prob0.9_Vset3_Aset1_2023-03-31_17h14.34.139.csv,1,16,1,2,aud,0.15,1,b,A,1A,0,z,2.06625619999977,0,1,1,2.484906649788,0.730870150847871,0.496892063290119,0.404196623394916,0.267790713544688,0.592768335075712,0.498132912999374,0.497519075255256,0.404700993026987,0.669149917891565,0.496892063290119,0.137946340664563,0.509081933008628,0.496892063290119,-0.0926954398952038,-0.496892063290119,-0.0926954398952038,CBC2StepAsymRW,CBCdriftDiffusionLR,0.5,0.186550453797613,0.00124627722877313,0.485791909162936,0.523790340007521,2.38224927728528,2.21177944080256,0.5,54.4828849291033
CBC_P019,CBC_P019_AV_prob0.9_Vset3_Aset1_2023-03-31_17h14.34.139.csv,1,17,2,0,aud,0.5,1,b,C,2C,1,b,1.52347179999924,1,1,1,2.12026353620009,0.730870150847871,0.404196623394916,0.404196623394916,0.267790713544688,0.592768335075712,0.498132912999374,0.497519075255256,0.404700993026987,0.669149917891565,0.669149917891565,0.412516019809333,0.856145365829965,0.330850082108435,0.0617202329563059,0.330850082108435,0.0617202329563059,CBC2StepAsymRW,CBCdriftDiffusionLR,0.5,0.186550453797613,0.00124627722877313,0.485791909162936,0.523790340007521,2.38224927728528,2.21177944080256,0.5,54.4828849291033
CBC_P019,CBC_P019_AV_prob0.9_Vset3_Aset1_2023-03-31_17h14.34.139.csv,1,18,0,2,aud,0.5,1,b,A,0A,1,b,0.754201199999443,1,1,1,1.87180217690159,0.730870150847871,0.404196623394916,0.403692882347232,0.267790713544688,0.592768335075712,0.497512101293,0.496899028560885,0.404196623394916,0.730870150847871,0.730870150847871,0.823599194391348,0.919159358312061,0.269129849152129,0.0502062954898127,0.269129849152129,0.0502062954898127,CBC2StepAsymRW,CBCdriftDiffusionLR,0.5,0.186550453797613,0.00124627722877313,0.485791909162936,0.523790340007521,2.38224927728528,2.21177944080256,0.5,54.4828849291033
CBC_P019,CBC_P019_AV_prob0.9_Vset3_Aset1_2023-03-31_17h14.34.139.csv,1,19,2,0,aud,0.5,1,b,C,2C,1,b,1.30450770000061,1,1,1,1.90954250488444,0.781076446337684,0.403692882347231,0.403189769100544,0.26745697207632,0.592768335075712,0.497512101293,0.49627975461659,0.404196623394916,0.730870150847871,0.730870150847871,0.611499712399724,0.919275924794789,0.269129849152129,0.0502062954898127,0.269129849152129,0.0502062954898127,CBC2StepAsymRW,CBCdriftDiffusionLR,0.5,0.186550453797613,0.00124627722877313,0.485791909162936,0.523790340007521,2.38224927728528,2.21177944080256,0.5,54.4828849291033
CBC_P019,CBC_P019_AV_prob0.9_Vset3_Aset1_2023-03-31_17h14.34.139.csv,1,20,1,1,aud,0.5,1,b,B,1B,1,b,1.11987139999837,1,1,1,2.23359222150709,0.781076446337684,0.403692882347231,0.40268728287244,0.26745697207632,0.592768335075712,0.496892063290119,0.49566125245931,0.403692882347232,0.781076446337684,0.592768335075712,0.528202349882622,0.726657501331984,0.407231664924288,0.0759692518923832,0.407231664924288,0.0759692518923832,CBC2StepAsymRW,CBCdriftDiffusionLR,0.5,0.186550453797613,0.00124627722877313,0.485791909162936,0.523790340007521,2.38224927728528,2.21177944080256,0.5,54.4828849291033
CBC_P019,CBC_P019_AV_prob0.9_Vset3_Aset1_2023-03-31_17h14.34.139.csv,1,21,2,2,aud,0.35,1,b,A,2A,0,z,1.05177100000037,0,1,1,2.67414864942653,0.781076446337684,0.403189769100544,0.40268728287244,0.267123646542345,0.668737586968095,0.496272798026483,0.49566125245931,0.403189769100544,0.781076446337684,0.40268728287244,0.568754077239208,0.735244708216667,0.40268728287244,-0.0751214953583813,-0.40268728287244,-0.0751214953583813,CBC2StepAsymRW,CBCdriftDiffusionLR,0.5,0.186550453797613,0.00124627722877313,0.485791909162936,0.523790340007521,2.38224927728528,2.21177944080256,0.5,54.4828849291033
CBC_P019,CBC_P019_AV_prob0.9_Vset3_Aset1_2023-03-31_17h14.34.139.csv,1,22,0,1,aud,0.35,1,b,B,0B,0,z,1.2790815999997,0,1,1,2.01490302054226,0.781076446337684,0.403189769100544,0.327565787514059,0.267123646542345,0.668737586968095,0.496272798026483,0.49566125245931,0.403189769100544,0.781076446337684,0.267123646542345,0.638012462069995,0.920880737448552,0.267123646542345,-0.0498320374825475,-0.267123646542345,-0.0498320374825475,CBC2StepAsymRW,CBCdriftDiffusionLR,0.5,0.186550453797613,0.00124627722877313,0.485791909162936,0.523790340007521,2.38224927728528,2.21177944080256,0.5,54.4828849291033
CBC_P019,CBC_P019_AV_prob0.9_Vset3_Aset1_2023-03-31_17h14.34.139.csv,1,23,2,0,aud,0.5,1,b,C,2C,1,b,1.29434089999995,1,1,1,1.82454929205105,0.781076446337684,0.403189769100544,0.327565787514059,0.217291609059797,0.668737586968095,0.496272798026483,0.49566125245931,0.403189769100544,0.781076446337684,0.781076446337684,0.646594005574963,0.950951862227708,0.218923553662316,0.0408402882826911,0.218923553662316,0.0408402882826911,CBC2StepAsymRW,CBCdriftDiffusionLR,0.5,0.186550453797613,0.00124627722877313,0.485791909162936,0.523790340007521,2.38224927728528,2.21177944080256,0.5,54.4828849291033
CBC_P019,CBC_P019_AV_prob0.9_Vset3_Aset1_2023-03-31_17h14.34.139.csv,1,24,1,1,aud,0.5,1,b,B,1B,1,z,1.36297879999984,0,0,0,2.07944154167984,0.781076446337684,0.403189769100544,0.327157549732155,0.217291609059797,0.668737586968095,0.495654304539043,0.495043521127185,0.40268728287244,0.821916734620375,0.668737586968095,0.0861617620563817,0.144775247566236,-0.331262413031905,0.000412844802110102,0.331262413031905,0.061797153477194,CBC2StepAsymRW,CBCdriftDiffusionLR,0.5,0.186550453797613,0.00124627722877313,0.485791909162936,0.523790340007521,2.38224927728528,2.21177944080256,0.5,54.4828849291033
CBC_P019,CBC_P019_AV_prob0.9_Vset3_Aset1_2023-03-31_17h14.34.139.csv,1,25,0,2,aud,0.5,1,b,A,0A,1,b,0.622856399999364,1,1,1,1.88706964903238,0.781076446337684,0.403189769100544,0.327157549732155,0.217291609059797,0.669150431770206,0.495654304539043,0.495043521127185,0.40268728287244,0.821916734620375,0.781076446337684,0.118789978283067,0.950868036246528,0.218923553662316,0.0408402882826911,0.218923553662316,0.0408402882826911,CBC2StepAsymRW,CBCdriftDiffusionLR,0.5,0.186550453797613,0.00124627722877313,0.485791909162936,0.523790340007521,2.38224927728528,2.21177944080256,0.5,54.4828849291033
CBC_P019,CBC_P019_AV_prob0.9_Vset3_Aset1_2023-03-31_17h14.34.139.csv,1,26,1,0,aud,0.35,1,b,C,1C,0,b,1.25577270000031,1,0,0,2.42774823594805,0.821916734620375,0.40268728287244,0.326749820727702,0.217020803475423,0.669150431770206,0.495654304539043,0.494426559659553,0.40268728287244,0.821916734620375,0.40268728287244,0.168136061204944,0.263332855332493,-0.40268728287244,-0.000501859990960446,-0.40268728287244,-0.0751214953583813,CBC2StepAsymRW,CBCdriftDiffusionLR,0.5,0.186550453797613,0.00124627722877313,0.485791909162936,0.523790340007521,2.38224927728528,2.21177944080256,0.5,54.4828849291033
CBC_P019,CBC_P019_AV_prob0.9_Vset3_Aset1_2023-03-31_17h14.34.139.csv,1,27,2,1,aud,0.15,1,b,B,2B,0,z,2.19785059999958,0,1,1,3.55534806148941,0.821916734620375,0.40268728287244,0.326749820727702,0.217020803475423,0.669150431770206,0.495654304539043,0.494426559659553,0.40218542288148,0.821916734620375,0.495654304539043,0.121292681745815,0.511188750084769,0.495654304539043,-0.0924645354384985,-0.495654304539043,-0.0924645354384985,CBC2StepAsymRW,CBCdriftDiffusionLR,0.5,0.186550453797613,0.00124627722877313,0.485791909162936,0.523790340007521,2.38224927728528,2.21177944080256,0.5,54.4828849291033
CBC_P019,CBC_P019_AV_prob0.9_Vset3_Aset1_2023-03-31_17h14.34.139.csv,1,28,1,0,aud,0.35,1,b,C,1C,0,b,1.24641379999957,1,0,0,2.19722457733622,0.821916734620375,0.40268728287244,0.326749820727702,0.217020803475423,0.669150431770206,0.403189769100544,0.494426559659553,0.40218542288148,0.821916734620375,0.40218542288148,0.169624019739772,0.26303644212487,-0.40218542288148,-0.00050123453428168,-0.40218542288148,-0.0750278731493248,CBC2StepAsymRW,CBCdriftDiffusionLR,0.5,0.186550453797613,0.00124627722877313,0.485791909162936,0.523790340007521,2.38224927728528,2.21177944080256,0.5,54.4828849291033
CBC_P019,CBC_P019_AV_prob0.9_Vset3_Aset1_2023-03-31_17h14.34.139.csv,1,29,0,1,aud,0.35,1,b,B,0B,0,z,1.11598229999981,0,1,1,2.00148000021012,0.821916734620375,0.40268728287244,0.326749820727702,0.217020803475423,0.669150431770206,0.403189769100544,0.494426559659553,0.401684188347198,0.821916734620375,0.217020803475423,0.893730891382196,0.95196891258323,0.217020803475423,-0.0404853293718626,-0.217020803475423,-0.0404853293718626,CBC2StepAsymRW,CBCdriftDiffusionLR,0.5,0.186550453797613,0.00124627722877313,0.485791909162936,0.523790340007521,2.38224927728528,2.21177944080256,0.5,54.4828849291033
CBC_P019,CBC_P019_AV_prob0.9_Vset3_Aset1_2023-03-31_17h14.34.139.csv,1,30,2,0,aud,0.5,0,b,C,2C,1,b,1.32572520000031,1,1,0,1.84582669049833,0.821916734620375,0.40268728287244,0.326749820727702,0.17653547410356,0.669150431770206,0.403189769100544,0.494426559659553,0.401684188347198,0.821916734620375,0.821916734620375,0.604551749341471,0.967306480472093,-0.821916734620375,-0.00102433611030494,0.178083265379625,0.0332215139703298,CBC2StepAsymRW,CBCdriftDiffusionLR,0.5,0.186550453797613,0.00124627722877313,0.485791909162936,0.523790340007521,2.38224927728528,2.21177944080256,0.5,54.4828849291033
CBC_P019,CBC_P019_AV_prob0.9_Vset3_Aset1_2023-03-31_17h14.34.139.csv,1,31,0,2,aud,0.5,0,b,A,0A,1,b,0.880609299998468,1,1,0,1.87180217690159,0.821916734620375,0.40268728287244,0.326749820727702,0.17653547410356,0.669150431770206,0.403189769100544,0.494426559659553,0.401684188347198,0.82089239851007,0.821916734620375,1.3369291071947,0.967482253871704,-0.821916734620375,-0.00102433611030494,0.178083265379625,0.0332215139703298,CBC2StepAsymRW,CBCdriftDiffusionLR,0.5,0.186550453797613,0.00124627722877313,0.485791909162936,0.523790340007521,2.38224927728528,2.21177944080256,0.5,54.4828849291033
CBC_P019,CBC_P019_AV_prob0.9_Vset3_Aset1_2023-03-31_17h14.34.139.csv,1,32,2,1,aud,0.15,1,b,B,2B,0,z,1.17493139999897,0,1,1,2.99573227355399,0.82089239851007,0.40268728287244,0.326749820727702,0.17653547410356,0.669150431770206,0.403189769100544,0.494426559659553,0.401684188347198,0.82089239851007,0.403189769100544,0.508712475833887,0.73436667848962,0.403189769100544,-0.0752152343922612,-0.403189769100544,-0.0752152343922612,CBC2StepAsymRW,CBCdriftDiffusionLR,0.5,0.186550453797613,0.00124627722877313,0.485791909162936,0.523790340007521,2.38224927728528,2.21177944080256,0.5,54.4828849291033
CBC_P019,CBC_P019_AV_prob0.9_Vset3_Aset1_2023-03-31_17h14.34.139.csv,1,33,1,0,aud,0.35,1,b,C,1C,0,b,1.12793509999938,1,0,0,2.10413415427021,0.82089239851007,0.40268728287244,0.326749820727702,0.17653547410356,0.669150431770206,0.327974534708283,0.494426559659553,0.401684188347198,0.82089239851007,0.401684188347198,0.190059927189964,0.261712165531885,-0.401684188347198,-0.00050060985709533,-0.401684188347198,-0.0749343676194955,CBC2StepAsymRW,CBCdriftDiffusionLR,0.5,0.186550453797613,0.00124627722877313,0.485791909162936,0.523790340007521,2.38224927728528,2.21177944080256,0.5,54.4828849291033
CBC_P019,CBC_P019_AV_prob0.9_Vset3_Aset1_2023-03-31_17h14.34.139.csv,1,34,2,2,aud,0.35,1,b,A,2A,0,z,1.37282899999809,0,1,1,2.63905732961526,0.82089239851007,0.40268728287244,0.326749820727702,0.17653547410356,0.669150431770206,0.327974534708283,0.494426559659553,0.401183578490103,0.82089239851007,0.326749820727702,0.507136181489784,0.861209027371125,0.326749820727702,-0.0609553273350414,-0.326749820727702,-0.0609553273350415,CBC2StepAsymRW,CBCdriftDiffusionLR,0.5,0.186550453797613,0.00124627722877313,0.485791909162936,0.523790340007521,2.38224927728528,2.21177944080256,0.5,54.4828849291033
CBC_P019,CBC_P019_AV_prob0.9_Vset3_Aset1_2023-03-31_17h14.34.139.csv,1,35,1,1,aud,0.5,1,b,B,1B,1,b,2.01225109999905,1,1,1,2.15176220325946,0.82089239851007,0.40268728287244,0.265794493392661,0.17653547410356,0.669150431770206,0.327974534708283,0.494426559659553,0.401183578490103,0.82089239851007,0.669150431770206,0.215136752786495,0.855950358611715,0.330849568229794,0.0617201370920123,0.330849568229794,0.0617201370920123,CBC2StepAsymRW,CBCdriftDiffusionLR,0.5,0.186550453797613,0.00124627722877313,0.485791909162936,0.523790340007521,2.38224927728528,2.21177944080256,0.5,54.4828849291033
CBC_P019,CBC_P019_AV_prob0.9_Vset3_Aset1_2023-03-31_17h14.34.139.csv,1,36,0,0,aud,0.15,1,b,C,0C,0,z,0.907638200000292,0,1,1,3.09104245335832,0.82089239851007,0.40218542288148,0.265794493392661,0.176315461962114,0.730870568862218,0.327565787514059,0.494426559659553,0.400683592531673,0.82089239851007,0.494426559659553,0.388859510321865,0.515351792174838,0.494426559659553,-0.0922354990740819,-0.494426559659553,-0.0922354990740819,CBC2StepAsymRW,CBCdriftDiffusionLR,0.5,0.186550453797613,0.00124627722877313,0.485791909162936,0.523790340007521,2.38224927728528,2.21177944080256,0.5,54.4828849291033
CBC_P019,CBC_P019_AV_prob0.9_Vset3_Aset1_2023-03-31_17h14.34.139.csv,1,37,1,1,aud,0.5,1,b,B,1B,1,z,1.57327850000001,0,0,0,2.01490302054226,0.82089239851007,0.40218542288148,0.265794493392661,0.176315461962114,0.730870568862218,0.327565787514059,0.402191060585471,0.400683592531673,0.82089239851007,0.730870568862218,0.0349395672085363,0.0806542970288539,-0.269129431137782,0.000335409881619684,0.269129431137782,0.0502062175090466,CBC2StepAsymRW,CBCdriftDiffusionLR,0.5,0.186550453797613,0.00124627722877313,0.485791909162936,0.523790340007521,2.38224927728528,2.21177944080256,0.5,54.4828849291033
CBC_P019,CBC_P019_AV_prob0.9_Vset3_Aset1_2023-03-31_17h14.34.139.csv,1,38,2,2,aud,0.35,1,b,A,2A,0,z,1.02778339999895,0,1,1,2.4423470353692,0.82089239851007,0.40218542288148,0.265794493392661,0.176315461962114,0.731205978743838,0.327565787514059,0.402191060585471,0.400683592531673,0.82089239851007,0.265794493392661,0.919378658185752,0.921776882851154,0.265794493392661,-0.0495840833593075,-0.265794493392661,-0.0495840833593075,CBC2StepAsymRW,CBCdriftDiffusionLR,0.5,0.186550453797613,0.00124627722877313,0.485791909162936,0.523790340007521,2.38224927728528,2.21177944080256,0.5,54.4828849291033
CBC_P019,CBC_P019_AV_prob0.9_Vset3_Aset1_2023-03-31_17h14.34.139.csv,1,39,1,0,aud,0.35,1,b,C,1C,0,b,1.21925920000103,1,0,0,2.058388132482,0.82089239851007,0.40218542288148,0.216210410033354,0.176315461962114,0.731205978743838,0.327565787514059,0.402191060585471,0.400683592531673,0.82089239851007,0.400683592531673,0.172785229329539,0.260144186623849,-0.400683592531673,-0.000499362837315235,-0.400683592531673,-0.0747477060160412,CBC2StepAsymRW,CBCdriftDiffusionLR,0.5,0.186550453797613,0.00124627722877313,0.485791909162936,0.523790340007521,2.38224927728528,2.21177944080256,0.5,54.4828849291033
CBC_P019,CBC_P019_AV_prob0.9_Vset3_Aset1_2023-03-31_17h14.34.139.csv,1,40,0,2,aud,0.5,1,b,A,0A,1,b,0.972160999999687,1,1,1,1.92529086185258,0.82089239851007,0.40218542288148,0.216210410033354,0.176315461962114,0.731205978743838,0.327565787514059,0.402191060585471,0.400184229694358,0.82089239851007,0.82089239851007,1.2065851414958,0.967124053567064,0.17910760148993,0.0334126043365484,0.17910760148993,0.0334126043365484,CBC2StepAsymRW,CBCdriftDiffusionLR,0.5,0.186550453797613,0.00124627722877313,0.485791909162936,0.523790340007521,2.38224927728528,2.21177944080256,0.5,54.4828849291033
CBC_P019,CBC_P019_AV_prob0.9_Vset3_Aset1_2023-03-31_17h14.34.139.csv,1,41,1,1,aud,0.5,1,b,B,1B,1,b,2.51842579999902,1,1,1,1.94591014905531,0.854305002846618,0.401684188347198,0.215940951922705,0.17609572401679,0.731205978743838,0.327565787514059,0.401689819025047,0.400184229694358,0.82089239851007,0.731205978743838,0.0866510484495626,0.919400299222434,0.268794021256162,0.0501436466434222,0.268794021256162,0.0501436466434222,CBC2StepAsymRW,CBCdriftDiffusionLR,0.5,0.186550453797613,0.00124627722877313,0.485791909162936,0.523790340007521,2.38224927728528,2.21177944080256,0.5,54.4828849291033
CBC_P019,CBC_P019_AV_prob0.9_Vset3_Aset1_2023-03-31_17h14.34.139.csv,1,42,2,0,aud,0.5,1,b,C,2C,1,b,1.29629019999993,1,1,1,1.96611285637283,0.854305002846618,0.401183578490103,0.215940951922705,0.175876259925864,0.78134962538726,0.327157549732155,0.401689819025047,0.399685489201575,0.82089239851007,0.82089239851007,0.64394037039757,0.967162385004882,0.17910760148993,0.0334126043365484,0.17910760148993,0.0334126043365484,CBC2StepAsymRW,CBCdriftDiffusionLR,0.5,0.186550453797613,0.00124627722877313,0.485791909162936,0.523790340007521,2.38224927728528,2.21177944080256,0.5,54.4828849291033
CBC_P019,CBC_P019_TV_prob0.9_Vset2_Tset3_2023-03-31_17h22.32.458.csv,2,1,2,1,tac,0.5,1,b,C,2C,1,b,3.16732309999861,1,1,1,2.19722457733622,0.5,0.5,0.5,0.5,0.5,0.5,0.5,0.5,0.5,0.5,0.0677006153711794,0.499491518492839,0.5,0.235382573742772,0.5,0.235382573742772,CBC2StepAsymRW,CBCdriftDiffusionLR,0.5,0.470765147485544,0.00866835852800896,0.122121603625373,0.852455330689351,1.01316405318223,2.28909542111394,0.5,60.7616452322206
CBC_P019,CBC_P019_TV_prob0.9_Vset2_Tset3_2023-03-31_17h22.32.458.csv,2,2,1,2,tac,0.5,1,b,B,1B,1,b,2.58190889999969,1,1,1,2.30258509299405,0.5,0.5,0.495665820735996,0.5,0.5,0.495665820735996,0.495665820735996,0.495665820735996,0.735382573742772,0.5,0.117876493391797,0.501106068031887,0.5,0.235382573742772,0.5,0.235382573742772,CBC2StepAsymRW,CBCdriftDiffusionLR,0.5,0.470765147485544,0.00866835852800896,0.122121603625373,0.852455330689351,1.01316405318223,2.28909542111394,0.5,60.7616452322206
CBC_P019,CBC_P019_TV_prob0.9_Vset2_Tset3_2023-03-31_17h22.32.458.csv,2,3,0,1,tac,0.15,1,b,C,0C,0,b,2.32772990000012,1,0,0,2.39789527279837,0.5,0.495665820735996,0.495665820735996,0.495665820735996,0.735382573742772,0.491369211691776,0.495665820735996,0.491369211691776,0.735382573742772,0.495665820735996,0.14802220355171,0.495322434100054,-0.495665820735996,-0.00429660904421943,-0.495665820735996,-0.233342193202324,CBC2StepAsymRW,CBCdriftDiffusionLR,0.5,0.470765147485544,0.00866835852800896,0.122121603625373,0.852455330689351,1.01316405318223,2.28909542111394,0.5,60.7616452322206
CBC_P019,CBC_P019_TV_prob0.9_Vset2_Tset3_2023-03-31_17h22.32.458.csv,2,4,2,0,tac,0.35,1,b,A,2A,0,z,2.27656999999999,0,1,1,2.484906649788,0.5,0.495665820735996,0.495665820735996,0.495665820735996,0.735382573742772,0.491369211691776,0.491369211691776,0.491369211691776,0.735382573742772,0.495665820735996,0.158169129229124,0.504390036196253,0.495665820735996,-0.233342193202324,-0.495665820735996,-0.233342193202324,CBC2StepAsymRW,CBCdriftDiffusionLR,0.5,0.470765147485544,0.00866835852800896,0.122121603625373,0.852455330689351,1.01316405318223,2.28909542111394,0.5,60.7616452322206
CBC_P019,CBC_P019_TV_prob0.9_Vset2_Tset3_2023-03-31_17h22.32.458.csv,2,5,1,1,tac,0.35,1,b,C,1C,0,b,2.28859459999876,1,0,0,2.56494935746154,0.5,0.495665820735996,0.262323627533671,0.495665820735996,0.735382573742772,0.491369211691776,0.491369211691776,0.491369211691776,0.735382573742772,0.491369211691776,0.151984623006102,0.490192479935571,-0.491369211691776,-0.00425936449656945,-0.491369211691776,-0.231319499411935,CBC2StepAsymRW,CBCdriftDiffusionLR,0.5,0.470765147485544,0.00866835852800896,0.122121603625373,0.852455330689351,1.01316405318223,2.28909542111394,0.5,60.7616452322206
CBC_P019,CBC_P019_TV_prob0.9_Vset2_Tset3_2023-03-31_17h22.32.458.csv,2,6,2,0,tac,0.35,0,b,A,2A,0,z,2.24479389999942,0,1,0,1.94591014905531,0.5,0.495665820735996,0.262323627533671,0.495665820735996,0.735382573742772,0.491369211691776,0.491369211691776,0.487109847195207,0.735382573742772,0.262323627533671,0.238706796773169,0.75130845311252,-0.737676372466329,0.00639444327417921,-0.262323627533671,-0.123492821204832,CBC2StepAsymRW,CBCdriftDiffusionLR,0.5,0.470765147485544,0.00866835852800896,0.122121603625373,0.852455330689351,1.01316405318223,2.28909542111394,0.5,60.7616452322206
CBC_P019,CBC_P019_TV_prob0.9_Vset2_Tset3_2023-03-31_17h22.32.458.csv,2,7,1,2,tac,0.5,1,b,B,1B,1,b,1.87153849999959,1,1,1,2.01490302054226,0.5,0.495665820735996,0.26871807080785,0.495665820735996,0.735382573742772,0.491369211691776,0.491369211691776,0.487109847195207,0.735382573742772,0.735382573742772,0.352455820873463,0.748650885542306,0.264617426257228,0.124572661699229,0.264617426257228,0.124572661699229,CBC2StepAsymRW,CBCdriftDiffusionLR,0.5,0.470765147485544,0.00866835852800896,0.122121603625373,0.852455330689351,1.01316405318223,2.28909542111394,0.5,60.7616452322206
CBC_P019,CBC_P019_TV_prob0.9_Vset2_Tset3_2023-03-31_17h22.32.458.csv,2,8,0,0,tac,0.5,1,b,A,0A,1,z,2.31921479999983,0,0,0,2.77258872223978,0.5,0.491369211691776,0.26871807080785,0.491369211691776,0.859955235442001,0.487109847195207,0.491369211691776,0.482887404397195,0.735382573742772,0.5,0.150593122671424,0.499899221826084,-0.5,0.00433417926400448,0.5,0.235382573742772,CBC2StepAsymRW,CBCdriftDiffusionLR,0.5,0.470765147485544,0.00866835852800896,0.122121603625373,0.852455330689351,1.01316405318223,2.28909542111394,0.5,60.7616452322206
CBC_P019,CBC_P019_TV_prob0.9_Vset2_Tset3_2023-03-31_17h22.32.458.csv,2,9,1,2,tac,0.5,1,b,B,1B,1,b,1.66708799999833,1,1,1,1.73460105538811,0.504334179264004,0.491369211691776,0.26871807080785,0.491369211691776,0.859955235442001,0.487109847195207,0.491369211691776,0.482887404397195,0.735382573742772,0.859955235442001,0.512929501661112,0.841270104731798,0.140044764557999,0.0659281942417246,0.140044764557999,0.0659281942417246,CBC2StepAsymRW,CBCdriftDiffusionLR,0.5,0.470765147485544,0.00866835852800896,0.122121603625373,0.852455330689351,1.01316405318223,2.28909542111394,0.5,60.7616452322206
CBC_P019,CBC_P019_TV_prob0.9_Vset2_Tset3_2023-03-31_17h22.32.458.csv,2,10,2,1,tac,0.5,1,b,C,2C,1,b,2.22903959999894,1,1,1,2.19722457733622,0.504334179264004,0.487109847195207,0.26871807080785,0.487109847195207,0.925883429683726,0.482887404397195,0.491369211691776,0.47870156324722,0.735382573742772,0.735382573742772,0.242023099448923,0.748765276824924,0.264617426257228,0.124572661699229,0.264617426257228,0.124572661699229,CBC2StepAsymRW,CBCdriftDiffusionLR,0.5,0.470765147485544,0.00866835852800896,0.122121603625373,0.852455330689351,1.01316405318223,2.28909542111394,0.5,60.7616452322206
CBC_P019,CBC_P019_TV_prob0.9_Vset2_Tset3_2023-03-31_17h22.32.458.csv,2,11,0,2,tac,0.35,1,b,B,0B,0,z,2.16210510000019,0,1,1,2.94443897916644,0.504334179264004,0.487109847195207,0.266388726227133,0.487109847195207,0.925883429683726,0.47870156324722,0.487109847195207,0.474552006469075,0.859955235442001,0.487109847195207,0.17968293573093,0.514484992746768,0.487109847195207,-0.229314339056512,-0.487109847195207,-0.229314339056512,CBC2StepAsymRW,CBCdriftDiffusionLR,0.5,0.470765147485544,0.00866835852800896,0.122121603625373,0.852455330689351,1.01316405318223,2.28909542111394,0.5,60.7616452322206
CBC_P019,CBC_P019_TV_prob0.9_Vset2_Tset3_2023-03-31_17h22.32.458.csv,2,12,1,1,tac,0.35,1,b,C,1C,0,b,1.84078739999859,1,0,0,2.30258509299405,0.504334179264004,0.487109847195207,0.266388726227133,0.257795508138694,0.925883429683726,0.47870156324722,0.487109847195207,0.474552006469075,0.859955235442001,0.474552006469075,0.222054015828631,0.470338571788733,-0.474552006469075,-0.00411358693225997,-0.474552006469075,-0.223402545314975,CBC2StepAsymRW,CBCdriftDiffusionLR,0.5,0.470765147485544,0.00866835852800896,0.122121603625373,0.852455330689351,1.01316405318223,2.28909542111394,0.5,60.7616452322206
CBC_P019,CBC_P019_TV_prob0.9_Vset2_Tset3_2023-03-31_17h22.32.458.csv,2,13,0,0,tac,0.5,1,b,A,0A,1,b,2.30925860000025,1,1,1,2.35137525716348,0.504334179264004,0.487109847195207,0.266388726227133,0.257795508138694,0.925883429683726,0.47870156324722,0.487109847195207,0.470438419536815,0.859955235442001,0.504334179264004,0.153657872237654,0.505317555821251,0.495665820735996,0.233342193202324,0.495665820735996,0.233342193202324,CBC2StepAsymRW,CBCdriftDiffusionLR,0.5,0.470765147485544,0.00866835852800896,0.122121603625373,0.852455330689351,1.01316405318223,2.28909542111394,0.5,60.7616452322206
CBC_P019,CBC_P019_TV_prob0.9_Vset2_Tset3_2023-03-31_17h22.32.458.csv,2,14,2,2,tac,0.15,1,b,B,2B,0,z,2.06784829999924,0,1,1,3.09104245335832,0.737676372466329,0.482887404397195,0.264079573240377,0.255560844247238,0.925883429683726,0.47870156324722,0.482887404397195,0.470438419536815,0.859955235442001,0.47870156324722,0.199897622795009,0.52378947016298,0.47870156324722,-0.225356012023638,-0.47870156324722,-0.225356012023638,CBC2StepAsymRW,CBCdriftDiffusionLR,0.5,0.470765147485544,0.00866835852800896,0.122121603625373,0.852455330689351,1.01316405318223,2.28909542111394,0.5,60.7616452322206
CBC_P019,CBC_P019_TV_prob0.9_Vset2_Tset3_2023-03-31_17h22.32.458.csv,2,15,1,0,tac,0.15,1,b,A,1A,0,z,2.26376489999893,0,1,1,3.13549421592915,0.737676372466329,0.482887404397195,0.264079573240377,0.255560844247238,0.925883429683726,0.253345551223582,0.482887404397195,0.470438419536815,0.859955235442001,0.482887404397195,0.164938615270489,0.5197056393852,0.482887404397195,-0.227326560149957,-0.482887404397195,-0.227326560149957,CBC2StepAsymRW,CBCdriftDiffusionLR,0.5,0.470765147485544,0.00866835852800896,0.122121603625373,0.852455330689351,1.01316405318223,2.28909542111394,0.5,60.7616452322206
CBC_P019,CBC_P019_TV_prob0.9_Vset2_Tset3_2023-03-31_17h22.32.458.csv,2,16,0,1,tac,0.15,0,b,C,0C,0,z,1.66584850000072,0,1,0,2.484906649788,0.737676372466329,0.255560844247238,0.264079573240377,0.255560844247238,0.925883429683726,0.253345551223582,0.482887404397195,0.470438419536815,0.859955235442001,0.482887404397195,0.288017097995232,0.51995454774765,-0.517112595602805,0.00448251737803442,-0.482887404397195,-0.227326560149957,CBC2StepAsymRW,CBCdriftDiffusionLR,0.5,0.470765147485544,0.00866835852800896,0.122121603625373,0.852455330689351,1.01316405318223,2.28909542111394,0.5,60.7616452322206
CBC_P019,CBC_P019_TV_prob0.9_Vset2_Tset3_2023-03-31_17h22.32.458.csv,2,17,1,2,tac,0.5,1,b,B,1B,1,[],NaN,NaN,NaN,NaN,1.83258146374831,0.737676372466329,0.255560844247238,0.264079573240377,0.255560844247238,0.925883429683726,0.253345551223582,0.487369921775229,0.470438419536815,0.859955235442001,0.925883429683726,NaN,NaN,0,0,0,0,CBC2StepAsymRW,CBCdriftDiffusionLR,0.5,0.470765147485544,0.00866835852800896,0.122121603625373,0.852455330689351,1.01316405318223,2.28909542111394,0.5,60.7616452322206
CBC_P019,CBC_P019_TV_prob0.9_Vset2_Tset3_2023-03-31_17h22.32.458.csv,2,18,2,1,tac,0.5,1,b,C,2C,1,z,2.29265510000005,0,0,0,2.15948424935337,0.737676372466329,0.255560844247238,0.264079573240377,0.255560844247238,0.925883429683726,0.253345551223582,0.487369921775229,0.470438419536815,0.859955235442001,0.859955235442001,0.0457436928008516,0.158637354469066,-0.140044764557999,0.00121395822915934,0.140044764557999,0.0659281942417246,CBC2StepAsymRW,CBCdriftDiffusionLR,0.5,0.470765147485544,0.00866835852800896,0.122121603625373,0.852455330689351,1.01316405318223,2.28909542111394,0.5,60.7616452322206
CBC_P019,CBC_P019_TV_prob0.9_Vset2_Tset3_2023-03-31_17h22.32.458.csv,2,19,0,2,tac,0.35,1,b,B,0B,0,z,2.01110289999997,0,1,1,2.60268968544438,0.737676372466329,0.255560844247238,0.264079573240377,0.255560844247238,0.925883429683726,0.253345551223582,0.487369921775229,0.470438419536815,0.861169193671161,0.255560844247238,0.307918495999562,0.756942139349325,0.255560844247238,-0.120309138533581,-0.255560844247238,-0.120309138533581,CBC2StepAsymRW,CBCdriftDiffusionLR,0.5,0.470765147485544,0.00866835852800896,0.122121603625373,0.852455330689351,1.01316405318223,2.28909542111394,0.5,60.7616452322206
CBC_P019,CBC_P019_TV_prob0.9_Vset2_Tset3_2023-03-31_17h22.32.458.csv,2,20,1,1,tac,0.35,1,b,C,1C,0,b,1.9184322000001,1,0,0,2.23359222150709,0.737676372466329,0.255560844247238,0.264079573240377,0.135251705713657,0.925883429683726,0.253345551223582,0.487369921775229,0.470438419536815,0.861169193671161,0.470438419536815,0.204524639947023,0.46570927677949,-0.470438419536815,-0.00407792888589501,-0.470438419536815,-0.221466011956115,CBC2StepAsymRW,CBCdriftDiffusionLR,0.5,0.470765147485544,0.00866835852800896,0.122121603625373,0.852455330689351,1.01316405318223,2.28909542111394,0.5,60.7616452322206
CBC_P019,CBC_P019_TV_prob0.9_Vset2_Tset3_2023-03-31_17h22.32.458.csv,2,21,0,0,tac,0.5,1,b,A,0A,1,b,1.59054490000017,1,1,1,2.26868354131836,0.737676372466329,0.255560844247238,0.264079573240377,0.135251705713657,0.925883429683726,0.253345551223582,0.487369921775229,0.46636049065092,0.861169193671161,0.737676372466329,0.470611740234891,0.750146098272333,0.262323627533671,0.123492821204832,0.262323627533671,0.123492821204832,CBC2StepAsymRW,CBCdriftDiffusionLR,0.5,0.470765147485544,0.00866835852800896,0.122121603625373,0.852455330689351,1.01316405318223,2.28909542111394,0.5,60.7616452322206
CBC_P019,CBC_P019_TV_prob0.9_Vset2_Tset3_2023-03-31_17h22.32.458.csv,2,22,1,1,tac,0.35,1,b,C,1C,0,b,1.65903519999847,1,0,0,2.01490302054226,0.86116919367116,0.253345551223582,0.261790436819606,0.134079295437006,0.925883429683726,0.253345551223582,0.483145224557514,0.46636049065092,0.861169193671161,0.46636049065092,0.257136497045369,0.460996338322845,-0.46636049065092,-0.00404257993626034,-0.46636049065092,-0.219546265162711,CBC2StepAsymRW,CBCdriftDiffusionLR,0.5,0.470765147485544,0.00866835852800896,0.122121603625373,0.852455330689351,1.01316405318223,2.28909542111394,0.5,60.7616452322206
CBC_P019,CBC_P019_TV_prob0.9_Vset2_Tset3_2023-03-31_17h22.32.458.csv,2,23,0,0,tac,0.5,1,b,A,0A,1,b,1.83313799999996,1,1,1,2.04769284336526,0.86116919367116,0.253345551223582,0.261790436819606,0.134079295437006,0.925883429683726,0.253345551223582,0.483145224557514,0.46231791071466,0.861169193671161,0.86116919367116,0.422237726744947,0.842147025219118,0.13883080632884,0.0653567050169332,0.13883080632884,0.0653567050169332,CBC2StepAsymRW,CBCdriftDiffusionLR,0.5,0.470765147485544,0.00866835852800896,0.122121603625373,0.852455330689351,1.01316405318223,2.28909542111394,0.5,60.7616452322206
CBC_P019,CBC_P019_TV_prob0.9_Vset2_Tset3_2023-03-31_17h22.32.458.csv,2,24,2,1,tac,0.5,1,b,C,2C,1,b,2.18632689999868,1,1,1,2.07944154167984,0.926525898688094,0.2511494611541,0.259521143454049,0.132917048032975,0.925883429683726,0.253345551223582,0.478957148529954,0.46231791071466,0.861169193671161,0.861169193671161,0.276048442883237,0.842827623995639,0.138830806328839,0.0653567050169332,0.138830806328839,0.0653567050169332,CBC2StepAsymRW,CBCdriftDiffusionLR,0.5,0.470765147485544,0.00866835852800896,0.122121603625373,0.852455330689351,1.01316405318223,2.28909542111394,0.5,60.7616452322206
CBC_P019,CBC_P019_TV_prob0.9_Vset2_Tset3_2023-03-31_17h22.32.458.csv,2,25,0,2,tac,0.35,1,b,B,0B,0,z,2.02936499999851,0,1,1,2.39789527279837,0.926525898688094,0.2511494611541,0.257271521136991,0.132917048032975,0.925883429683726,0.2511494611541,0.474805376246944,0.458310373310665,0.926525898688094,0.132917048032975,0.334829758608699,0.846417550977325,0.132917048032975,-0.0625727137205867,-0.132917048032975,-0.0625727137205867,CBC2StepAsymRW,CBCdriftDiffusionLR,0.5,0.470765147485544,0.00866835852800896,0.122121603625373,0.852455330689351,1.01316405318223,2.28909542111394,0.5,60.7616452322206
CBC_P019,CBC_P019_TV_prob0.9_Vset2_Tset3_2023-03-31_17h22.32.458.csv,2,26,2,0,tac,0.35,1,b,A,2A,0,z,2.25349789999927,0,1,1,2.42774823594805,0.926525898688094,0.2511494611541,0.257271521136991,0.0703443343123884,0.925883429683726,0.2511494611541,0.474805376246944,0.458310373310665,0.926525898688094,0.257271521136991,0.237625685251868,0.755615937359549,0.257271521136991,-0.121114465591886,-0.257271521136991,-0.121114465591886,CBC2StepAsymRW,CBCdriftDiffusionLR,0.5,0.470765147485544,0.00866835852800896,0.122121603625373,0.852455330689351,1.01316405318223,2.28909542111394,0.5,60.7616452322206
CBC_P019,CBC_P019_TV_prob0.9_Vset2_Tset3_2023-03-31_17h22.32.458.csv,2,27,1,2,tac,0.5,0,b,B,1B,1,b,2.07575980000001,1,1,0,1.94591014905531,0.926525898688094,0.2511494611541,0.136157055545105,0.0703443343123884,0.925883429683726,0.2511494611541,0.474805376246944,0.458310373310665,0.926525898688094,0.925883429683726,0.322459978070697,0.878101164852798,-0.925883429683726,-0.00802588952364111,0.0741165703162742,0.0348914981560635,CBC2StepAsymRW,CBCdriftDiffusionLR,0.5,0.470765147485544,0.00866835852800896,0.122121603625373,0.852455330689351,1.01316405318223,2.28909542111394,0.5,60.7616452322206
CBC_P019,CBC_P019_TV_prob0.9_Vset2_Tset3_2023-03-31_17h22.32.458.csv,2,28,0,0,tac,0.5,1,b,A,0A,1,z,1.38005369999883,0,0,0,1.97408102602201,0.926525898688094,0.2511494611541,0.136157055545105,0.0703443343123884,0.917857540160085,0.2511494611541,0.474805376246944,0.458310373310665,0.926525898688094,0.926525898688094,0.105019089993878,0.121343854235892,-0.0734741013119065,0.000636899852694858,0.0734741013119065,0.0345890461404675,CBC2StepAsymRW,CBCdriftDiffusionLR,0.5,0.470765147485544,0.00866835852800896,0.122121603625373,0.852455330689351,1.01316405318223,2.28909542111394,0.5,60.7616452322206
CBC_P019,CBC_P019_TV_prob0.9_Vset2_Tset3_2023-03-31_17h22.32.458.csv,2,29,2,1,tac,0.5,1,b,C,2C,1,b,2.36954249999872,1,1,1,2.00148000021012,0.927162798540788,0.2511494611541,0.136157055545105,0.0703443343123884,0.917857540160085,0.2511494611541,0.474805376246944,0.458310373310665,0.926525898688094,0.926525898688094,0.2191707312752,0.878721695056343,0.0734741013119063,0.0345890461404674,0.0734741013119063,0.0345890461404674,CBC2StepAsymRW,CBCdriftDiffusionLR,0.5,0.470765147485544,0.00866835852800896,0.122121603625373,0.852455330689351,1.01316405318223,2.28909542111394,0.5,60.7616452322206
CBC_P019,CBC_P019_TV_prob0.9_Vset2_Tset3_2023-03-31_17h22.32.458.csv,2,30,1,0,tac,0.15,1,b,A,1A,0,z,1.26088869999876,0,1,1,2.94443897916644,0.927162798540788,0.2511494611541,0.134976797371522,0.0703443343123884,0.917857540160085,0.2489724075807,0.470689593014609,0.454337574677703,0.961114944828561,0.2511494611541,0.595001574876545,0.760322043841657,0.2511494611541,-0.118232413121125,-0.2511494611541,-0.118232413121125,CBC2StepAsymRW,CBCdriftDiffusionLR,0.5,0.470765147485544,0.00866835852800896,0.122121603625373,0.852455330689351,1.01316405318223,2.28909542111394,0.5,60.7616452322206
CBC_P019,CBC_P019_TV_prob0.9_Vset2_Tset3_2023-03-31_17h22.32.458.csv,2,31,2,1,tac,0.5,1,b,C,2C,1,b,2.28146299999935,1,1,1,1.87180217690159,0.927162798540788,0.132917048032975,0.134976797371522,0.0703443343123884,0.917857540160085,0.2489724075807,0.470689593014609,0.454337574677703,0.961114944828561,0.961114944828561,0.243729481680899,0.894506868365209,0.0388850551714389,0.018305728732766,0.0388850551714389,0.018305728732766,CBC2StepAsymRW,CBCdriftDiffusionLR,0.5,0.470765147485544,0.00866835852800896,0.122121603625373,0.852455330689351,1.01316405318223,2.28909542111394,0.5,60.7616452322206
CBC_P019,CBC_P019_TV_prob0.9_Vset2_Tset3_2023-03-31_17h22.32.458.csv,2,32,1,2,tac,0.5,1,b,B,1B,1,z,1.8757841000006,0,0,0,1.89711998488588,0.927162798540788,0.132917048032975,0.133806770098943,0.0703443343123884,0.917857540160085,0.246814225488209,0.466609486866956,0.45039921368765,0.979420673561327,0.917857540160085,0.0600754253810316,0.125899649864793,-0.0821424598399153,0.000712040292264963,0.0821424598399153,0.0386698072213631,CBC2StepAsymRW,CBCdriftDiffusionLR,0.5,0.470765147485544,0.00866835852800896,0.122121603625373,0.852455330689351,1.01316405318223,2.28909542111394,0.5,60.7616452322206
CBC_P019,CBC_P019_TV_prob0.9_Vset2_Tset3_2023-03-31_17h22.32.458.csv,2,33,0,0,tac,0.5,1,b,A,0A,1,b,1.02465839999968,1,1,1,1.92181259747625,0.927162798540788,0.132917048032975,0.133806770098943,0.0703443343123884,0.91856958045235,0.246814225488209,0.466609486866956,0.45039921368765,0.979420673561327,0.927162798540788,0.359847946912718,0.878992402125096,0.0728372014592116,0.03428921588738,0.0728372014592116,0.03428921588738,CBC2StepAsymRW,CBCdriftDiffusionLR,0.5,0.470765147485544,0.00866835852800896,0.122121603625373,0.852455330689351,1.01316405318223,2.28909542111394,0.5,60.7616452322206
CBC_P019,CBC_P019_TV_prob0.9_Vset2_Tset3_2023-03-31_17h22.32.458.csv,2,34,1,1,tac,0.35,0,b,C,1C,0,b,1.88305199999922,1,0,1,2.12823170584927,0.961452014428168,0.131764875406141,0.132646885042251,0.0697345644021545,0.91856958045235,0.246814225488209,0.462564748542223,0.45039921368765,0.979420673561327,0.45039921368765,0.201438721332629,0.44337178432099,0.54960078631235,0.258732895226504,-0.45039921368765,-0.21203225225904,CBC2StepAsymRW,CBCdriftDiffusionLR,0.5,0.470765147485544,0.00866835852800896,0.122121603625373,0.852455330689351,1.01316405318223,2.28909542111394,0.5,60.7616452322206
CBC_P019,CBC_P019_TV_prob0.9_Vset2_Tset3_2023-03-31_17h22.32.458.csv,2,35,2,0,tac,0.35,1,b,A,2A,0,z,1.3636381999986,0,1,1,2.37490575457367,0.961452014428168,0.130622690224722,0.132646885042251,0.0697345644021545,0.910607089996066,0.246814225488209,0.45855507145944,0.709132108914155,0.970930704013153,0.132646885042251,0.706046160412455,0.846205013272497,0.132646885042251,-0.0624455304004132,-0.132646885042251,-0.0624455304004132,CBC2StepAsymRW,CBCdriftDiffusionLR,0.5,0.470765147485544,0.00866835852800896,0.122121603625373,0.852455330689351,1.01316405318223,2.28909542111394,0.5,60.7616452322206
CBC_P019,CBC_P019_TV_prob0.9_Vset2_Tset3_2023-03-31_17h22.32.458.csv,2,36,0,2,tac,0.35,1,b,B,0B,0,z,1.1899558999994,0,1,1,2.39789527279837,0.961452014428168,0.130622690224722,0.0702013546418375,0.0697345644021545,0.910607089996066,0.246814225488209,0.45855507145944,0.709132108914155,0.970930704013153,0.0697345644021545,0.799082578604165,0.880767749119435,0.0697345644021545,-0.0328286024956205,-0.0697345644021545,-0.0328286024956205,CBC2StepAsymRW,CBCdriftDiffusionLR,0.5,0.470765147485544,0.00866835852800896,0.122121603625373,0.852455330689351,1.01316405318223,2.28909542111394,0.5,60.7616452322206
CBC_P019,CBC_P019_TV_prob0.9_Vset2_Tset3_2023-03-31_17h22.32.458.csv,2,37,2,1,tac,0.5,1,b,C,2C,1,b,2.21697809999932,1,1,1,1.86075234071501,0.961452014428168,0.130622690224722,0.0702013546418375,0.0369059619065341,0.910607089996066,0.246814225488209,0.45855507145944,0.709132108914155,0.970930704013153,0.970930704013153,0.265582454366112,0.898847085537747,0.0290692959868466,0.0136848114125488,0.0290692959868466,0.0136848114125488,CBC2StepAsymRW,CBCdriftDiffusionLR,0.5,0.470765147485544,0.00866835852800896,0.122121603625373,0.852455330689351,1.01316405318223,2.28909542111394,0.5,60.7616452322206
CBC_P019,CBC_P019_TV_prob0.9_Vset2_Tset3_2023-03-31_17h22.32.458.csv,2,38,0,2,tac,0.35,1,b,B,0B,0,z,1.61068010000054,0,1,1,2.21920348405499,0.961452014428168,0.130622690224722,0.0695928241306501,0.0369059619065341,0.910607089996066,0.244674751291864,0.454580151695193,0.702985097550364,0.984615515425702,0.0369059619065341,0.608722676920921,0.89500620823796,0.0369059619065341,-0.0173740406000254,-0.0369059619065341,-0.0173740406000254,CBC2StepAsymRW,CBCdriftDiffusionLR,0.5,0.470765147485544,0.00866835852800896,0.122121603625373,0.852455330689351,1.01316405318223,2.28909542111394,0.5,60.7616452322206
CBC_P019,CBC_P019_TV_prob0.9_Vset2_Tset3_2023-03-31_17h22.32.458.csv,2,39,1,1,tac,0.35,1,b,C,1C,0,z,1.68769669999892,0,1,1,2.058388132482,0.961452014428168,0.130622690224722,0.0695928241306501,0.0195319213065087,0.910607089996066,0.244674751291864,0.454580151695193,0.702985097550364,0.984615515425702,0.702985097550364,0.157952626766682,0.280499585883676,0.702985097550364,-0.330940883128437,-0.702985097550364,-0.330940883128437,CBC2StepAsymRW,CBCdriftDiffusionLR,0.5,0.470765147485544,0.00866835852800896,0.122121603625373,0.852455330689351,1.01316405318223,2.28909542111394,0.5,60.7616452322206
CBC_P019,CBC_P019_TV_prob0.9_Vset2_Tset3_2023-03-31_17h22.32.458.csv,2,40,2,2,tac,0.15,1,b,B,2B,0,b,2.06035979999979,1,0,0,3.17805383034795,0.961452014428168,0.130622690224722,0.0695928241306501,0.0195319213065087,0.910607089996066,0.244674751291864,0.454580151695193,0.372044214421927,0.984615515425702,0.244674751291864,0.0905773111943031,0.234683164505503,-0.244674751291864,-0.0021209284669493,-0.244674751291864,-0.115184345377903,CBC2StepAsymRW,CBCdriftDiffusionLR,0.5,0.470765147485544,0.00866835852800896,0.122121603625373,0.852455330689351,1.01316405318223,2.28909542111394,0.5,60.7616452322206
CBC_P019,CBC_P019_TV_prob0.9_Vset2_Tset3_2023-03-31_17h22.32.458.csv,2,41,0,0,tac,0.5,0,b,A,0A,1,b,0.997891899998649,1,1,0,1.94591014905531,0.961452014428168,0.130622690224722,0.0695928241306501,0.0195319213065087,0.910607089996066,0.242553822824915,0.454580151695193,0.372044214421927,0.984615515425702,0.961452014428168,0.249137228100706,0.894592473211595,-0.961452014428168,-0.0083342107685398,0.0385479855718316,0.0181470481129939,CBC2StepAsymRW,CBCdriftDiffusionLR,0.5,0.470765147485544,0.00866835852800896,0.122121603625373,0.852455330689351,1.01316405318223,2.28909542111394,0.5,60.7616452322206
CBC_P019,CBC_P019_TV_prob0.9_Vset2_Tset3_2023-03-31_17h22.32.458.csv,2,42,1,2,tac,0.5,1,b,B,1B,1,b,2.092939199998,1,1,1,1.96611285637283,0.953117803659629,0.130622690224722,0.0695928241306501,0.0195319213065087,0.910607089996066,0.242553822824915,0.454580151695193,0.372044214421927,0.984615515425702,0.910607089996066,0.314381318367984,0.870454284755084,0.089392910003934,0.042083066462164,0.089392910003934,0.042083066462164,CBC2StepAsymRW,CBCdriftDiffusionLR,0.5,0.470765147485544,0.00866835852800896,0.122121603625373,0.852455330689351,1.01316405318223,2.28909542111394,0.5,60.7616452322206
