ID,filename,session,trial,visStimLeft,secondStim,mod2Type,frequency,rewardAccurate,yesKey,mod2Stim,stimPair,match,key,reactionTime,choice,choiceAccurate,reward,surprise,0A belief,1A belief,2A belief,0B belief,1B belief,2B belief,0C belief,1C belief,2C belief,beliefPair,lik,corrLik,rewardPE,update2,choicePE,update1,fit_percModel,fit_respModel,fit_startBelief,fit_alpha1,fit_alpha2,fit_nonDecisionTime,fit_weight,fit_startingBoundary,fit_startingPoint,fit_NLL
CBC_P014,CBC_P014_AV_prob0.8_Vset1_Aset4_2023-03-29_15h35.20.648.csv,1,1,0,1,aud,0.35,1,b,B,0B,0,b,3.2048264,1,0,0,2.19722457733622,0.5,0.5,0.5,0.5,0.5,0.5,0.5,0.5,0.5,0.5,0.0493622288326223,0.499987957187056,-0.5,-0.198189091730402,-0.5,-0.198189091730402,CBC2StepRW,CBCdriftDiffusionLR,0.5,0.396378183460804,0.106511614504478,0.705953487632839,2.04174280838677,2.18010700396537,0.5,38.962571382031
CBC_P014,CBC_P014_AV_prob0.8_Vset1_Aset4_2023-03-29_15h35.20.648.csv,1,2,2,2,aud,0.5,1,b,C,2C,1,b,2.7129365000003,1,1,1,2.30258509299405,0.5,0.5,0.5,0.301810908269598,0.5,0.5,0.5,0.5,0.5,0.5,0.082378069852509,0.500696211311881,0.5,0.198189091730402,0.5,0.198189091730402,CBC2StepRW,CBCdriftDiffusionLR,0.5,0.396378183460804,0.106511614504478,0.705953487632839,2.04174280838677,2.18010700396537,0.5,38.962571382031
CBC_P014,CBC_P014_AV_prob0.8_Vset1_Aset4_2023-03-29_15h35.20.648.csv,1,3,1,1,aud,0.5,1,b,B,1B,1,b,1.98896260000015,1,1,1,2.39789527279837,0.5,0.5,0.446744192747761,0.301810908269598,0.5,0.446744192747761,0.446744192747761,0.446744192747761,0.698189091730402,0.5,0.174520927129867,0.500249880748596,0.5,0.198189091730402,0.5,0.198189091730402,CBC2StepRW,CBCdriftDiffusionLR,0.5,0.396378183460804,0.106511614504478,0.705953487632839,2.04174280838677,2.18010700396537,0.5,38.962571382031
CBC_P014,CBC_P014_AV_prob0.8_Vset1_Aset4_2023-03-29_15h35.20.648.csv,1,4,2,2,aud,0.5,1,b,C,2C,1,b,2.21013540000013,1,1,1,1.79175946922805,0.5,0.446744192747761,0.446744192747761,0.26966454115474,0.698189091730402,0.399160747507697,0.446744192747761,0.399160747507697,0.698189091730402,0.698189091730402,0.204690842611974,0.853862589317744,0.301810908269598,0.119631259568559,0.301810908269598,0.119631259568559,CBC2StepRW,CBCdriftDiffusionLR,0.5,0.396378183460804,0.106511614504478,0.705953487632839,2.04174280838677,2.18010700396537,0.5,38.962571382031
CBC_P014,CBC_P014_AV_prob0.8_Vset1_Aset4_2023-03-29_15h35.20.648.csv,1,5,1,1,aud,0.5,1,b,B,1B,1,b,1.04697040000019,1,1,1,1.87180217690159,0.5,0.446744192747761,0.399160747507697,0.26966454115474,0.698189091730402,0.356645491843838,0.399160747507697,0.356645491843838,0.817820351298961,0.698189091730402,0.825591614570973,0.853416436680513,0.301810908269598,0.119631259568559,0.301810908269598,0.119631259568559,CBC2StepRW,CBCdriftDiffusionLR,0.5,0.396378183460804,0.106511614504478,0.705953487632839,2.04174280838677,2.18010700396537,0.5,38.962571382031
CBC_P014,CBC_P014_AV_prob0.8_Vset1_Aset4_2023-03-29_15h35.20.648.csv,1,6,2,0,aud,0.35,1,b,A,2A,0,z,1.24027980000028,0,1,1,2.63905732961526,0.5,0.399160747507697,0.399160747507697,0.24094213550174,0.817820351298961,0.318658604701807,0.399160747507697,0.318658604701807,0.817820351298961,0.399160747507697,0.548394785156324,0.710771302404863,0.399160747507697,-0.158218612005958,-0.399160747507697,-0.158218612005958,CBC2StepRW,CBCdriftDiffusionLR,0.5,0.396378183460804,0.106511614504478,0.705953487632839,2.04174280838677,2.18010700396537,0.5,38.962571382031
CBC_P014,CBC_P014_AV_prob0.8_Vset1_Aset4_2023-03-29_15h35.20.648.csv,1,7,0,1,aud,0.35,1,b,B,0B,0,z,0.950588000000153,0,1,1,2.01490302054226,0.5,0.399160747507697,0.24094213550174,0.24094213550174,0.817820351298961,0.318658604701807,0.399160747507697,0.318658604701807,0.817820351298961,0.24094213550174,0.876114413989455,0.909561683887357,0.24094213550174,-0.0955042059893464,-0.24094213550174,-0.0955042059893464,CBC2StepRW,CBCdriftDiffusionLR,0.5,0.396378183460804,0.106511614504478,0.705953487632839,2.04174280838677,2.18010700396537,0.5,38.962571382031
CBC_P014,CBC_P014_AV_prob0.8_Vset1_Aset4_2023-03-29_15h35.20.648.csv,1,8,1,2,aud,0.35,0,b,C,1C,0,z,1.04956960000027,0,1,0,2.77258872223978,0.5,0.399160747507697,0.24094213550174,0.145437929512393,0.817820351298961,0.318658604701807,0.399160747507697,0.318658604701807,0.817820351298961,0.318658604701807,0.781518541621369,0.833968783132814,-0.681341395298193,0.270068864584947,-0.318658604701807,-0.126309318875857,CBC2StepRW,CBCdriftDiffusionLR,0.5,0.396378183460804,0.106511614504478,0.705953487632839,2.04174280838677,2.18010700396537,0.5,38.962571382031
CBC_P014,CBC_P014_AV_prob0.8_Vset1_Aset4_2023-03-29_15h35.20.648.csv,1,9,0,0,aud,0.5,1,b,A,0A,1,b,1.38081390000025,1,1,1,2.83321334405622,0.5,0.399160747507697,0.24094213550174,0.145437929512393,0.817820351298961,0.318658604701807,0.399160747507697,0.588727469286755,0.817820351298961,0.5,0.324568315114908,0.500272818768503,0.5,0.198189091730402,0.5,0.198189091730402,CBC2StepRW,CBCdriftDiffusionLR,0.5,0.396378183460804,0.106511614504478,0.705953487632839,2.04174280838677,2.18010700396537,0.5,38.962571382031
CBC_P014,CBC_P014_AV_prob0.8_Vset1_Aset4_2023-03-29_15h35.20.648.csv,1,10,2,2,aud,0.5,0,b,C,2C,1,b,1.53158230000008,1,1,0,1.79175946922805,0.698189091730402,0.356645491843838,0.215278999647293,0.12994710082984,0.817820351298961,0.318658604701807,0.356645491843838,0.588727469286755,0.817820351298961,0.817820351298961,0.574053851039527,0.944260841162308,-0.817820351298961,-0.324166145245159,0.182179648701039,0.0722120382156454,CBC2StepRW,CBCdriftDiffusionLR,0.5,0.396378183460804,0.106511614504478,0.705953487632839,2.04174280838677,2.18010700396537,0.5,38.962571382031
CBC_P014,CBC_P014_AV_prob0.8_Vset1_Aset4_2023-03-29_15h35.20.648.csv,1,11,0,0,aud,0.5,1,b,A,0A,1,b,0.937916200000018,1,1,1,2.2512917986065,0.698189091730402,0.356645491843838,0.215278999647293,0.12994710082984,0.817820351298961,0.318658604701807,0.356645491843838,0.588727469286755,0.493654206053802,0.698189091730402,0.672889097411263,0.853687372029144,0.301810908269598,0.119631259568559,0.301810908269598,0.119631259568559,CBC2StepRW,CBCdriftDiffusionLR,0.5,0.396378183460804,0.106511614504478,0.705953487632839,2.04174280838677,2.18010700396537,0.5,38.962571382031
CBC_P014,CBC_P014_AV_prob0.8_Vset1_Aset4_2023-03-29_15h35.20.648.csv,1,12,1,2,aud,0.35,1,b,C,1C,0,b,1.53648650000014,1,0,0,2.30258509299405,0.817820351298961,0.318658604701807,0.192349285825951,0.116106225320277,0.817820351298961,0.318658604701807,0.318658604701807,0.588727469286755,0.493654206053802,0.588727469286755,0.391034951135193,0.687799130923232,-0.588727469286755,-0.23335872482936,-0.588727469286755,-0.23335872482936,CBC2StepRW,CBCdriftDiffusionLR,0.5,0.396378183460804,0.106511614504478,0.705953487632839,2.04174280838677,2.18010700396537,0.5,38.962571382031
CBC_P014,CBC_P014_AV_prob0.8_Vset1_Aset4_2023-03-29_15h35.20.648.csv,1,13,2,1,aud,0.15,1,b,B,2B,0,b,1.53845590000014,1,0,0,3.04452243772342,0.817820351298961,0.318658604701807,0.192349285825951,0.116106225320277,0.817820351298961,0.318658604701807,0.318658604701807,0.355368744457395,0.493654206053802,0.318658604701807,0.0984196644384581,0.16568042943363,-0.318658604701807,-0.126309318875857,-0.318658604701807,-0.126309318875857,CBC2StepRW,CBCdriftDiffusionLR,0.5,0.396378183460804,0.106511614504478,0.705953487632839,2.04174280838677,2.18010700396537,0.5,38.962571382031
CBC_P014,CBC_P014_AV_prob0.8_Vset1_Aset4_2023-03-29_15h35.20.648.csv,1,14,1,0,aud,0.15,0,b,A,1A,0,z,1.49678110000013,0,1,0,3.09104245335832,0.817820351298961,0.318658604701807,0.192349285825951,0.116106225320277,0.817820351298961,0.192349285825951,0.318658604701807,0.355368744457395,0.493654206053802,0.318658604701807,0.522543088010697,0.833972857160496,-0.681341395298193,0.270068864584947,-0.318658604701807,-0.126309318875857,CBC2StepRW,CBCdriftDiffusionLR,0.5,0.396378183460804,0.106511614504478,0.705953487632839,2.04174280838677,2.18010700396537,0.5,38.962571382031
CBC_P014,CBC_P014_AV_prob0.8_Vset1_Aset4_2023-03-29_15h35.20.648.csv,1,15,2,2,aud,0.5,1,b,C,2C,1,b,2.26321250000001,1,1,1,1.74919985480926,0.817820351298961,0.588727469286755,0.192349285825951,0.116106225320277,0.817820351298961,0.192349285825951,0.318658604701807,0.355368744457395,0.493654206053802,0.493654206053802,0.127388558292734,0.485471613260759,0.506345793946198,0.200704426007413,0.506345793946198,0.200704426007413,CBC2StepRW,CBCdriftDiffusionLR,0.5,0.396378183460804,0.106511614504478,0.705953487632839,2.04174280838677,2.18010700396537,0.5,38.962571382031
CBC_P014,CBC_P014_AV_prob0.8_Vset1_Aset4_2023-03-29_15h35.20.648.csv,1,16,0,0,aud,0.5,1,b,A,0A,1,b,2.06143020000013,1,1,1,2.07944154167984,0.817820351298961,0.588727469286755,0.171861852843845,0.116106225320277,0.817820351298961,0.171861852843845,0.284717762239274,0.317517845740808,0.694358632061215,0.817820351298961,0.212560975102856,0.944287891936438,0.182179648701039,0.0722120382156454,0.182179648701039,0.0722120382156454,CBC2StepRW,CBCdriftDiffusionLR,0.5,0.396378183460804,0.106511614504478,0.705953487632839,2.04174280838677,2.18010700396537,0.5,38.962571382031
CBC_P014,CBC_P014_AV_prob0.8_Vset1_Aset4_2023-03-29_15h35.20.648.csv,1,17,1,2,aud,0.35,1,b,C,1C,0,z,1.57957260000012,0,1,1,2.12026353620009,0.890032389514606,0.526021156029887,0.153556569425716,0.103739563807394,0.817820351298961,0.171861852843845,0.254392013705066,0.317517845740808,0.694358632061215,0.317517845740808,0.470549772498878,0.835162150513107,0.317517845740808,-0.125857146911129,-0.317517845740808,-0.125857146911129,CBC2StepRW,CBCdriftDiffusionLR,0.5,0.396378183460804,0.106511614504478,0.705953487632839,2.04174280838677,2.18010700396537,0.5,38.962571382031
CBC_P014,CBC_P014_AV_prob0.8_Vset1_Aset4_2023-03-29_15h35.20.648.csv,1,18,2,1,aud,0.15,0,b,B,2B,0,b,1.45928080000022,1,0,1,2.56494935746154,0.890032389514606,0.526021156029887,0.153556569425716,0.103739563807394,0.817820351298961,0.171861852843845,0.254392013705066,0.191660698829679,0.694358632061215,0.171861852843845,0.035492633590789,0.0511350404102514,0.828138147156155,0.328255894424353,-0.171861852843845,-0.0681222890364514,CBC2StepRW,CBCdriftDiffusionLR,0.5,0.396378183460804,0.106511614504478,0.705953487632839,2.04174280838677,2.18010700396537,0.5,38.962571382031
CBC_P014,CBC_P014_AV_prob0.8_Vset1_Aset4_2023-03-29_15h35.20.648.csv,1,19,1,2,aud,0.35,1,b,C,1C,0,b,2.55791620000014,1,0,0,1.90954250488444,0.890032389514606,0.526021156029887,0.137201011298414,0.092690095378278,0.730712985307489,0.500117747268198,0.254392013705066,0.191660698829679,0.620401373115254,0.191660698829679,0.00564651288391201,0.0603940029806926,-0.191660698829679,-0.0759701196429364,-0.191660698829679,-0.0759701196429364,CBC2StepRW,CBCdriftDiffusionLR,0.5,0.396378183460804,0.106511614504478,0.705953487632839,2.04174280838677,2.18010700396537,0.5,38.962571382031
CBC_P014,CBC_P014_AV_prob0.8_Vset1_Aset4_2023-03-29_15h35.20.648.csv,1,20,0,0,aud,0.5,1,b,A,0A,1,b,1.24732769999991,1,1,1,1.94591014905531,0.890032389514606,0.526021156029887,0.137201011298414,0.092690095378278,0.730712985307489,0.500117747268198,0.254392013705066,0.115690579186743,0.620401373115254,0.890032389514606,1.0397607803619,0.969783825689916,0.109967610485394,0.0435887616837257,0.109967610485394,0.0435887616837257,CBC2StepRW,CBCdriftDiffusionLR,0.5,0.396378183460804,0.106511614504478,0.705953487632839,2.04174280838677,2.18010700396537,0.5,38.962571382031
CBC_P014,CBC_P014_AV_prob0.8_Vset1_Aset4_2023-03-29_15h35.20.648.csv,1,21,2,2,aud,0.5,1,b,C,2C,1,b,1.78158800000028,1,1,1,1.75785791755237,0.933621151198332,0.469993793437632,0.122587510073373,0.0828175236709636,0.730712985307489,0.500117747268198,0.227296309608295,0.115690579186743,0.620401373115254,0.620401373115254,0.32429547659312,0.744357153596074,0.379598626884746,0.150464614168791,0.379598626884746,0.150464614168791,CBC2StepRW,CBCdriftDiffusionLR,0.5,0.396378183460804,0.106511614504478,0.705953487632839,2.04174280838677,2.18010700396537,0.5,38.962571382031
CBC_P014,CBC_P014_AV_prob0.8_Vset1_Aset4_2023-03-29_15h35.20.648.csv,1,22,1,1,aud,0.5,1,b,B,1B,1,b,1.68582920000017,1,1,1,2.30258509299405,0.933621151198332,0.469993793437632,0.109530516457374,0.0828175236709636,0.730712985307489,0.44684939856432,0.203086612701005,0.103368188814604,0.770865987284045,0.730712985307489,0.431635892879886,0.886354606170533,0.269287014692511,0.1067394977134,0.269287014692511,0.1067394977134,CBC2StepRW,CBCdriftDiffusionLR,0.5,0.396378183460804,0.106511614504478,0.705953487632839,2.04174280838677,2.18010700396537,0.5,38.962571382031
CBC_P014,CBC_P014_AV_prob0.8_Vset1_Aset4_2023-03-29_15h35.20.648.csv,1,23,0,2,aud,0.15,0,b,C,0C,0,z,1.71683060000032,0,1,0,3.43398720448515,0.933621151198332,0.419933995691505,0.109530516457374,0.0739964955155064,0.837452483020889,0.399254747682879,0.203086612701005,0.0923582761355572,0.770865987284045,0.203086612701005,0.412471289010423,0.933538972397594,-0.796913387298995,0.315879080833172,-0.203086612701005,-0.0804991026276324,CBC2StepRW,CBCdriftDiffusionLR,0.5,0.396378183460804,0.106511614504478,0.705953487632839,2.04174280838677,2.18010700396537,0.5,38.962571382031
CBC_P014,CBC_P014_AV_prob0.8_Vset1_Aset4_2023-03-29_15h35.20.648.csv,1,24,1,1,aud,0.5,1,b,B,1B,1,b,1.04457360000015,1,1,1,2.07944154167984,0.933621151198332,0.419933995691505,0.109530516457374,0.0739964955155064,0.837452483020889,0.399254747682879,0.518965693534177,0.0923582761355572,0.770865987284045,0.837452483020889,1.2434894677585,0.952798426156522,0.162547516979111,0.0644302895062441,0.162547516979111,0.0644302895062441,CBC2StepRW,CBCdriftDiffusionLR,0.5,0.396378183460804,0.106511614504478,0.705953487632839,2.04174280838677,2.18010700396537,0.5,38.962571382031
CBC_P014,CBC_P014_AV_prob0.8_Vset1_Aset4_2023-03-29_15h35.20.648.csv,1,25,2,0,aud,0.35,1,b,A,2A,0,z,1.47935730000017,0,1,1,2.80336038090653,0.933621151198332,0.375206147825087,0.109530516457374,0.0661150093104765,0.901882772527133,0.356729479908597,0.518965693534177,0.0825210470315086,0.770865987284045,0.109530516457374,0.62678538037484,0.970079031299073,0.109530516457374,-0.0434155071468976,-0.109530516457374,-0.0434155071468977,CBC2StepRW,CBCdriftDiffusionLR,0.5,0.396378183460804,0.106511614504478,0.705953487632839,2.04174280838677,2.18010700396537,0.5,38.962571382031
CBC_P014,CBC_P014_AV_prob0.8_Vset1_Aset4_2023-03-29_15h35.20.648.csv,1,26,0,1,aud,0.35,1,b,B,0B,0,None,NaN,NaN,NaN,NaN,2.42774823594805,0.933621151198332,0.375206147825087,0.0661150093104765,0.0661150093104765,0.901882772527133,0.356729479908597,0.518965693534177,0.0825210470315086,0.770865987284045,0.0661150093104765,NaN,NaN,0,0,0,0,CBC2StepRW,CBCdriftDiffusionLR,0.5,0.396378183460804,0.106511614504478,0.705953487632839,2.04174280838677,2.18010700396537,0.5,38.962571382031
CBC_P014,CBC_P014_AV_prob0.8_Vset1_Aset4_2023-03-29_15h35.20.648.csv,1,27,2,0,aud,0.35,0,b,A,2A,0,z,1.3801668000001,0,1,0,2.4567357728213,0.933621151198332,0.375206147825087,0.0661150093104765,0.0661150093104765,0.901882772527133,0.356729479908597,0.518965693534177,0.0825210470315086,0.770865987284045,0.0661150093104765,0.77711816575983,0.979444970327009,-0.933884990689523,0.370171636170823,-0.0661150093104765,-0.0262065472899808,CBC2StepRW,CBCdriftDiffusionLR,0.5,0.396378183460804,0.106511614504478,0.705953487632839,2.04174280838677,2.18010700396537,0.5,38.962571382031
CBC_P014,CBC_P014_AV_prob0.8_Vset1_Aset4_2023-03-29_15h35.20.648.csv,1,28,1,1,aud,0.5,1,b,B,1B,1,b,0.871551299999737,1,1,1,1.97408102602201,0.933621151198332,0.375206147825087,0.4362866454813,0.0661150093104765,0.901882772527133,0.356729479908597,0.518965693534177,0.0825210470315086,0.770865987284045,0.901882772527133,0.854701203972316,0.972834475067682,0.0981172274728666,0.0388915283919053,0.0981172274728666,0.0388915283919053,CBC2StepRW,CBCdriftDiffusionLR,0.5,0.396378183460804,0.106511614504478,0.705953487632839,2.04174280838677,2.18010700396537,0.5,38.962571382031
CBC_P014,CBC_P014_AV_prob0.8_Vset1_Aset4_2023-03-29_15h35.20.648.csv,1,29,0,0,aud,0.5,1,b,A,0A,1,b,1.23775819999992,1,1,1,2.00148000021012,0.933621151198332,0.335242335248231,0.4362866454813,0.059072992925839,0.940774300919039,0.31873364706219,0.518965693534177,0.0737315970815826,0.770865987284045,0.933621151198332,1.09811850488006,0.979428850136494,0.0663788488016682,0.0263111275082246,0.0663788488016682,0.0263111275082246,CBC2StepRW,CBCdriftDiffusionLR,0.5,0.396378183460804,0.106511614504478,0.705953487632839,2.04174280838677,2.18010700396537,0.5,38.962571382031
CBC_P014,CBC_P014_AV_prob0.8_Vset1_Aset4_2023-03-29_15h35.20.648.csv,1,30,1,1,aud,0.5,1,b,B,1B,1,b,0.898382600000332,1,1,1,1.84582669049833,0.959932278706556,0.29953513287069,0.389817050484344,0.0527810330756963,0.940774300919039,0.31873364706219,0.463689819643416,0.0737315970815826,0.770865987284045,0.940774300919039,1.22303364935494,0.980572191420363,0.0592256990809612,0.0234757750159076,0.0592256990809612,0.0234757750159076,CBC2StepRW,CBCdriftDiffusionLR,0.5,0.396378183460804,0.106511614504478,0.705953487632839,2.04174280838677,2.18010700396537,0.5,38.962571382031
CBC_P014,CBC_P014_AV_prob0.8_Vset1_Aset4_2023-03-29_15h35.20.648.csv,1,31,2,0,aud,0.35,1,b,A,2A,0,z,2.49524400000018,0,1,1,2.27726728500976,0.959932278706556,0.26763116226782,0.389817050484344,0.0471592400275896,0.964250075934946,0.284784811716696,0.463689819643416,0.0658783256364296,0.770865987284045,0.389817050484344,0.140498125167336,0.727138086803399,0.389817050484344,-0.154514974353033,-0.389817050484344,-0.154514974353033,CBC2StepRW,CBCdriftDiffusionLR,0.5,0.396378183460804,0.106511614504478,0.705953487632839,2.04174280838677,2.18010700396537,0.5,38.962571382031
CBC_P014,CBC_P014_AV_prob0.8_Vset1_Aset4_2023-03-29_15h35.20.648.csv,1,32,0,2,aud,0.15,0,b,C,0C,0,z,1.77419030000055,0,1,0,2.99573227355399,0.959932278706556,0.26763116226782,0.235302076131311,0.0471592400275896,0.964250075934946,0.284784811716696,0.463689819643416,0.0658783256364296,0.770865987284045,0.463689819643416,0.253196972993891,0.580171041036468,-0.536310180356584,0.212581655061279,-0.463689819643416,-0.183796528399525,CBC2StepRW,CBCdriftDiffusionLR,0.5,0.396378183460804,0.106511614504478,0.705953487632839,2.04174280838677,2.18010700396537,0.5,38.962571382031
CBC_P014,CBC_P014_AV_prob0.8_Vset1_Aset4_2023-03-29_15h35.20.648.csv,1,33,1,1,aud,0.5,1,b,B,1B,1,b,0.85479770000029,1,1,1,1.76766191764899,0.959932278706556,0.26763116226782,0.235302076131311,0.0471592400275896,0.964250075934946,0.284784811716696,0.676271474704695,0.0658783256364296,0.770865987284045,0.964250075934946,0.844658963246352,0.984178719656786,0.0357499240650536,0.0141704899597676,0.0357499240650536,0.0141704899597676,CBC2StepRW,CBCdriftDiffusionLR,0.5,0.396378183460804,0.106511614504478,0.705953487632839,2.04174280838677,2.18010700396537,0.5,38.962571382031
CBC_P014,CBC_P014_AV_prob0.8_Vset1_Aset4_2023-03-29_15h35.20.648.csv,1,34,0,0,aud,0.5,1,b,A,0A,1,b,1.63616830000001,1,1,1,1.94591014905531,0.959932278706556,0.239125335082964,0.235302076131311,0.0421362332334468,0.978420565894714,0.254451921634397,0.676271474704695,0.0588615188120418,0.770865987284045,0.959932278706556,0.377235660193844,0.983629550865021,0.0400677212934436,0.015881970581709,0.0400677212934436,0.015881970581709,CBC2StepRW,CBCdriftDiffusionLR,0.5,0.396378183460804,0.106511614504478,0.705953487632839,2.04174280838677,2.18010700396537,0.5,38.962571382031
CBC_P014,CBC_P014_AV_prob0.8_Vset1_Aset4_2023-03-29_15h35.20.648.csv,1,35,1,2,aud,0.35,1,b,C,1C,0,z,0.969458999999915,0,1,1,2.15176220325946,0.975814249288265,0.213655709574354,0.210239672106309,0.0376482350026152,0.978420565894714,0.254451921634397,0.604240708090573,0.0588615188120418,0.770865987284045,0.0588615188120418,1.5668967068767,0.980672004526381,0.0588615188120417,-0.023331421902461,-0.0588615188120418,-0.0233314219024611,CBC2StepRW,CBCdriftDiffusionLR,0.5,0.396378183460804,0.106511614504478,0.705953487632839,2.04174280838677,2.18010700396537,0.5,38.962571382031
CBC_P014,CBC_P014_AV_prob0.8_Vset1_Aset4_2023-03-29_15h35.20.648.csv,1,36,0,1,aud,0.35,1,b,B,0B,0,z,0.993683400000009,0,1,1,2.39789527279837,0.975814249288265,0.213655709574354,0.210239672106309,0.0376482350026152,0.978420565894714,0.254451921634397,0.604240708090573,0.0355300969095807,0.770865987284045,0.0376482350026152,1.67567056026457,0.983948385250359,0.0376482350026152,-0.0149229390008421,-0.0376482350026152,-0.0149229390008421,CBC2StepRW,CBCdriftDiffusionLR,0.5,0.396378183460804,0.106511614504478,0.705953487632839,2.04174280838677,2.18010700396537,0.5,38.962571382031
CBC_P014,CBC_P014_AV_prob0.8_Vset1_Aset4_2023-03-29_15h35.20.648.csv,1,37,1,0,aud,0.15,1,b,A,1A,0,z,1.37379830000009,0,1,1,3.11351530921037,0.975814249288265,0.213655709574354,0.210239672106309,0.0227252960017731,0.978420565894714,0.254451921634397,0.604240708090573,0.0355300969095807,0.770865987284045,0.213655709574354,0.739990756730431,0.927535159025549,0.213655709574354,-0.0846884620471114,-0.213655709574354,-0.0846884620471113,CBC2StepRW,CBCdriftDiffusionLR,0.5,0.396378183460804,0.106511614504478,0.705953487632839,2.04174280838677,2.18010700396537,0.5,38.962571382031
CBC_P014,CBC_P014_AV_prob0.8_Vset1_Aset4_2023-03-29_15h35.20.648.csv,1,38,2,2,aud,0.5,1,b,C,2C,1,b,1.43338170000015,1,1,1,2.03688192726104,0.975814249288265,0.128967247527242,0.210239672106309,0.0227252960017731,0.978420565894714,0.254451921634397,0.604240708090573,0.0355300969095807,0.770865987284045,0.770865987284045,0.659767661221027,0.917612417881201,0.229134012715955,0.090823723729435,0.229134012715955,0.090823723729435,CBC2StepRW,CBCdriftDiffusionLR,0.5,0.396378183460804,0.106511614504478,0.705953487632839,2.04174280838677,2.18010700396537,0.5,38.962571382031
CBC_P014,CBC_P014_AV_prob0.8_Vset1_Aset4_2023-03-29_15h35.20.648.csv,1,39,0,0,aud,0.5,0,b,A,0A,1,b,1.28800820000015,1,1,0,1.90423745265475,0.975814249288265,0.128967247527242,0.187846705197374,0.0227252960017731,0.978420565894714,0.22734983664735,0.539882054722517,0.0317457289242407,0.86168971101348,0.975814249288265,0.977108903820975,0.985697006784318,-0.975814249288265,-0.386791479528051,0.0241857507117347,0.00958670393275324,CBC2StepRW,CBCdriftDiffusionLR,0.5,0.396378183460804,0.106511614504478,0.705953487632839,2.04174280838677,2.18010700396537,0.5,38.962571382031
CBC_P014,CBC_P014_AV_prob0.8_Vset1_Aset4_2023-03-29_15h35.20.648.csv,1,40,2,2,aud,0.5,1,b,C,2C,1,b,1.33649280000009,1,1,1,1.92529086185258,0.589022769760215,0.128967247527242,0.187846705197374,0.0227252960017731,0.978420565894714,0.22734983664735,0.539882054722517,0.0317457289242407,0.86168971101348,0.86168971101348,0.849876306105919,0.961509715524178,0.13831028898652,0.0548231811024156,0.13831028898652,0.0548231811024156,CBC2StepRW,CBCdriftDiffusionLR,0.5,0.396378183460804,0.106511614504478,0.705953487632839,2.04174280838677,2.18010700396537,0.5,38.962571382031
CBC_P014,CBC_P014_AV_prob0.8_Vset1_Aset4_2023-03-29_15h35.20.648.csv,1,41,0,1,aud,0.35,0,b,B,0B,0,z,0.887853499999892,0,1,0,2.28238238567653,0.589022769760215,0.128967247527242,0.167838849347455,0.0227252960017731,0.978420565894714,0.203134438488712,0.482378345432027,0.0283644400828983,0.916512892115896,0.0227252960017731,1.26797199661941,0.985954853991401,-0.977274703998227,0.387370371913012,-0.0227252960017731,-0.0090078115477919,CBC2StepRW,CBCdriftDiffusionLR,0.5,0.396378183460804,0.106511614504478,0.705953487632839,2.04174280838677,2.18010700396537,0.5,38.962571382031
CBC_P014,CBC_P014_AV_prob0.8_Vset1_Aset4_2023-03-29_15h35.20.648.csv,1,42,1,2,aud,0.35,0,b,C,1C,0,z,2.24039409999978,0,1,0,2.12026353620009,0.589022769760215,0.128967247527242,0.167838849347455,0.410095667914785,0.978420565894714,0.203134438488712,0.482378345432027,0.0283644400828983,0.916512892115896,0.0283644400828983,0.0635896112864215,0.985236254795469,-0.971635559917102,0.385135138225862,-0.0283644400828983,-0.0112430452349421,CBC2StepRW,CBCdriftDiffusionLR,0.5,0.396378183460804,0.106511614504478,0.705953487632839,2.04174280838677,2.18010700396537,0.5,38.962571382031
CBC_P014,CBC_P014_TV_prob0.8_Vset3_Tset1_2023-03-29_15h27.38.049.csv,2,1,2,0,tac,0.5,1,b,C,2C,1,[],NaN,NaN,NaN,NaN,2.19722457733622,0.5,0.5,0.5,0.5,0.5,0.5,0.5,0.5,0.5,0.5,NaN,NaN,0,0,0,0,CBC2StepRW,CBCdriftDiffusionLR,0.5,0.128606542016363,0.0121804229352178,1.02108804592963,1.67336102255377,2.63937152098223,0.5,74.3728120804074
CBC_P014,CBC_P014_TV_prob0.8_Vset3_Tset1_2023-03-29_15h27.38.049.csv,2,2,1,1,tac,0.5,1,b,B,1B,1,b,1.8690117000001,1,1,1,2.30258509299405,0.5,0.5,0.5,0.5,0.5,0.5,0.5,0.5,0.5,0.5,0.241175977307836,0.49982140148177,0.5,0.0643032710081815,0.5,0.0643032710081815,CBC2StepRW,CBCdriftDiffusionLR,0.5,0.128606542016363,0.0121804229352178,1.02108804592963,1.67336102255377,2.63937152098223,0.5,74.3728120804074
CBC_P014,CBC_P014_TV_prob0.8_Vset3_Tset1_2023-03-29_15h27.38.049.csv,2,3,0,0,tac,0.15,1,b,C,0C,0,b,2.74762110000006,1,0,0,2.39789527279837,0.5,0.493909788532391,0.5,0.493909788532391,0.564303271008181,0.493909788532391,0.5,0.493909788532391,0.5,0.5,0.132374867524085,0.498727379839544,-0.5,-0.0643032710081815,-0.5,-0.0643032710081815,CBC2StepRW,CBCdriftDiffusionLR,0.5,0.128606542016363,0.0121804229352178,1.02108804592963,1.67336102255377,2.63937152098223,0.5,74.3728120804074
CBC_P014,CBC_P014_TV_prob0.8_Vset3_Tset1_2023-03-29_15h27.38.049.csv,2,4,2,2,tac,0.35,1,b,A,2A,0,b,3.19855640000014,1,0,0,2.484906649788,0.5,0.493909788532391,0.5,0.493909788532391,0.564303271008181,0.493909788532391,0.435696728991819,0.493909788532391,0.5,0.5,0.0963060998364528,0.499313015945398,-0.5,-0.0643032710081815,-0.5,-0.0643032710081815,CBC2StepRW,CBCdriftDiffusionLR,0.5,0.128606542016363,0.0121804229352178,1.02108804592963,1.67336102255377,2.63937152098223,0.5,74.3728120804074
CBC_P014,CBC_P014_TV_prob0.8_Vset3_Tset1_2023-03-29_15h27.38.049.csv,2,5,1,0,tac,0.35,1,b,C,1C,0,z,2.2515820000001,0,1,1,2.56494935746154,0.5,0.493909788532391,0.435696728991819,0.493909788532391,0.564303271008181,0.493909788532391,0.435696728991819,0.493909788532391,0.5,0.493909788532391,0.193235898781325,0.513619744004287,0.493909788532391,-0.0635200299711839,-0.493909788532391,-0.0635200299711839,CBC2StepRW,CBCdriftDiffusionLR,0.5,0.128606542016363,0.0121804229352178,1.02108804592963,1.67336102255377,2.63937152098223,0.5,74.3728120804074
CBC_P014,CBC_P014_TV_prob0.8_Vset3_Tset1_2023-03-29_15h27.38.049.csv,2,6,2,2,tac,0.35,1,b,A,2A,0,b,2.95359600000006,1,0,0,1.94591014905531,0.5,0.493909788532391,0.435696728991819,0.493909788532391,0.564303271008181,0.493909788532391,0.435696728991819,0.430389758561207,0.5,0.435696728991819,0.0825771121549123,0.361729539876893,-0.435696728991819,-0.0560334496834782,-0.435696728991819,-0.0560334496834782,CBC2StepRW,CBCdriftDiffusionLR,0.5,0.128606542016363,0.0121804229352178,1.02108804592963,1.67336102255377,2.63937152098223,0.5,74.3728120804074
CBC_P014,CBC_P014_TV_prob0.8_Vset3_Tset1_2023-03-29_15h27.38.049.csv,2,7,1,1,tac,0.5,1,b,B,1B,1,z,2.94439439999996,0,0,0,2.01490302054226,0.5,0.493909788532391,0.37966327930834,0.493909788532391,0.564303271008181,0.493909788532391,0.435696728991819,0.430389758561207,0.5,0.564303271008181,0.0832514214152961,0.362223543707165,-0.435696728991819,0.0560334496834782,0.435696728991819,0.0560334496834782,CBC2StepRW,CBCdriftDiffusionLR,0.5,0.128606542016363,0.0121804229352178,1.02108804592963,1.67336102255377,2.63937152098223,0.5,74.3728120804074
CBC_P014,CBC_P014_TV_prob0.8_Vset3_Tset1_2023-03-29_15h27.38.049.csv,2,8,0,2,tac,0.5,0,b,A,0A,1,b,3.20267970000009,1,1,0,2.77258872223978,0.5,0.493909788532391,0.37966327930834,0.493909788532391,0.62033672069166,0.493909788532391,0.435696728991819,0.430389758561207,0.5,0.5,0.0960081994075644,0.49922443747191,-0.5,-0.0643032710081815,0.5,0.0643032710081815,CBC2StepRW,CBCdriftDiffusionLR,0.5,0.128606542016363,0.0121804229352178,1.02108804592963,1.67336102255377,2.63937152098223,0.5,74.3728120804074
CBC_P014,CBC_P014_TV_prob0.8_Vset3_Tset1_2023-03-29_15h27.38.049.csv,2,9,1,1,tac,0.5,1,b,B,1B,1,b,2.5682984,1,1,1,1.73460105538811,0.435696728991819,0.493909788532391,0.37966327930834,0.493909788532391,0.62033672069166,0.493909788532391,0.435696728991819,0.430389758561207,0.5,0.62033672069166,0.225864448046535,0.742541135187421,0.37966327930834,0.0488271814824382,0.37966327930834,0.0488271814824382,CBC2StepRW,CBCdriftDiffusionLR,0.5,0.128606542016363,0.0121804229352178,1.02108804592963,1.67336102255377,2.63937152098223,0.5,74.3728120804074
CBC_P014,CBC_P014_TV_prob0.8_Vset3_Tset1_2023-03-29_15h27.38.049.csv,2,10,2,0,tac,0.5,0,b,C,2C,1,b,2.67623479999997,1,1,0,2.19722457733622,0.435696728991819,0.487893758416223,0.37966327930834,0.487893758416223,0.669163902174098,0.487893758416223,0.435696728991819,0.425147429274945,0.5,0.5,0.139528522229498,0.499799111304508,-0.5,-0.0643032710081815,0.5,0.0643032710081815,CBC2StepRW,CBCdriftDiffusionLR,0.5,0.128606542016363,0.0121804229352178,1.02108804592963,1.67336102255377,2.63937152098223,0.5,74.3728120804074
CBC_P014,CBC_P014_TV_prob0.8_Vset3_Tset1_2023-03-29_15h27.38.049.csv,2,11,0,1,tac,0.35,1,b,B,0B,0,z,2.38164130000018,0,1,1,2.94443897916644,0.435696728991819,0.487893758416223,0.37966327930834,0.487893758416223,0.669163902174098,0.487893758416223,0.435696728991819,0.425147429274945,0.435696728991819,0.487893758416223,0.180904032181528,0.526371117190523,0.487893758416223,-0.0627463291412771,-0.487893758416223,-0.0627463291412771,CBC2StepRW,CBCdriftDiffusionLR,0.5,0.128606542016363,0.0121804229352178,1.02108804592963,1.67336102255377,2.63937152098223,0.5,74.3728120804074
CBC_P014,CBC_P014_TV_prob0.8_Vset3_Tset1_2023-03-29_15h27.38.049.csv,2,12,1,0,tac,0.35,0,b,C,1C,0,z,2.37603660000013,0,1,0,2.30258509299405,0.435696728991819,0.487893758416223,0.37966327930834,0.425147429274945,0.669163902174098,0.487893758416223,0.435696728991819,0.425147429274945,0.435696728991819,0.425147429274945,0.230147738925123,0.659800225148474,-0.574852570725055,0.073929801290166,-0.425147429274945,-0.0546767407261969,CBC2StepRW,CBCdriftDiffusionLR,0.5,0.128606542016363,0.0121804229352178,1.02108804592963,1.67336102255377,2.63937152098223,0.5,74.3728120804074
CBC_P014,CBC_P014_TV_prob0.8_Vset3_Tset1_2023-03-29_15h27.38.049.csv,2,13,0,2,tac,0.5,1,b,A,0A,1,z,2.72611640000014,0,0,0,2.35137525716348,0.435696728991819,0.487893758416223,0.37966327930834,0.425147429274945,0.669163902174098,0.487893758416223,0.435696728991819,0.499077230565111,0.435696728991819,0.435696728991819,0.172060594596701,0.638257169557484,-0.564303271008181,0.0725730923328847,0.564303271008181,0.0725730923328847,CBC2StepRW,CBCdriftDiffusionLR,0.5,0.128606542016363,0.0121804229352178,1.02108804592963,1.67336102255377,2.63937152098223,0.5,74.3728120804074
CBC_P014,CBC_P014_TV_prob0.8_Vset3_Tset1_2023-03-29_15h27.38.049.csv,2,14,2,1,tac,0.15,1,b,B,2B,0,z,2.41194799999994,0,1,1,3.09104245335832,0.508269821324703,0.487893758416223,0.37966327930834,0.425147429274945,0.669163902174098,0.487893758416223,0.435696728991819,0.499077230565111,0.435696728991819,0.487893758416223,0.177182675315882,0.526628930898955,0.487893758416223,-0.0627463291412771,-0.487893758416223,-0.0627463291412771,CBC2StepRW,CBCdriftDiffusionLR,0.5,0.128606542016363,0.0121804229352178,1.02108804592963,1.67336102255377,2.63937152098223,0.5,74.3728120804074
CBC_P014,CBC_P014_TV_prob0.8_Vset3_Tset1_2023-03-29_15h27.38.049.csv,2,15,1,2,tac,0.15,1,b,A,1A,0,b,2.4008474000002,1,0,0,3.13549421592915,0.508269821324703,0.487893758416223,0.37966327930834,0.425147429274945,0.669163902174098,0.425147429274945,0.435696728991819,0.499077230565111,0.435696728991819,0.487893758416223,0.160539592059139,0.473455744636847,-0.487893758416223,-0.0627463291412771,-0.487893758416223,-0.0627463291412771,CBC2StepRW,CBCdriftDiffusionLR,0.5,0.128606542016363,0.0121804229352178,1.02108804592963,1.67336102255377,2.63937152098223,0.5,74.3728120804074
CBC_P014,CBC_P014_TV_prob0.8_Vset3_Tset1_2023-03-29_15h27.38.049.csv,2,16,0,0,tac,0.15,1,b,C,0C,0,z,2.07823129999997,0,1,1,2.484906649788,0.508269821324703,0.425147429274945,0.37966327930834,0.425147429274945,0.669163902174098,0.425147429274945,0.435696728991819,0.499077230565111,0.435696728991819,0.435696728991819,0.274196857763871,0.637920980347082,0.435696728991819,-0.0560334496834782,-0.435696728991819,-0.0560334496834782,CBC2StepRW,CBCdriftDiffusionLR,0.5,0.128606542016363,0.0121804229352178,1.02108804592963,1.67336102255377,2.63937152098223,0.5,74.3728120804074
CBC_P014,CBC_P014_TV_prob0.8_Vset3_Tset1_2023-03-29_15h27.38.049.csv,2,17,1,1,tac,0.5,1,b,B,1B,1,b,2.51266870000018,1,1,1,1.83258146374831,0.508269821324703,0.425147429274945,0.37966327930834,0.425147429274945,0.669163902174098,0.425147429274945,0.37966327930834,0.499077230565111,0.435696728991819,0.669163902174098,0.260530967032989,0.817115017559555,0.330836097825902,0.0425476865155764,0.330836097825902,0.0425476865155764,CBC2StepRW,CBCdriftDiffusionLR,0.5,0.128606542016363,0.0121804229352178,1.02108804592963,1.67336102255377,2.63937152098223,0.5,74.3728120804074
CBC_P014,CBC_P014_TV_prob0.8_Vset3_Tset1_2023-03-29_15h27.38.049.csv,2,18,2,0,tac,0.5,0,b,C,2C,1,b,2.95523010000011,1,1,0,2.15948424935337,0.508269821324703,0.419968953776556,0.37966327930834,0.419968953776556,0.711711588689674,0.419968953776556,0.37966327930834,0.492998258819491,0.435696728991819,0.435696728991819,0.0823924167178407,0.361363149438848,-0.435696728991819,-0.0560334496834782,0.564303271008181,0.0725730923328847,CBC2StepRW,CBCdriftDiffusionLR,0.5,0.128606542016363,0.0121804229352178,1.02108804592963,1.67336102255377,2.63937152098223,0.5,74.3728120804074
CBC_P014,CBC_P014_TV_prob0.8_Vset3_Tset1_2023-03-29_15h27.38.049.csv,2,19,0,1,tac,0.35,1,b,B,0B,0,b,2.66963269999997,1,0,0,2.60268968544438,0.508269821324703,0.419968953776556,0.37966327930834,0.419968953776556,0.711711588689674,0.419968953776556,0.37966327930834,0.492998258819491,0.37966327930834,0.419968953776556,0.0927372281241272,0.329955820865136,-0.419968953776556,-0.0540107548994326,-0.419968953776556,-0.0540107548994326,CBC2StepRW,CBCdriftDiffusionLR,0.5,0.128606542016363,0.0121804229352178,1.02108804592963,1.67336102255377,2.63937152098223,0.5,74.3728120804074
CBC_P014,CBC_P014_TV_prob0.8_Vset3_Tset1_2023-03-29_15h27.38.049.csv,2,20,1,0,tac,0.35,1,b,C,1C,0,z,2.5296158000001,0,1,1,2.23359222150709,0.508269821324703,0.419968953776556,0.37966327930834,0.365958198877123,0.711711588689674,0.419968953776556,0.37966327930834,0.492998258819491,0.37966327930834,0.492998258819491,0.159647189972814,0.515586025252419,0.492998258819491,-0.0634028012868626,-0.492998258819491,-0.0634028012868626,CBC2StepRW,CBCdriftDiffusionLR,0.5,0.128606542016363,0.0121804229352178,1.02108804592963,1.67336102255377,2.63937152098223,0.5,74.3728120804074
CBC_P014,CBC_P014_TV_prob0.8_Vset3_Tset1_2023-03-29_15h27.38.049.csv,2,21,0,2,tac,0.5,1,b,A,0A,1,z,3.41232130000003,0,0,0,2.26868354131836,0.508269821324703,0.419968953776556,0.37966327930834,0.365958198877123,0.711711588689674,0.419968953776556,0.37966327930834,0.429595457532628,0.37966327930834,0.508269821324703,0.0797030451684395,0.480919333522063,-0.491730178675297,0.0632397178845182,0.491730178675297,0.0632397178845182,CBC2StepRW,CBCdriftDiffusionLR,0.5,0.128606542016363,0.0121804229352178,1.02108804592963,1.67336102255377,2.63937152098223,0.5,74.3728120804074
CBC_P014,CBC_P014_TV_prob0.8_Vset3_Tset1_2023-03-29_15h27.38.049.csv,2,22,1,0,tac,0.35,1,b,C,1C,0,z,2.3610549,0,1,1,2.01490302054226,0.571509539209221,0.419968953776556,0.37966327930834,0.365958198877123,0.711711588689674,0.419968953776556,0.37966327930834,0.429595457532628,0.37966327930834,0.429595457532628,0.229352306516644,0.651143915256478,0.429595457532628,-0.0552487862592086,-0.429595457532628,-0.0552487862592086,CBC2StepRW,CBCdriftDiffusionLR,0.5,0.128606542016363,0.0121804229352178,1.02108804592963,1.67336102255377,2.63937152098223,0.5,74.3728120804074
CBC_P014,CBC_P014_TV_prob0.8_Vset3_Tset1_2023-03-29_15h27.38.049.csv,2,23,0,2,tac,0.5,1,b,A,0A,1,z,3.11625449999997,0,0,0,2.04769284336526,0.571509539209221,0.419968953776556,0.37966327930834,0.365958198877123,0.711711588689674,0.419968953776556,0.37966327930834,0.37434667127342,0.37966327930834,0.571509539209221,0.0702966501456082,0.347579364035031,-0.428490460790779,0.0551066764493,0.428490460790779,0.0551066764493,CBC2StepRW,CBCdriftDiffusionLR,0.5,0.128606542016363,0.0121804229352178,1.02108804592963,1.67336102255377,2.63937152098223,0.5,74.3728120804074
CBC_P014,CBC_P014_TV_prob0.8_Vset3_Tset1_2023-03-29_15h27.38.049.csv,2,24,2,0,tac,0.5,1,b,C,2C,1,z,2.48576730000013,0,0,0,2.07944154167984,0.626616215658521,0.419968953776556,0.37966327930834,0.365958198877123,0.711711588689674,0.419968953776556,0.37966327930834,0.37434667127342,0.37966327930834,0.37966327930834,0.241451577948533,0.743854205466011,-0.62033672069166,0.0797793605339247,0.62033672069166,0.0797793605339247,CBC2StepRW,CBCdriftDiffusionLR,0.5,0.128606542016363,0.0121804229352178,1.02108804592963,1.67336102255377,2.63937152098223,0.5,74.3728120804074
CBC_P014,CBC_P014_TV_prob0.8_Vset3_Tset1_2023-03-29_15h27.38.049.csv,2,25,0,1,tac,0.35,0,b,B,0B,0,b,2.75007249999999,1,0,1,2.39789527279837,0.626616215658521,0.419968953776556,0.37966327930834,0.365958198877123,0.711711588689674,0.419968953776556,0.37966327930834,0.37434667127342,0.459442639842265,0.365958198877123,0.0617594705372773,0.234958658865646,0.634041801122877,0.0815419235362397,-0.365958198877123,-0.0470646184801232,CBC2StepRW,CBCdriftDiffusionLR,0.5,0.128606542016363,0.0121804229352178,1.02108804592963,1.67336102255377,2.63937152098223,0.5,74.3728120804074
CBC_P014,CBC_P014_TV_prob0.8_Vset3_Tset1_2023-03-29_15h27.38.049.csv,2,26,2,2,tac,0.35,1,b,A,2A,0,z,2.60677379999993,0,1,1,2.42774823594805,0.618983765133735,0.419968953776556,0.37966327930834,0.447500122413363,0.703042640531538,0.414853554299897,0.375038819993393,0.37434667127342,0.459442639842265,0.37966327930834,0.219422076418878,0.743519999414807,0.37966327930834,-0.0488271814824382,-0.37966327930834,-0.0488271814824382,CBC2StepRW,CBCdriftDiffusionLR,0.5,0.128606542016363,0.0121804229352178,1.02108804592963,1.67336102255377,2.63937152098223,0.5,74.3728120804074
CBC_P014,CBC_P014_TV_prob0.8_Vset3_Tset1_2023-03-29_15h27.38.049.csv,2,27,1,1,tac,0.5,1,b,B,1B,1,b,3.08756599999992,1,1,1,1.94591014905531,0.618983765133735,0.419968953776556,0.330836097825902,0.447500122413363,0.703042640531538,0.414853554299897,0.375038819993393,0.37434667127342,0.459442639842265,0.703042640531538,0.158717217079964,0.857555222604544,0.296957359468462,0.0381906591275489,0.296957359468462,0.0381906591275489,CBC2StepRW,CBCdriftDiffusionLR,0.5,0.128606542016363,0.0121804229352178,1.02108804592963,1.67336102255377,2.63937152098223,0.5,74.3728120804074
CBC_P014,CBC_P014_TV_prob0.8_Vset3_Tset1_2023-03-29_15h27.38.049.csv,2,28,0,2,tac,0.5,0,b,A,0A,1,b,2.3451505999999,1,1,0,1.97408102602201,0.618983765133735,0.414853554299897,0.330836097825902,0.442049381658807,0.741233299659087,0.409800462552345,0.375038819993393,0.369786970492919,0.459442639842265,0.618983765133735,0.268225858018316,0.74064696747533,-0.618983765133735,-0.0796053615981182,0.381016234866265,0.0490011804182447,CBC2StepRW,CBCdriftDiffusionLR,0.5,0.128606542016363,0.0121804229352178,1.02108804592963,1.67336102255377,2.63937152098223,0.5,74.3728120804074
CBC_P014,CBC_P014_TV_prob0.8_Vset3_Tset1_2023-03-29_15h27.38.049.csv,2,29,2,0,tac,0.5,1,b,C,2C,1,z,3.18785360000015,0,0,0,2.00148000021012,0.539378403535617,0.414853554299897,0.330836097825902,0.442049381658807,0.741233299659087,0.409800462552345,0.375038819993393,0.369786970492919,0.459442639842265,0.459442639842265,0.113865364344728,0.588220434208741,-0.540557360157735,0.0695192128513799,0.540557360157735,0.0695192128513799,CBC2StepRW,CBCdriftDiffusionLR,0.5,0.128606542016363,0.0121804229352178,1.02108804592963,1.67336102255377,2.63937152098223,0.5,74.3728120804074
CBC_P014,CBC_P014_TV_prob0.8_Vset3_Tset1_2023-03-29_15h27.38.049.csv,2,30,1,2,tac,0.15,1,b,A,1A,0,b,1.76210030000016,1,0,0,2.94443897916644,0.539378403535617,0.414853554299897,0.330836097825902,0.442049381658807,0.741233299659087,0.409800462552345,0.375038819993393,0.369786970492919,0.528961852693645,0.414853554299897,0.169676019887936,0.320208237668047,-0.414853554299897,-0.0533528810617071,-0.414853554299897,-0.0533528810617071,CBC2StepRW,CBCdriftDiffusionLR,0.5,0.128606542016363,0.0121804229352178,1.02108804592963,1.67336102255377,2.63937152098223,0.5,74.3728120804074
CBC_P014,CBC_P014_TV_prob0.8_Vset3_Tset1_2023-03-29_15h27.38.049.csv,2,31,2,0,tac,0.5,1,b,C,2C,1,b,2.50093270000025,1,1,1,1.87180217690159,0.539378403535617,0.361500673238189,0.330836097825902,0.442049381658807,0.741233299659087,0.409800462552345,0.375038819993393,0.369786970492919,0.528961852693645,0.528961852693645,0.178167198449328,0.563245579271063,0.471038147306355,0.0605785872828645,0.471038147306355,0.0605785872828645,CBC2StepRW,CBCdriftDiffusionLR,0.5,0.128606542016363,0.0121804229352178,1.02108804592963,1.67336102255377,2.63937152098223,0.5,74.3728120804074
CBC_P014,CBC_P014_TV_prob0.8_Vset3_Tset1_2023-03-29_15h27.38.049.csv,2,32,1,1,tac,0.5,1,b,B,1B,1,b,2.54836580000006,1,1,1,1.89711998488588,0.539378403535617,0.361500673238189,0.326806374232146,0.442049381658807,0.741233299659087,0.40480891959941,0.370470688548748,0.365282808796382,0.58954043997651,0.741233299659087,0.269563765956739,0.894236982746887,0.258766700340913,0.0332790905198292,0.258766700340913,0.0332790905198292,CBC2StepRW,CBCdriftDiffusionLR,0.5,0.128606542016363,0.0121804229352178,1.02108804592963,1.67336102255377,2.63937152098223,0.5,74.3728120804074
CBC_P014,CBC_P014_TV_prob0.8_Vset3_Tset1_2023-03-29_15h27.38.049.csv,2,33,0,2,tac,0.5,1,b,A,0A,1,b,2.59757390000004,1,1,1,1.92181259747625,0.539378403535617,0.357097442146782,0.326806374232146,0.436665033231951,0.774512390178916,0.399878175750741,0.370470688548748,0.360833509694278,0.58954043997651,0.539378403535617,0.172995849197693,0.585395763135906,0.460621596464383,0.0592389506993408,0.460621596464383,0.0592389506993408,CBC2StepRW,CBCdriftDiffusionLR,0.5,0.128606542016363,0.0121804229352178,1.02108804592963,1.67336102255377,2.63937152098223,0.5,74.3728120804074
CBC_P014,CBC_P014_TV_prob0.8_Vset3_Tset1_2023-03-29_15h27.38.049.csv,2,34,1,0,tac,0.35,0,b,C,1C,0,z,1.5753764000001,0,1,0,2.12823170584927,0.598617354234958,0.35274784427235,0.322825734376073,0.431346268446165,0.774512390178916,0.399878175750741,0.365958198877123,0.360833509694278,0.58954043997651,0.360833509694278,0.460952489949807,0.773023729113539,-0.639166490305722,0.0822009920909541,-0.360833509694278,-0.0464055499254088,CBC2StepRW,CBCdriftDiffusionLR,0.5,0.128606542016363,0.0121804229352178,1.02108804592963,1.67336102255377,2.63937152098223,0.5,74.3728120804074
CBC_P014,CBC_P014_TV_prob0.8_Vset3_Tset1_2023-03-29_15h27.38.049.csv,2,35,2,2,tac,0.35,1,b,A,2A,0,z,2.27488530000005,0,1,1,2.37490575457367,0.598617354234958,0.35274784427235,0.322825734376073,0.431346268446165,0.774512390178916,0.399878175750741,0.365958198877123,0.443034501785232,0.58954043997651,0.322825734376073,0.324723905579747,0.827144013103769,0.322825734376073,-0.0415175013719996,-0.322825734376073,-0.0415175013719996,CBC2StepRW,CBCdriftDiffusionLR,0.5,0.128606542016363,0.0121804229352178,1.02108804592963,1.67336102255377,2.63937152098223,0.5,74.3728120804074
CBC_P014,CBC_P014_TV_prob0.8_Vset3_Tset1_2023-03-29_15h27.38.049.csv,2,36,0,1,tac,0.35,1,b,B,0B,0,z,2.41274629999998,0,1,1,2.39789527279837,0.598617354234958,0.35274784427235,0.281308233004073,0.431346268446165,0.774512390178916,0.399878175750741,0.365958198877123,0.443034501785232,0.58954043997651,0.431346268446165,0.219693499577295,0.647912677214254,0.431346268446165,-0.055473951996523,-0.431346268446165,-0.055473951996523,CBC2StepRW,CBCdriftDiffusionLR,0.5,0.128606542016363,0.0121804229352178,1.02108804592963,1.67336102255377,2.63937152098223,0.5,74.3728120804074
CBC_P014,CBC_P014_TV_prob0.8_Vset3_Tset1_2023-03-29_15h27.38.049.csv,2,37,2,0,tac,0.5,1,b,C,2C,1,b,2.43313650000005,1,1,1,1.86075234071501,0.598617354234958,0.35274784427235,0.281308233004073,0.375872316449642,0.774512390178916,0.399878175750741,0.365958198877123,0.443034501785232,0.58954043997651,0.58954043997651,0.230773039581245,0.687553461344171,0.41045956002349,0.0527877846521789,0.41045956002349,0.0527877846521789,CBC2StepRW,CBCdriftDiffusionLR,0.5,0.128606542016363,0.0121804229352178,1.02108804592963,1.67336102255377,2.63937152098223,0.5,74.3728120804074
CBC_P014,CBC_P014_TV_prob0.8_Vset3_Tset1_2023-03-29_15h27.38.049.csv,2,38,0,1,tac,0.35,1,b,B,0B,0,[],NaN,NaN,NaN,NaN,2.21920348405499,0.598617354234958,0.35274784427235,0.277881779750925,0.375872316449642,0.774512390178916,0.395007490447533,0.361500673238189,0.437638154178594,0.642328224628688,0.375872316449642,NaN,NaN,0,0,0,0,CBC2StepRW,CBCdriftDiffusionLR,0.5,0.128606542016363,0.0121804229352178,1.02108804592963,1.67336102255377,2.63937152098223,0.5,74.3728120804074
CBC_P014,CBC_P014_TV_prob0.8_Vset3_Tset1_2023-03-29_15h27.38.049.csv,2,39,1,0,tac,0.35,1,b,C,1C,0,z,1.16994320000026,0,1,1,2.058388132482,0.598617354234958,0.35274784427235,0.277881779750925,0.375872316449642,0.774512390178916,0.395007490447533,0.361500673238189,0.437638154178594,0.642328224628688,0.437638154178594,0.0347247381816047,0.635173169522425,0.437638154178594,-0.0562831296633329,-0.437638154178594,-0.0562831296633329,CBC2StepRW,CBCdriftDiffusionLR,0.5,0.128606542016363,0.0121804229352178,1.02108804592963,1.67336102255377,2.63937152098223,0.5,74.3728120804074
CBC_P014,CBC_P014_TV_prob0.8_Vset3_Tset1_2023-03-29_15h27.38.049.csv,2,40,2,1,tac,0.15,0,b,B,2B,0,b,2.25918290000004,1,0,1,3.17805383034795,0.598617354234958,0.35274784427235,0.277881779750925,0.375872316449642,0.774512390178916,0.395007490447533,0.361500673238189,0.381355024515261,0.642328224628688,0.395007490447533,0.108996839295545,0.28338697763085,0.604992509552467,0.0778059945993441,-0.395007490447533,-0.0508005474170188,CBC2StepRW,CBCdriftDiffusionLR,0.5,0.128606542016363,0.0121804229352178,1.02108804592963,1.67336102255377,2.63937152098223,0.5,74.3728120804074
CBC_P014,CBC_P014_TV_prob0.8_Vset3_Tset1_2023-03-29_15h27.38.049.csv,2,41,0,2,tac,0.5,1,b,A,0A,1,z,2.12573479999992,0,0,0,1.94591014905531,0.598617354234958,0.35274784427235,0.274497062147568,0.371294032665645,0.765078501697971,0.472813485046877,0.361500673238189,0.381355024515261,0.634504395189483,0.598617354234958,0.124618647812213,0.294319368433178,-0.401382645765042,0.0516204340972208,0.401382645765042,0.0516204340972208,CBC2StepRW,CBCdriftDiffusionLR,0.5,0.128606542016363,0.0121804229352178,1.02108804592963,1.67336102255377,2.63937152098223,0.5,74.3728120804074
CBC_P014,CBC_P014_TV_prob0.8_Vset3_Tset1_2023-03-29_15h27.38.049.csv,2,42,1,1,tac,0.5,0,b,B,1B,1,b,2.75094829999989,1,1,0,1.96611285637283,0.650237788332178,0.35274784427235,0.274497062147568,0.371294032665645,0.765078501697971,0.472813485046877,0.361500673238189,0.381355024515261,0.634504395189483,0.765078501697971,0.216059260475908,0.912558790380488,-0.765078501697971,-0.0983941004744361,0.234921498302029,0.0302124415419269,CBC2StepRW,CBCdriftDiffusionLR,0.5,0.128606542016363,0.0121804229352178,1.02108804592963,1.67336102255377,2.63937152098223,0.5,74.3728120804074
