ID,mask,task,hemisphere,beta
CBC_1001,novelty,AV,wholeBrain,-0.0538366408305421
CBC_1002,novelty,AV,wholeBrain,0.15997875289066
CBC_1003,novelty,AV,wholeBrain,0.102871598074496
CBC_1005,novelty,AV,wholeBrain,0.0818332782582988
CBC_1006,novelty,AV,wholeBrain,0.173875733851531
CBC_1007,novelty,AV,wholeBrain,0.0689796753194685
CBC_1013,novelty,AV,wholeBrain,-0.147229711413401
CBC_1014,novelty,AV,wholeBrain,0.0974885546099394
CBC_1015,novelty,AV,wholeBrain,-0.129583989989349
CBC_1016,novelty,AV,wholeBrain,-0.0752342336501185
CBC_1017,novelty,AV,wholeBrain,0.447481653983044
CBC_1019,novelty,AV,wholeBrain,-0.0466147759465954
CBC_1020,novelty,AV,wholeBrain,-0.0528047519498831
CBC_1024,novelty,AV,wholeBrain,-0.073392193429862
CBC_1027,novelty,AV,wholeBrain,-0.102982722837343
CBC_1029,novelty,AV,wholeBrain,0.0593794609280637
CBC_1032,novelty,AV,wholeBrain,0.0128010923981523
CBC_1033,novelty,AV,wholeBrain,0.0787281245032622
CBC_1036,novelty,AV,wholeBrain,-0.0197188156614099
CBC_1037,novelty,AV,wholeBrain,-0.0404058978888869
CBC_1039,novelty,AV,wholeBrain,-0.144522019139894
CBC_1040,novelty,AV,wholeBrain,-0.0942955032209101
CBC_1046,novelty,AV,wholeBrain,0.106134648757244
CBC_1047,novelty,AV,wholeBrain,0.0176983329317495
CBC_1049,novelty,AV,wholeBrain,-0.24929192469419
CBC_1051,novelty,AV,wholeBrain,-0.175382146828843
CBC_1055,novelty,AV,wholeBrain,0.423369181376652
CBC_1056,novelty,AV,wholeBrain,-0.0908026712970579
CBC_1057,novelty,AV,wholeBrain,0.160051037920108
CBC_1058,novelty,AV,wholeBrain,0.0132911472920434
CBC_1062,novelty,AV,wholeBrain,0.356755605082533
CBC_1063,novelty,AV,wholeBrain,0.0646025152772128
CBC_1065,novelty,AV,wholeBrain,-0.366980792812415
CBC_1069,novelty,AV,wholeBrain,0.286468189721508
CBC_1072,novelty,AV,wholeBrain,0.0451685082366071
CBC_1074,novelty,AV,wholeBrain,0.20564260433931
CBC_1075,novelty,AV,wholeBrain,0.0689636882923186
CBC_1077,novelty,AV,wholeBrain,-0.197267548904289
CBC_1080,novelty,AV,wholeBrain,-0.0138784283039052
CBC_1083,novelty,AV,wholeBrain,0.13045745075487
CBC_1084,novelty,AV,wholeBrain,-0.044915193481803
CBC_1086,novelty,AV,wholeBrain,0.0335835854914398
CBC_1095,novelty,AV,wholeBrain,-0.162655613992027
CBC_1098,novelty,AV,wholeBrain,0.0501070891478211
CBC_1101,novelty,AV,wholeBrain,0.101556085796297
CBC_1102,novelty,AV,wholeBrain,0.107320967353304
CBC_1104,novelty,AV,wholeBrain,0.251131041139367
CBC_1105,novelty,AV,wholeBrain,-0.350690925054842
CBC_1106,novelty,AV,wholeBrain,0.0149522300873368
CBC_1107,novelty,AV,wholeBrain,-0.070064574173993
CBC_1109,novelty,AV,wholeBrain,0.0141107185268877
CBC_1116,novelty,AV,wholeBrain,0.226385501908789
CBC_1133,novelty,AV,wholeBrain,0.199142841049422
CBC_1142,novelty,AV,wholeBrain,-0.0750611757953248
CBC_1143,novelty,AV,wholeBrain,0.080037889224467
CBC_1144,novelty,AV,wholeBrain,-0.0928747349264767
CBC_1149,novelty,AV,wholeBrain,0.33760270935366
CBC_1001,novelty,TV,wholeBrain,0.104988848535323
CBC_1002,novelty,TV,wholeBrain,-0.0757964709746002
CBC_1003,novelty,TV,wholeBrain,0.057369509082879
CBC_1005,novelty,TV,wholeBrain,-0.00590230420704607
CBC_1006,novelty,TV,wholeBrain,-0.117331918536823
CBC_1007,novelty,TV,wholeBrain,-0.177299265468035
CBC_1013,novelty,TV,wholeBrain,-0.217859936349291
CBC_1014,novelty,TV,wholeBrain,-0.165905935281192
CBC_1015,novelty,TV,wholeBrain,0.161991117426574
CBC_1016,novelty,TV,wholeBrain,0.245817554883526
CBC_1017,novelty,TV,wholeBrain,0.00948784002061215
CBC_1019,novelty,TV,wholeBrain,-0.124175447256939
CBC_1020,novelty,TV,wholeBrain,-0.0121317375999846
CBC_1024,novelty,TV,wholeBrain,0.122157918101578
CBC_1027,novelty,TV,wholeBrain,-0.316571773812412
CBC_1029,novelty,TV,wholeBrain,0.223871455151353
CBC_1032,novelty,TV,wholeBrain,0.0957075462783088
CBC_1033,novelty,TV,wholeBrain,-0.0837330111372825
CBC_1036,novelty,TV,wholeBrain,-0.334195781967266
CBC_1037,novelty,TV,wholeBrain,0.429212973330627
CBC_1039,novelty,TV,wholeBrain,0.0615799827051807
CBC_1040,novelty,TV,wholeBrain,0.107612233163763
CBC_1046,novelty,TV,wholeBrain,-0.0688955435405791
CBC_1047,novelty,TV,wholeBrain,0.437529757418951
CBC_1049,novelty,TV,wholeBrain,0.077093846705969
CBC_1051,novelty,TV,wholeBrain,0.105408261499264
CBC_1055,novelty,TV,wholeBrain,0.307756562198135
CBC_1056,novelty,TV,wholeBrain,0.091303166881147
CBC_1057,novelty,TV,wholeBrain,-0.0269524455551466
CBC_1058,novelty,TV,wholeBrain,0.0616026613149081
CBC_1062,novelty,TV,wholeBrain,0.0445359526018059
CBC_1063,novelty,TV,wholeBrain,-0.136314509479666
CBC_1065,novelty,TV,wholeBrain,0.406043110468527
CBC_1069,novelty,TV,wholeBrain,0.0363594601028647
CBC_1072,novelty,TV,wholeBrain,0.0786819998296457
CBC_1074,novelty,TV,wholeBrain,-0.144470916026862
CBC_1075,novelty,TV,wholeBrain,0.0230162942818632
CBC_1077,novelty,TV,wholeBrain,0.134421789423511
CBC_1080,novelty,TV,wholeBrain,0.0277915175959327
CBC_1083,novelty,TV,wholeBrain,-0.107219756951105
CBC_1084,novelty,TV,wholeBrain,-0.183196391775045
CBC_1086,novelty,TV,wholeBrain,0.259296487347078
CBC_1095,novelty,TV,wholeBrain,-0.15087917610093
CBC_1098,novelty,TV,wholeBrain,-0.49109554098034
CBC_1101,novelty,TV,wholeBrain,-0.0249104900819397
CBC_1102,novelty,TV,wholeBrain,-0.14215072300209
CBC_1104,novelty,TV,wholeBrain,0.221483511654642
CBC_1105,novelty,TV,wholeBrain,0.160731128409954
CBC_1106,novelty,TV,wholeBrain,0.314789044295606
CBC_1107,novelty,TV,wholeBrain,-0.15344961117001
CBC_1109,novelty,TV,wholeBrain,0.157899281047881
CBC_1116,novelty,TV,wholeBrain,0.252586708833931
CBC_1133,novelty,TV,wholeBrain,-0.0806121231420009
CBC_1142,novelty,TV,wholeBrain,0.160148718359478
CBC_1143,novelty,TV,wholeBrain,0.0594985437235747
CBC_1144,novelty,TV,wholeBrain,-0.165845321189784
CBC_1149,novelty,TV,wholeBrain,-0.202094433814743
