ID,mask,file,task,hemisphere,label,number,beta
CBC_1001,unexpected,Unexpected_uniform_41_21_-1_roi.mat,AV,right,anterior insula,11,-0.20432558672752
CBC_1002,unexpected,Unexpected_uniform_41_21_-1_roi.mat,AV,right,anterior insula,11,0.352714957238256
CBC_1003,unexpected,Unexpected_uniform_41_21_-1_roi.mat,AV,right,anterior insula,11,-0.13148804018276
CBC_1005,unexpected,Unexpected_uniform_41_21_-1_roi.mat,AV,right,anterior insula,11,-0.0301085889839466
CBC_1006,unexpected,Unexpected_uniform_41_21_-1_roi.mat,AV,right,anterior insula,11,0.799212996925246
CBC_1007,unexpected,Unexpected_uniform_41_21_-1_roi.mat,AV,right,anterior insula,11,0.624888136744439
CBC_1013,unexpected,Unexpected_uniform_41_21_-1_roi.mat,AV,right,anterior insula,11,-0.403618296911447
CBC_1014,unexpected,Unexpected_uniform_41_21_-1_roi.mat,AV,right,anterior insula,11,0.698017638098505
CBC_1015,unexpected,Unexpected_uniform_41_21_-1_roi.mat,AV,right,anterior insula,11,-0.254811673526496
CBC_1016,unexpected,Unexpected_uniform_41_21_-1_roi.mat,AV,right,anterior insula,11,0.00568102825317776
CBC_1017,unexpected,Unexpected_uniform_41_21_-1_roi.mat,AV,right,anterior insula,11,0.290809445822902
CBC_1019,unexpected,Unexpected_uniform_41_21_-1_roi.mat,AV,right,anterior insula,11,-0.0621866096538976
CBC_1020,unexpected,Unexpected_uniform_41_21_-1_roi.mat,AV,right,anterior insula,11,-0.274318544611423
CBC_1024,unexpected,Unexpected_uniform_41_21_-1_roi.mat,AV,right,anterior insula,11,-0.296436304906756
CBC_1027,unexpected,Unexpected_uniform_41_21_-1_roi.mat,AV,right,anterior insula,11,-0.621095140638198
CBC_1029,unexpected,Unexpected_uniform_41_21_-1_roi.mat,AV,right,anterior insula,11,0.105800883454843
CBC_1032,unexpected,Unexpected_uniform_41_21_-1_roi.mat,AV,right,anterior insula,11,-0.465268040362791
CBC_1033,unexpected,Unexpected_uniform_41_21_-1_roi.mat,AV,right,anterior insula,11,-0.218943057885591
CBC_1036,unexpected,Unexpected_uniform_41_21_-1_roi.mat,AV,right,anterior insula,11,0.0880286374588995
CBC_1037,unexpected,Unexpected_uniform_41_21_-1_roi.mat,AV,right,anterior insula,11,-0.475559801875132
CBC_1039,unexpected,Unexpected_uniform_41_21_-1_roi.mat,AV,right,anterior insula,11,-0.559715955403549
CBC_1040,unexpected,Unexpected_uniform_41_21_-1_roi.mat,AV,right,anterior insula,11,-0.166967247140968
CBC_1046,unexpected,Unexpected_uniform_41_21_-1_roi.mat,AV,right,anterior insula,11,0.248155008150754
CBC_1047,unexpected,Unexpected_uniform_41_21_-1_roi.mat,AV,right,anterior insula,11,-0.34637031996303
CBC_1049,unexpected,Unexpected_uniform_41_21_-1_roi.mat,AV,right,anterior insula,11,-1.08101518741138
CBC_1051,unexpected,Unexpected_uniform_41_21_-1_roi.mat,AV,right,anterior insula,11,-0.671845506039423
CBC_1055,unexpected,Unexpected_uniform_41_21_-1_roi.mat,AV,right,anterior insula,11,1.17804520079395
CBC_1056,unexpected,Unexpected_uniform_41_21_-1_roi.mat,AV,right,anterior insula,11,-0.483235245665821
CBC_1057,unexpected,Unexpected_uniform_41_21_-1_roi.mat,AV,right,anterior insula,11,1.63464535391202
CBC_1058,unexpected,Unexpected_uniform_41_21_-1_roi.mat,AV,right,anterior insula,11,-0.176840809795968
CBC_1062,unexpected,Unexpected_uniform_41_21_-1_roi.mat,AV,right,anterior insula,11,0.553730528101392
CBC_1063,unexpected,Unexpected_uniform_41_21_-1_roi.mat,AV,right,anterior insula,11,0.162693666537196
CBC_1065,unexpected,Unexpected_uniform_41_21_-1_roi.mat,AV,right,anterior insula,11,-0.0865329656723613
CBC_1069,unexpected,Unexpected_uniform_41_21_-1_roi.mat,AV,right,anterior insula,11,-0.20920658522698
CBC_1072,unexpected,Unexpected_uniform_41_21_-1_roi.mat,AV,right,anterior insula,11,-0.0362940677166456
CBC_1074,unexpected,Unexpected_uniform_41_21_-1_roi.mat,AV,right,anterior insula,11,0.580159570495072
CBC_1075,unexpected,Unexpected_uniform_41_21_-1_roi.mat,AV,right,anterior insula,11,-0.276252442388563
CBC_1077,unexpected,Unexpected_uniform_41_21_-1_roi.mat,AV,right,anterior insula,11,-0.637539774881069
CBC_1080,unexpected,Unexpected_uniform_41_21_-1_roi.mat,AV,right,anterior insula,11,-0.0269442147437854
CBC_1083,unexpected,Unexpected_uniform_41_21_-1_roi.mat,AV,right,anterior insula,11,0.137347503906216
CBC_1084,unexpected,Unexpected_uniform_41_21_-1_roi.mat,AV,right,anterior insula,11,-0.0200261622730465
CBC_1086,unexpected,Unexpected_uniform_41_21_-1_roi.mat,AV,right,anterior insula,11,-0.155465442964337
CBC_1095,unexpected,Unexpected_uniform_41_21_-1_roi.mat,AV,right,anterior insula,11,-0.520975587374816
CBC_1098,unexpected,Unexpected_uniform_41_21_-1_roi.mat,AV,right,anterior insula,11,-0.0179113623248927
CBC_1101,unexpected,Unexpected_uniform_41_21_-1_roi.mat,AV,right,anterior insula,11,0.565381087805039
CBC_1102,unexpected,Unexpected_uniform_41_21_-1_roi.mat,AV,right,anterior insula,11,0.76803979724484
CBC_1104,unexpected,Unexpected_uniform_41_21_-1_roi.mat,AV,right,anterior insula,11,1.33795178949617
CBC_1105,unexpected,Unexpected_uniform_41_21_-1_roi.mat,AV,right,anterior insula,11,-1.24821938684153
CBC_1106,unexpected,Unexpected_uniform_41_21_-1_roi.mat,AV,right,anterior insula,11,-0.170285244058015
CBC_1107,unexpected,Unexpected_uniform_41_21_-1_roi.mat,AV,right,anterior insula,11,0.300092585809557
CBC_1109,unexpected,Unexpected_uniform_41_21_-1_roi.mat,AV,right,anterior insula,11,0.15890784265605
CBC_1116,unexpected,Unexpected_uniform_41_21_-1_roi.mat,AV,right,anterior insula,11,0.5152732242483
CBC_1133,unexpected,Unexpected_uniform_41_21_-1_roi.mat,AV,right,anterior insula,11,0.410321127385338
CBC_1142,unexpected,Unexpected_uniform_41_21_-1_roi.mat,AV,right,anterior insula,11,0.271052074555176
CBC_1143,unexpected,Unexpected_uniform_41_21_-1_roi.mat,AV,right,anterior insula,11,-0.127361682387701
CBC_1144,unexpected,Unexpected_uniform_41_21_-1_roi.mat,AV,right,anterior insula,11,-0.407935863220715
CBC_1149,unexpected,Unexpected_uniform_41_21_-1_roi.mat,AV,right,anterior insula,11,0.922380398134763
CBC_1001,unexpected,Unexpected_uniform_41_21_-1_roi.mat,TV,right,anterior insula,11,0.330670021890089
CBC_1002,unexpected,Unexpected_uniform_41_21_-1_roi.mat,TV,right,anterior insula,11,0.0557371829009208
CBC_1003,unexpected,Unexpected_uniform_41_21_-1_roi.mat,TV,right,anterior insula,11,0.259186755990061
CBC_1005,unexpected,Unexpected_uniform_41_21_-1_roi.mat,TV,right,anterior insula,11,0.281461974372855
CBC_1006,unexpected,Unexpected_uniform_41_21_-1_roi.mat,TV,right,anterior insula,11,-0.334932481226691
CBC_1007,unexpected,Unexpected_uniform_41_21_-1_roi.mat,TV,right,anterior insula,11,-0.247981666312926
CBC_1013,unexpected,Unexpected_uniform_41_21_-1_roi.mat,TV,right,anterior insula,11,-0.358046839197816
CBC_1014,unexpected,Unexpected_uniform_41_21_-1_roi.mat,TV,right,anterior insula,11,-0.61485202811565
CBC_1015,unexpected,Unexpected_uniform_41_21_-1_roi.mat,TV,right,anterior insula,11,-0.0688740443128504
CBC_1016,unexpected,Unexpected_uniform_41_21_-1_roi.mat,TV,right,anterior insula,11,-0.722256213504132
CBC_1017,unexpected,Unexpected_uniform_41_21_-1_roi.mat,TV,right,anterior insula,11,0.100795899207102
CBC_1019,unexpected,Unexpected_uniform_41_21_-1_roi.mat,TV,right,anterior insula,11,-0.313701169106148
CBC_1020,unexpected,Unexpected_uniform_41_21_-1_roi.mat,TV,right,anterior insula,11,-0.490427940394802
CBC_1024,unexpected,Unexpected_uniform_41_21_-1_roi.mat,TV,right,anterior insula,11,0.654317255857655
CBC_1027,unexpected,Unexpected_uniform_41_21_-1_roi.mat,TV,right,anterior insula,11,-0.531520667703947
CBC_1029,unexpected,Unexpected_uniform_41_21_-1_roi.mat,TV,right,anterior insula,11,0.428724065905094
CBC_1032,unexpected,Unexpected_uniform_41_21_-1_roi.mat,TV,right,anterior insula,11,0.168575644640197
CBC_1033,unexpected,Unexpected_uniform_41_21_-1_roi.mat,TV,right,anterior insula,11,-0.318858891600695
CBC_1036,unexpected,Unexpected_uniform_41_21_-1_roi.mat,TV,right,anterior insula,11,0.0331166161503145
CBC_1037,unexpected,Unexpected_uniform_41_21_-1_roi.mat,TV,right,anterior insula,11,0.625208625469451
CBC_1039,unexpected,Unexpected_uniform_41_21_-1_roi.mat,TV,right,anterior insula,11,-0.00292079561839409
CBC_1040,unexpected,Unexpected_uniform_41_21_-1_roi.mat,TV,right,anterior insula,11,0.0173826152429966
CBC_1046,unexpected,Unexpected_uniform_41_21_-1_roi.mat,TV,right,anterior insula,11,0.350532667993287
CBC_1047,unexpected,Unexpected_uniform_41_21_-1_roi.mat,TV,right,anterior insula,11,0.923161706557603
CBC_1049,unexpected,Unexpected_uniform_41_21_-1_roi.mat,TV,right,anterior insula,11,0.558892427051726
CBC_1051,unexpected,Unexpected_uniform_41_21_-1_roi.mat,TV,right,anterior insula,11,0.00520432227176171
CBC_1055,unexpected,Unexpected_uniform_41_21_-1_roi.mat,TV,right,anterior insula,11,0.133358610823653
CBC_1056,unexpected,Unexpected_uniform_41_21_-1_roi.mat,TV,right,anterior insula,11,-0.287286808272038
CBC_1057,unexpected,Unexpected_uniform_41_21_-1_roi.mat,TV,right,anterior insula,11,-0.357701083933667
CBC_1058,unexpected,Unexpected_uniform_41_21_-1_roi.mat,TV,right,anterior insula,11,0.175069901287428
CBC_1062,unexpected,Unexpected_uniform_41_21_-1_roi.mat,TV,right,anterior insula,11,0.110971531909576
CBC_1063,unexpected,Unexpected_uniform_41_21_-1_roi.mat,TV,right,anterior insula,11,-0.300094771190391
CBC_1065,unexpected,Unexpected_uniform_41_21_-1_roi.mat,TV,right,anterior insula,11,0.421947485305026
CBC_1069,unexpected,Unexpected_uniform_41_21_-1_roi.mat,TV,right,anterior insula,11,0.391291428957939
CBC_1072,unexpected,Unexpected_uniform_41_21_-1_roi.mat,TV,right,anterior insula,11,-0.160773531916409
CBC_1074,unexpected,Unexpected_uniform_41_21_-1_roi.mat,TV,right,anterior insula,11,-0.0780669746874372
CBC_1075,unexpected,Unexpected_uniform_41_21_-1_roi.mat,TV,right,anterior insula,11,0.290301749067412
CBC_1077,unexpected,Unexpected_uniform_41_21_-1_roi.mat,TV,right,anterior insula,11,-0.271320705240627
CBC_1080,unexpected,Unexpected_uniform_41_21_-1_roi.mat,TV,right,anterior insula,11,0.409927415618698
CBC_1083,unexpected,Unexpected_uniform_41_21_-1_roi.mat,TV,right,anterior insula,11,-0.0466930242217998
CBC_1084,unexpected,Unexpected_uniform_41_21_-1_roi.mat,TV,right,anterior insula,11,0.334432750009025
CBC_1086,unexpected,Unexpected_uniform_41_21_-1_roi.mat,TV,right,anterior insula,11,-0.129831656831477
CBC_1095,unexpected,Unexpected_uniform_41_21_-1_roi.mat,TV,right,anterior insula,11,-0.245319327649897
CBC_1098,unexpected,Unexpected_uniform_41_21_-1_roi.mat,TV,right,anterior insula,11,-1.17834921762726
CBC_1101,unexpected,Unexpected_uniform_41_21_-1_roi.mat,TV,right,anterior insula,11,-0.159659913291581
CBC_1102,unexpected,Unexpected_uniform_41_21_-1_roi.mat,TV,right,anterior insula,11,-0.847417166809921
CBC_1104,unexpected,Unexpected_uniform_41_21_-1_roi.mat,TV,right,anterior insula,11,-0.0649694991672214
CBC_1105,unexpected,Unexpected_uniform_41_21_-1_roi.mat,TV,right,anterior insula,11,0.252158519685813
CBC_1106,unexpected,Unexpected_uniform_41_21_-1_roi.mat,TV,right,anterior insula,11,0.429789140477049
CBC_1107,unexpected,Unexpected_uniform_41_21_-1_roi.mat,TV,right,anterior insula,11,-0.563849966794969
CBC_1109,unexpected,Unexpected_uniform_41_21_-1_roi.mat,TV,right,anterior insula,11,0.25273498934624
CBC_1116,unexpected,Unexpected_uniform_41_21_-1_roi.mat,TV,right,anterior insula,11,-0.331215563040425
CBC_1133,unexpected,Unexpected_uniform_41_21_-1_roi.mat,TV,right,anterior insula,11,-0.236280601562774
CBC_1142,unexpected,Unexpected_uniform_41_21_-1_roi.mat,TV,right,anterior insula,11,0.0488267507865752
CBC_1143,unexpected,Unexpected_uniform_41_21_-1_roi.mat,TV,right,anterior insula,11,-0.252213931388081
CBC_1144,unexpected,Unexpected_uniform_41_21_-1_roi.mat,TV,right,anterior insula,11,-0.12933698791699
CBC_1149,unexpected,Unexpected_uniform_41_21_-1_roi.mat,TV,right,anterior insula,11,-0.4844268307936
