ID,filename,session,trial,visStimLeft,visStimRight,correctKey,leftCorrect,rightCorrect,secondStim,mod2Type,mod2Stim,frequency,rewardAccurate,stimPairLeft,stimPairRight,pCorrectLeft,pCorrectRight,key,reactionTime,choiceLeft,choiceRight,choiceAccurate,reward,chosenPair,otherPair,triplet,surprise,0A belief,1A belief,2A belief,3A belief,0B belief,1B belief,2B belief,3B belief,0C belief,1C belief,2C belief,3C belief,0D belief,1D belief,2D belief,3D belief,beliefPair,beliefOtherPair,beliefPairNorm,beliefOtherPairNorm,prob,lik,rewardPE,update2,fitCBCsimpleRW_CBCsimpleSigmoid_pwBelief_startBelief,fitCBCsimpleRW_CBCsimpleSigmoid_pwBelief_alpha1,fitCBCsimpleRW_CBCsimpleSigmoid_pwBelief_beta,fit_CBCsimpleRW_CBCsimpleSigmoid_pwBelief_NLL
CBC_1010,CBC_1010_MSI_TV_v3_Vset6_Tset3_2024-03-20_15h09.46.455.csv,1,1,3,1,z,0,1,0,tac,B,27,1,3B,1B,0,1,b,2.81618469999921,1,0,0,0,3B,1B,B31,2.77258872223978,0.5,0.5,0.5,0.5,0.5,0.5,0.5,0.5,0.5,0.5,0.5,0.5,0.5,0.5,0.5,0.5,0.5,0.5,0.5,0.5,0.5,0.5,-0.5,-0.123880144299909,0.5,0.247760288599818,2.81987292255836,19.2673678032194
CBC_1010,CBC_1010_MSI_TV_v3_Vset6_Tset3_2024-03-20_15h09.46.455.csv,1,2,2,3,b,1,0,3,tac,C,63,1,2C,3C,1,0,b,2.6072793000003,1,0,1,1,2C,3C,C23,2.83321334405622,0.5,0.5,0.5,0.5,0.5,0.5,0.5,0.376119855700091,0.5,0.5,0.5,0.5,0.5,0.5,0.5,0.5,0.5,0.5,0.5,0.5,0.5,0.5,0.5,0.123880144299909,0.5,0.247760288599818,2.81987292255836,19.2673678032194
CBC_1010,CBC_1010_MSI_TV_v3_Vset6_Tset3_2024-03-20_15h09.46.455.csv,1,3,2,3,z,0,1,1,tac,D,63,1,2D,3D,0,1,z,3.52911209999911,0,1,1,1,3D,2D,D23,2.89037175789616,0.5,0.5,0.5,0.5,0.5,0.5,0.5,0.376119855700091,0.5,0.5,0.623880144299909,0.5,0.5,0.5,0.5,0.5,0.5,0.5,0.5,0.5,0.5,0.5,0.5,0.123880144299909,0.5,0.247760288599818,2.81987292255836,19.2673678032194
CBC_1010,CBC_1010_MSI_TV_v3_Vset6_Tset3_2024-03-20_15h09.46.455.csv,1,4,1,0,b,1,0,0,tac,B,63,0,1B,0B,0,1,b,2.82849539999916,1,0,1,0,1B,0B,B10,2.94443897916644,0.5,0.5,0.5,0.5,0.5,0.5,0.5,0.376119855700091,0.5,0.5,0.623880144299909,0.5,0.5,0.5,0.5,0.623880144299909,0.5,0.5,0.5,0.5,0.5,0.5,-0.5,-0.123880144299909,0.5,0.247760288599818,2.81987292255836,19.2673678032194
CBC_1010,CBC_1010_MSI_TV_v3_Vset6_Tset3_2024-03-20_15h09.46.455.csv,1,5,3,0,z,0,1,2,tac,A,9,1,3A,0A,0,1,z,2.40197279999848,0,1,1,1,0A,3A,A30,2.99573227355399,0.5,0.5,0.5,0.5,0.5,0.376119855700091,0.5,0.376119855700091,0.5,0.5,0.623880144299909,0.5,0.5,0.5,0.5,0.623880144299909,0.5,0.5,0.5,0.5,0.5,0.5,0.5,0.123880144299909,0.5,0.247760288599818,2.81987292255836,19.2673678032194
CBC_1010,CBC_1010_MSI_TV_v3_Vset6_Tset3_2024-03-20_15h09.46.455.csv,1,6,2,3,z,0,1,1,tac,D,63,1,2D,3D,0,1,z,2.60978659999819,0,1,1,1,3D,2D,D23,2.35137525716348,0.623880144299909,0.5,0.5,0.5,0.5,0.376119855700091,0.5,0.376119855700091,0.5,0.5,0.623880144299909,0.5,0.5,0.5,0.5,0.623880144299909,0.623880144299909,0.376119855700091,0.623880144299909,0.376119855700091,0.667888952849344,0.667888952849344,0.376119855700091,0.0931875639963766,0.5,0.247760288599818,2.81987292255836,19.2673678032194
CBC_1010,CBC_1010_MSI_TV_v3_Vset6_Tset3_2024-03-20_15h09.46.455.csv,1,7,2,0,b,1,0,3,tac,C,27,1,2C,0C,1,0,z,2.58728809999957,0,1,0,0,0C,2C,C20,3.09104245335832,0.623880144299909,0.5,0.5,0.5,0.5,0.376119855700091,0.5,0.376119855700091,0.5,0.5,0.623880144299909,0.5,0.5,0.5,0.5,0.717067708296286,0.376119855700091,0.623880144299909,0.376119855700091,0.623880144299909,0.332111047150656,0.332111047150656,-0.376119855700091,-0.0931875639963766,0.5,0.247760288599818,2.81987292255836,19.2673678032194
CBC_1010,CBC_1010_MSI_TV_v3_Vset6_Tset3_2024-03-20_15h09.46.455.csv,1,8,1,0,z,0,1,2,tac,A,63,1,1A,0A,0,1,b,2.54484809999849,1,0,0,0,1A,0A,A10,3.13549421592915,0.623880144299909,0.5,0.5,0.5,0.5,0.376119855700091,0.5,0.376119855700091,0.282932291703714,0.5,0.623880144299909,0.5,0.5,0.5,0.5,0.717067708296286,0.376119855700091,0.623880144299909,0.376119855700091,0.623880144299909,0.332111047150656,0.332111047150656,-0.376119855700091,-0.0931875639963766,0.5,0.247760288599818,2.81987292255836,19.2673678032194
CBC_1010,CBC_1010_MSI_TV_v3_Vset6_Tset3_2024-03-20_15h09.46.455.csv,1,9,0,1,z,0,1,0,tac,B,63,1,0B,1B,0,1,b,2.64941749999889,1,0,0,0,0B,1B,B01,3.17805383034795,0.623880144299909,0.282932291703714,0.5,0.5,0.5,0.376119855700091,0.5,0.376119855700091,0.282932291703714,0.5,0.623880144299909,0.5,0.5,0.5,0.5,0.717067708296286,0.623880144299909,0.376119855700091,0.623880144299909,0.376119855700091,0.667888952849344,0.667888952849344,-0.623880144299909,-0.154572724603442,0.5,0.247760288599818,2.81987292255836,19.2673678032194
CBC_1010,CBC_1010_MSI_TV_v3_Vset6_Tset3_2024-03-20_15h09.46.455.csv,1,10,3,1,b,1,0,1,tac,D,27,1,3D,1D,1,0,z,2.84590190000017,0,1,0,0,1D,3D,D31,3.2188758248682,0.623880144299909,0.282932291703714,0.5,0.5,0.469307419696467,0.376119855700091,0.5,0.376119855700091,0.282932291703714,0.5,0.623880144299909,0.5,0.5,0.5,0.5,0.717067708296286,0.282932291703714,0.717067708296286,0.282932291703714,0.717067708296286,0.227196995851237,0.227196995851237,-0.282932291703714,-0.0700993862467203,0.5,0.247760288599818,2.81987292255836,19.2673678032194
CBC_1010,CBC_1010_MSI_TV_v3_Vset6_Tset3_2024-03-20_15h09.46.455.csv,1,11,2,3,b,1,0,3,tac,C,63,1,2C,3C,1,0,b,2.33860569999888,1,0,1,1,2C,3C,C23,2.56494935746154,0.623880144299909,0.282932291703714,0.5,0.5,0.469307419696467,0.376119855700091,0.5,0.376119855700091,0.282932291703714,0.5,0.623880144299909,0.5,0.5,0.212832905456994,0.5,0.717067708296286,0.623880144299909,0.376119855700091,0.623880144299909,0.376119855700091,0.667888952849344,0.667888952849344,0.376119855700091,0.0931875639963766,0.5,0.247760288599818,2.81987292255836,19.2673678032194
CBC_1010,CBC_1010_MSI_TV_v3_Vset6_Tset3_2024-03-20_15h09.46.455.csv,1,12,0,1,z,0,1,0,tac,B,63,1,0B,1B,0,1,b,2.56440169999769,1,0,0,0,0B,1B,B01,2.60268968544438,0.623880144299909,0.282932291703714,0.5,0.5,0.469307419696467,0.376119855700091,0.5,0.376119855700091,0.282932291703714,0.5,0.717067708296286,0.5,0.5,0.212832905456994,0.5,0.717067708296286,0.594626723390406,0.405373276609594,0.594626723390406,0.405373276609594,0.630338829811732,0.630338829811732,-0.594626723390406,-0.147324888596372,0.5,0.247760288599818,2.81987292255836,19.2673678032194
CBC_1010,CBC_1010_MSI_TV_v3_Vset6_Tset3_2024-03-20_15h09.46.455.csv,1,13,1,0,z,0,1,2,tac,A,63,1,1A,0A,0,1,z,2.36703099999977,0,1,1,1,0A,1A,A10,2.63905732961526,0.623880144299909,0.282932291703714,0.5,0.5,0.447301834794035,0.376119855700091,0.5,0.376119855700091,0.282932291703714,0.5,0.717067708296286,0.5,0.5,0.212832905456994,0.5,0.717067708296286,0.807836492725744,0.192163507274256,0.807836492725744,0.192163507274256,0.850193509109083,0.850193509109083,0.192163507274256,0.047610486020623,0.5,0.247760288599818,2.81987292255836,19.2673678032194
CBC_1010,CBC_1010_MSI_TV_v3_Vset6_Tset3_2024-03-20_15h09.46.455.csv,1,14,2,1,b,1,0,3,tac,C,9,1,2C,1C,1,0,b,2.27629619999789,1,0,1,1,2C,1C,C21,3.36729582998647,0.855446978746367,0.282932291703714,0.5,0.5,0.447301834794035,0.376119855700091,0.5,0.376119855700091,0.282932291703714,0.5,0.717067708296286,0.5,0.5,0.212832905456994,0.5,0.717067708296286,0.717067708296286,0.282932291703714,0.717067708296286,0.282932291703714,0.772803004148763,0.772803004148763,0.282932291703714,0.0700993862467203,0.5,0.247760288599818,2.81987292255836,19.2673678032194
CBC_1010,CBC_1010_MSI_TV_v3_Vset6_Tset3_2024-03-20_15h09.46.455.csv,1,15,0,1,b,1,0,2,tac,A,63,1,0A,1A,1,0,b,2.29894719999902,1,0,1,1,0A,1A,A01,3.40119738166216,0.855446978746367,0.282932291703714,0.5,0.5,0.447301834794035,0.376119855700091,0.5,0.376119855700091,0.282932291703714,0.5,0.787167094543006,0.5,0.5,0.212832905456994,0.5,0.717067708296286,0.937493565855378,0.0625064341446219,0.937493565855378,0.0625064341446219,0.921821182188514,0.921821182188514,0.0625064341446219,0.0154866121630171,0.5,0.247760288599818,2.81987292255836,19.2673678032194
CBC_1010,CBC_1010_MSI_TV_v3_Vset6_Tset3_2024-03-20_15h09.46.455.csv,1,16,1,3,z,0,1,1,tac,D,27,1,1D,3D,0,1,z,2.69146359999831,0,1,1,1,3D,1D,D13,3.43398720448515,0.952980178018395,0.282932291703714,0.5,0.5,0.447301834794035,0.376119855700091,0.5,0.376119855700091,0.282932291703714,0.5,0.787167094543006,0.5,0.5,0.212832905456994,0.5,0.717067708296286,0.903601327212121,0.0963986727878792,0.903601327212121,0.0963986727878792,0.90688741054063,0.90688741054063,0.0963986727878792,0.0238837629905644,0.5,0.247760288599818,2.81987292255836,19.2673678032194
CBC_1010,CBC_1010_MSI_TV_v3_Vset6_Tset3_2024-03-20_15h09.46.455.csv,1,17,1,0,b,1,0,0,tac,B,63,1,1B,0B,1,0,z,2.30893819999983,0,1,0,0,0B,1B,B10,2.77258872223978,0.952980178018395,0.282932291703714,0.5,0.5,0.447301834794035,0.376119855700091,0.5,0.376119855700091,0.282932291703714,0.5,0.787167094543006,0.5,0.5,0.212832905456994,0.5,0.927485090202685,0.573090595663323,0.426909404336677,0.573090595663323,0.426909404336677,0.60161824800851,0.60161824800851,-0.573090595663323,-0.141989091375387,0.5,0.247760288599818,2.81987292255836,19.2673678032194
CBC_1010,CBC_1010_MSI_TV_v3_Vset6_Tset3_2024-03-20_15h09.46.455.csv,1,18,3,2,z,0,1,3,tac,C,63,0,3C,2C,1,0,z,2.31938739999896,0,1,1,0,2C,3C,C32,3.49650756146648,0.952980178018395,0.282932291703714,0.5,0.5,0.431101504287937,0.376119855700091,0.5,0.376119855700091,0.282932291703714,0.5,0.787167094543006,0.5,0.5,0.212832905456994,0.5,0.927485090202685,0.787167094543006,0.212832905456994,0.787167094543006,0.212832905456994,0.834732981091896,0.834732981091896,-0.787167094543006,-0.195028746520256,0.5,0.247760288599818,2.81987292255836,19.2673678032194
CBC_1010,CBC_1010_MSI_TV_v3_Vset6_Tset3_2024-03-20_15h09.46.455.csv,1,19,0,2,b,1,0,2,tac,A,27,1,0A,2A,1,0,z,2.4273265999982,0,1,0,0,2A,0A,A02,3.52636052461616,0.952980178018395,0.282932291703714,0.5,0.5,0.431101504287937,0.376119855700091,0.5,0.376119855700091,0.282932291703714,0.5,0.59213834802275,0.5,0.5,0.212832905456994,0.5,0.927485090202685,0.0470198219816048,0.952980178018395,0.0470198219816048,0.952980178018395,0.0721118322521266,0.0721118322521266,-0.0470198219816048,-0.0116496446640745,0.5,0.247760288599818,2.81987292255836,19.2673678032194
CBC_1010,CBC_1010_MSI_TV_v3_Vset6_Tset3_2024-03-20_15h09.46.455.csv,1,20,2,3,z,0,1,1,tac,D,63,1,2D,3D,0,1,z,2.38246999999865,0,1,1,1,3D,2D,D23,2.4567357728213,0.952980178018395,0.282932291703714,0.0353701773175303,0.5,0.431101504287937,0.376119855700091,0.5,0.376119855700091,0.282932291703714,0.5,0.59213834802275,0.5,0.5,0.212832905456994,0.5,0.927485090202685,0.927485090202685,0.0725149097973148,0.927485090202685,0.0725149097973148,0.91765526422198,0.91765526422198,0.0725149097973148,0.0179663149791725,0.5,0.247760288599818,2.81987292255836,19.2673678032194
CBC_1010,CBC_1010_MSI_TV_v3_Vset6_Tset3_2024-03-20_15h09.46.455.csv,1,21,1,3,b,1,0,0,tac,B,27,1,1B,3B,1,0,b,2.70630019999953,1,0,1,1,1B,3B,B13,3.58351893845611,0.952980178018395,0.282932291703714,0.0353701773175303,0.5,0.431101504287937,0.376119855700091,0.5,0.376119855700091,0.282932291703714,0.5,0.59213834802275,0.5,0.5,0.212832905456994,0.5,0.945451405181858,0.5,0.5,0.5,0.5,0.5,0.5,0.5,0.123880144299909,0.5,0.247760288599818,2.81987292255836,19.2673678032194
CBC_1010,CBC_1010_MSI_TV_v3_Vset6_Tset3_2024-03-20_15h09.46.455.csv,1,22,2,3,b,1,0,3,tac,C,63,1,2C,3C,1,0,b,2.24022859999968,1,0,1,1,2C,3C,C23,2.51230562397611,0.952980178018395,0.282932291703714,0.0353701773175303,0.5,0.431101504287937,0.623880144299909,0.5,0.376119855700091,0.282932291703714,0.5,0.59213834802275,0.5,0.5,0.212832905456994,0.5,0.945451405181858,0.59213834802275,0.40786165197725,0.59213834802275,0.40786165197725,0.627062849387364,0.627062849387364,0.40786165197725,0.101051920602682,0.5,0.247760288599818,2.81987292255836,19.2673678032194
CBC_1010,CBC_1010_MSI_TV_v3_Vset6_Tset3_2024-03-20_15h09.46.455.csv,1,23,1,0,z,0,1,2,tac,A,63,0,1A,0A,1,0,z,2.41854939999757,0,1,1,0,0A,1A,A10,2.53897387105828,0.952980178018395,0.282932291703714,0.0353701773175303,0.5,0.431101504287937,0.623880144299909,0.5,0.376119855700091,0.282932291703714,0.5,0.693190268625432,0.5,0.5,0.212832905456994,0.5,0.945451405181858,0.980903846256226,0.0190961537437736,0.980903846256226,0.0190961537437736,0.937741279101775,0.937741279101775,-0.980903846256226,-0.243029020037115,0.5,0.247760288599818,2.81987292255836,19.2673678032194
CBC_1010,CBC_1010_MSI_TV_v3_Vset6_Tset3_2024-03-20_15h09.46.455.csv,1,24,1,2,b,1,0,0,tac,B,9,1,1B,2B,1,0,b,2.42809259999922,1,0,1,1,1B,2B,B12,3.66356164612965,0.737874826219112,0.282932291703714,0.0353701773175303,0.5,0.431101504287937,0.623880144299909,0.5,0.376119855700091,0.282932291703714,0.5,0.693190268625432,0.5,0.5,0.212832905456994,0.5,0.945451405181858,0.623880144299909,0.376119855700091,0.623880144299909,0.376119855700091,0.667888952849344,0.667888952849344,0.376119855700091,0.0931875639963766,0.5,0.247760288599818,2.81987292255836,19.2673678032194
CBC_1010,CBC_1010_MSI_TV_v3_Vset6_Tset3_2024-03-20_15h09.46.455.csv,1,25,3,2,z,0,1,3,tac,C,63,1,3C,2C,0,1,z,2.27550809999775,0,1,1,1,2C,3C,C32,2.99573227355399,0.737874826219112,0.282932291703714,0.0353701773175303,0.5,0.431101504287937,0.717067708296286,0.5,0.376119855700091,0.282932291703714,0.5,0.693190268625432,0.5,0.5,0.212832905456994,0.5,0.945451405181858,0.693190268625432,0.306809731374568,0.693190268625432,0.306809731374568,0.748295846895653,0.748295846895653,0.306809731374568,0.0760152675905957,0.5,0.247760288599818,2.81987292255836,19.2673678032194
CBC_1010,CBC_1010_MSI_TV_v3_Vset6_Tset3_2024-03-20_15h09.46.455.csv,1,26,3,2,b,1,0,1,tac,D,63,1,3D,2D,1,0,b,2.41920919999939,1,0,1,1,3D,2D,D32,3.71357206670431,0.737874826219112,0.282932291703714,0.0353701773175303,0.5,0.431101504287937,0.717067708296286,0.5,0.376119855700091,0.282932291703714,0.5,0.769205536216028,0.5,0.5,0.212832905456994,0.5,0.945451405181858,0.945451405181858,0.0545485948181422,0.945451405181858,0.0545485948181422,0.924994941545479,0.924994941545479,0.0545485948181422,0.0135149755948575,0.5,0.247760288599818,2.81987292255836,19.2673678032194
CBC_1010,CBC_1010_MSI_TV_v3_Vset6_Tset3_2024-03-20_15h09.46.455.csv,1,27,1,0,b,1,0,0,tac,B,63,1,1B,0B,1,0,b,1.49050929999976,1,0,1,1,1B,0B,B10,2.63905732961526,0.737874826219112,0.282932291703714,0.0353701773175303,0.5,0.431101504287937,0.717067708296286,0.5,0.376119855700091,0.282932291703714,0.5,0.769205536216028,0.5,0.5,0.212832905456994,0.5,0.958966380776715,0.76982460682147,0.23017539317853,0.76982460682147,0.23017539317853,0.820794885914897,0.820794885914897,0.23017539317853,0.0570283218424892,0.5,0.247760288599818,2.81987292255836,19.2673678032194
CBC_1010,CBC_1010_MSI_TV_v3_Vset6_Tset3_2024-03-20_15h09.46.455.csv,1,28,2,0,z,0,1,2,tac,A,27,1,2A,0A,0,1,z,2.19067229999746,0,1,1,1,0A,2A,A20,3.76120011569356,0.737874826219112,0.282932291703714,0.0353701773175303,0.5,0.431101504287937,0.826852928663959,0.5,0.376119855700091,0.282932291703714,0.5,0.769205536216028,0.5,0.5,0.212832905456994,0.5,0.958966380776715,0.987141742844664,0.0128582571553362,0.987141742844664,0.0128582571553362,0.939763831337545,0.939763831337545,0.0128582571553362,0.00318576550369677,0.5,0.247760288599818,2.81987292255836,19.2673678032194
CBC_1010,CBC_1010_MSI_TV_v3_Vset6_Tset3_2024-03-20_15h09.46.455.csv,1,29,3,1,b,1,0,1,tac,D,27,1,3D,1D,1,0,z,1.08372399999826,0,1,0,0,1D,3D,D31,3.09104245335832,0.990327508348361,0.282932291703714,0.0353701773175303,0.5,0.431101504287937,0.826852928663959,0.5,0.376119855700091,0.282932291703714,0.5,0.769205536216028,0.5,0.5,0.212832905456994,0.5,0.958966380776715,0.0114370134083461,0.988562986591654,0.0114370134083461,0.988562986591654,0.0597840278668919,0.0597840278668919,-0.0114370134083461,-0.00283363774277182,0.5,0.247760288599818,2.81987292255836,19.2673678032194
CBC_1010,CBC_1010_MSI_TV_v3_Vset6_Tset3_2024-03-20_15h09.46.455.csv,1,30,0,1,b,1,0,2,tac,A,63,1,0A,1A,1,0,b,2.3366563999989,1,0,1,1,0A,1A,A01,3.11351530921037,0.990327508348361,0.282932291703714,0.0353701773175303,0.5,0.431101504287937,0.826852928663959,0.5,0.376119855700091,0.282932291703714,0.5,0.769205536216028,0.5,0.5,0.00860337566557428,0.5,0.958966380776715,0.996161059035369,0.00383894096463067,0.996161059035369,0.00383894096463067,0.94257968335505,0.94257968335505,0.00383894096463067,0.000951137121314559,0.5,0.247760288599818,2.81987292255836,19.2673678032194
CBC_1010,CBC_1010_MSI_TV_v3_Vset6_Tset3_2024-03-20_15h09.46.455.csv,1,31,0,2,z,0,1,3,tac,C,27,1,0C,2C,0,1,z,1.82179899999755,0,1,1,1,2C,0C,C02,3.8286413964891,0.997112196156684,0.282932291703714,0.0353701773175303,0.5,0.431101504287937,0.826852928663959,0.5,0.376119855700091,0.282932291703714,0.5,0.769205536216028,0.5,0.5,0.00860337566557428,0.5,0.958966380776715,0.894144583002108,0.105855416997892,0.894144583002108,0.105855416997892,0.902284992784767,0.902284992784767,0.105855416997892,0.0262267686652519,0.5,0.247760288599818,2.81987292255836,19.2673678032194
CBC_1010,CBC_1010_MSI_TV_v3_Vset6_Tset3_2024-03-20_15h09.46.455.csv,1,32,3,2,b,1,0,1,tac,D,63,1,3D,2D,1,0,b,2.38219799999933,1,0,1,1,3D,2D,D32,3.15700042115011,0.997112196156684,0.282932291703714,0.0353701773175303,0.5,0.431101504287937,0.826852928663959,0.5,0.376119855700091,0.282932291703714,0.5,0.92037135166736,0.5,0.5,0.00860337566557428,0.5,0.958966380776715,0.958966380776715,0.0410336192232847,0.958966380776715,0.0410336192232847,0.930114775001919,0.930114775001919,0.0410336192232847,0.0101665013410561,0.5,0.247760288599818,2.81987292255836,19.2673678032194
CBC_1010,CBC_1010_MSI_TV_v3_Vset6_Tset3_2024-03-20_15h09.46.455.csv,1,33,0,1,z,0,1,0,tac,B,63,1,0B,1B,0,1,z,1.66380559999743,0,1,1,1,1B,0B,B01,2.77258872223978,0.997112196156684,0.282932291703714,0.0353701773175303,0.5,0.431101504287937,0.826852928663959,0.5,0.376119855700091,0.282932291703714,0.5,0.92037135166736,0.5,0.5,0.00860337566557428,0.5,0.969132882117771,0.863048488356806,0.136951511643194,0.863048488356806,0.136951511643194,0.885694885661716,0.885694885661716,0.136951511643194,0.0339311460488991,0.5,0.247760288599818,2.81987292255836,19.2673678032194
CBC_1010,CBC_1010_MSI_TV_v3_Vset6_Tset3_2024-03-20_15h09.46.455.csv,1,34,1,0,z,0,1,2,tac,A,63,1,1A,0A,0,1,z,2.31247139999869,0,1,1,1,0A,1A,A10,2.50552593699074,0.997112196156684,0.282932291703714,0.0353701773175303,0.5,0.431101504287937,0.896979634405705,0.5,0.376119855700091,0.282932291703714,0.5,0.92037135166736,0.5,0.5,0.00860337566557428,0.5,0.969132882117771,0.998858568081175,0.00114143191882465,0.998858568081175,0.00114143191882465,0.94339755177662,0.94339755177662,0.00114143191882465,0.000282801501625041,0.5,0.247760288599818,2.81987292255836,19.2673678032194
CBC_1010,CBC_1010_MSI_TV_v3_Vset6_Tset3_2024-03-20_15h09.46.455.csv,1,35,3,2,b,1,0,1,tac,D,63,0,3D,2D,0,1,b,2.22548709999865,1,0,1,0,3D,2D,D32,2.81341071676004,0.9991413695828,0.282932291703714,0.0353701773175303,0.5,0.431101504287937,0.896979634405705,0.5,0.376119855700091,0.282932291703714,0.5,0.92037135166736,0.5,0.5,0.00860337566557428,0.5,0.969132882117771,0.969132882117771,0.0308671178822286,0.969132882117771,0.0308671178822286,0.93375104860636,0.93375104860636,-0.969132882117771,-0.240112642565073,0.5,0.247760288599818,2.81987292255836,19.2673678032194
CBC_1010,CBC_1010_MSI_TV_v3_Vset6_Tset3_2024-03-20_15h09.46.455.csv,1,36,0,2,z,0,1,3,tac,C,27,1,0C,2C,0,1,z,2.35540059999948,0,1,1,1,2C,0C,C02,3.23867845216438,0.9991413695828,0.282932291703714,0.0353701773175303,0.5,0.431101504287937,0.896979634405705,0.5,0.376119855700091,0.282932291703714,0.5,0.92037135166736,0.5,0.5,0.00860337566557428,0.5,0.729020239552698,0.966989627918264,0.0330103720817355,0.966989627918264,0.0330103720817355,0.932999389409239,0.932999389409239,0.0330103720817355,0.00817865931375818,0.5,0.247760288599818,2.81987292255836,19.2673678032194
CBC_1010,CBC_1010_MSI_TV_v3_Vset6_Tset3_2024-03-20_15h09.46.455.csv,1,37,1,0,z,0,1,2,tac,A,63,1,1A,0A,0,1,z,2.36372579999806,0,1,1,1,0A,1A,A10,2.34180580614733,0.9991413695828,0.282932291703714,0.0353701773175303,0.5,0.431101504287937,0.896979634405705,0.5,0.376119855700091,0.282932291703714,0.5,0.975168287232023,0.5,0.5,0.00860337566557428,0.5,0.729020239552698,0.999661035322103,0.000338964677897402,0.999661035322103,0.000338964677897402,0.943638734083919,0.943638734083919,0.000338964677897402,8.39819864210048e-05,0.5,0.247760288599818,2.81987292255836,19.2673678032194
CBC_1010,CBC_1010_MSI_TV_v3_Vset6_Tset3_2024-03-20_15h09.46.455.csv,1,38,3,1,z,0,1,0,tac,B,27,1,3B,1B,0,1,z,2.20439579999947,0,1,1,1,1B,3B,B31,3.27714473299218,0.999745017308524,0.282932291703714,0.0353701773175303,0.5,0.431101504287937,0.896979634405705,0.5,0.376119855700091,0.282932291703714,0.5,0.975168287232023,0.5,0.5,0.00860337566557428,0.5,0.729020239552698,0.935242533343007,0.0647574666569926,0.935242533343007,0.0647574666569926,0.920901361507588,0.920901361507588,0.0647574666569926,0.0160443286279296,0.5,0.247760288599818,2.81987292255836,19.2673678032194
CBC_1010,CBC_1010_MSI_TV_v3_Vset6_Tset3_2024-03-20_15h09.46.455.csv,1,39,2,3,b,1,0,3,tac,C,63,1,2C,3C,1,0,b,2.28615069999796,1,0,1,1,2C,3C,C23,2.60268968544438,0.999745017308524,0.282932291703714,0.0353701773175303,0.5,0.431101504287937,0.951286861970937,0.5,0.376119855700091,0.282932291703714,0.5,0.975168287232023,0.5,0.5,0.00860337566557428,0.5,0.729020239552698,0.975168287232023,0.0248317127679774,0.975168287232023,0.0248317127679774,0.935825817198099,0.935825817198099,0.0248317127679774,0.00615231232182187,0.5,0.247760288599818,2.81987292255836,19.2673678032194
CBC_1010,CBC_1010_MSI_TV_v3_Vset6_Tset3_2024-03-20_15h09.46.455.csv,1,40,2,3,z,0,1,1,tac,D,63,1,2D,3D,0,1,z,2.18528189999961,0,1,1,1,3D,2D,D23,2.62103882411258,0.999745017308524,0.282932291703714,0.0353701773175303,0.5,0.431101504287937,0.951286861970937,0.5,0.376119855700091,0.282932291703714,0.5,0.981320599553845,0.5,0.5,0.00860337566557428,0.5,0.729020239552698,0.729020239552698,0.270979760447302,0.729020239552698,0.270979760447302,0.784420578952613,0.784420578952613,0.270979760447302,0.0671380236531331,0.5,0.247760288599818,2.81987292255836,19.2673678032194
CBC_1010,CBC_1010_MSI_TV_v3_Vset6_Tset3_2024-03-20_15h09.46.455.csv,1,41,1,0,b,1,0,0,tac,B,63,1,1B,0B,1,0,b,1.67741039999964,1,0,1,1,1B,0B,B10,2.63905732961526,0.999745017308524,0.282932291703714,0.0353701773175303,0.5,0.431101504287937,0.951286861970937,0.5,0.376119855700091,0.282932291703714,0.5,0.981320599553845,0.5,0.5,0.00860337566557428,0.5,0.796158263205832,0.962645266629738,0.0373547333702624,0.962645266629738,0.0373547333702624,0.931451443942709,0.931451443942709,0.0373547333702624,0.00925501952038548,0.5,0.247760288599818,2.81987292255836,19.2673678032194
CBC_1010,CBC_1010_MSI_TV_v3_Vset6_Tset3_2024-03-20_15h09.46.455.csv,1,42,0,2,b,1,0,2,tac,A,27,1,0A,2A,1,0,b,1.97217069999715,1,0,1,1,0A,2A,A02,3.3499040872746,0.999745017308524,0.282932291703714,0.0353701773175303,0.5,0.431101504287937,0.971900286150123,0.5,0.376119855700091,0.282932291703714,0.5,0.981320599553845,0.5,0.5,0.00860337566557428,0.5,0.796158263205832,0.999990648227273,9.35177272698429e-06,0.999990648227273,9.35177272698429e-06,0.943737519333349,0.943737519333349,9.35177272698429e-06,2.31699790975754e-06,0.5,0.247760288599818,2.81987292255836,19.2673678032194
CBC_1010,CBC_1010_MSI_TV_v3_Vset6_Tset3_2024-03-20_15h09.46.455.csv,1,43,0,3,z,0,1,1,tac,D,9,1,0D,3D,0,1,z,2.12753739999971,0,1,1,1,3D,0D,D03,4.06044301054642,0.999992965225183,0.282932291703714,0.0353701773175303,0.5,0.431101504287937,0.971900286150123,0.5,0.376119855700091,0.282932291703714,0.5,0.981320599553845,0.5,0.5,0.00860337566557428,0.5,0.796158263205832,0.796158263205832,0.203841736794168,0.796158263205832,0.203841736794168,0.841610127496474,0.841610127496474,0.203841736794168,0.0505038875368114,0.5,0.247760288599818,2.81987292255836,19.2673678032194
CBC_1010,CBC_1010_MSI_TV_v3_Vset6_Tset3_2024-03-20_15h09.46.455.csv,1,44,2,3,b,1,0,3,tac,C,63,1,2C,3C,1,0,b,1.62228179999875,1,0,1,1,2C,3C,C23,2.46809953147162,0.999992965225183,0.282932291703714,0.0353701773175303,0.5,0.431101504287937,0.971900286150123,0.5,0.376119855700091,0.282932291703714,0.5,0.981320599553845,0.5,0.5,0.00860337566557428,0.5,0.846662150742643,0.981320599553845,0.0186794004461555,0.981320599553845,0.0186794004461555,0.937878359389617,0.937878359389617,0.0186794004461555,0.00462801364541105,0.5,0.247760288599818,2.81987292255836,19.2673678032194
CBC_1010,CBC_1010_MSI_AV_v3_Vset4_Aset1_2024-03-20_16h28.37.956.csv,2,1,0,1,z,0,1,0,aud,B,63,1,0B,1B,0,1,z,2.37604719999945,0,1,1,1,1B,0B,B01,2.77258872223978,0.5,0.5,0.5,0.5,0.5,0.5,0.5,0.5,0.5,0.5,0.5,0.5,0.5,0.5,0.5,0.5,0.5,0.5,0.5,0.5,0.5,0.5,0.5,0.155082067218095,0.5,0.310164134436189,1.27821199964418,26.2479787991419
CBC_1010,CBC_1010_MSI_AV_v3_Vset4_Aset1_2024-03-20_16h28.37.956.csv,2,2,1,0,z,0,1,2,aud,A,63,1,1A,0A,0,1,b,2.10877020000044,1,0,0,0,1A,0A,A10,2.83321334405622,0.5,0.5,0.5,0.5,0.5,0.655082067218095,0.5,0.5,0.5,0.5,0.5,0.5,0.5,0.5,0.5,0.5,0.5,0.5,0.5,0.5,0.5,0.5,-0.5,-0.155082067218095,0.5,0.310164134436189,1.27821199964418,26.2479787991419
CBC_1010,CBC_1010_MSI_AV_v3_Vset4_Aset1_2024-03-20_16h28.37.956.csv,2,3,2,1,b,1,0,3,aud,C,9,1,2C,1C,1,0,b,2.48329569999987,1,0,1,1,2C,1C,C21,2.89037175789616,0.5,0.344917932781905,0.5,0.5,0.5,0.655082067218095,0.5,0.5,0.5,0.5,0.5,0.5,0.5,0.5,0.5,0.5,0.5,0.5,0.5,0.5,0.5,0.5,0.5,0.155082067218095,0.5,0.310164134436189,1.27821199964418,26.2479787991419
CBC_1010,CBC_1010_MSI_AV_v3_Vset4_Aset1_2024-03-20_16h28.37.956.csv,2,4,0,1,b,1,0,2,aud,A,63,1,0A,1A,1,0,b,1.48639019999973,1,0,1,1,0A,1A,A01,2.94443897916644,0.5,0.344917932781905,0.5,0.5,0.5,0.655082067218095,0.5,0.5,0.5,0.5,0.655082067218095,0.5,0.5,0.5,0.5,0.5,0.655082067218095,0.344917932781905,0.655082067218095,0.344917932781905,0.597835763244209,0.597835763244209,0.344917932781905,0.106981172072819,0.5,0.310164134436189,1.27821199964418,26.2479787991419
CBC_1010,CBC_1010_MSI_AV_v3_Vset4_Aset1_2024-03-20_16h28.37.956.csv,2,5,1,3,z,0,1,1,aud,D,27,1,1D,3D,0,1,b,1.52748389999942,1,0,0,0,1D,3D,D13,2.99573227355399,0.762063239290914,0.344917932781905,0.5,0.5,0.5,0.655082067218095,0.5,0.5,0.5,0.5,0.655082067218095,0.5,0.5,0.5,0.5,0.5,0.5,0.5,0.5,0.5,0.5,0.5,-0.5,-0.155082067218095,0.5,0.310164134436189,1.27821199964418,26.2479787991419
CBC_1010,CBC_1010_MSI_AV_v3_Vset4_Aset1_2024-03-20_16h28.37.956.csv,2,6,1,0,b,1,0,0,aud,B,63,1,1B,0B,1,0,z,1.56958610000038,0,1,0,0,0B,1B,B10,3.04452243772342,0.762063239290914,0.344917932781905,0.5,0.5,0.5,0.655082067218095,0.5,0.5,0.5,0.5,0.655082067218095,0.5,0.5,0.344917932781905,0.5,0.5,0.344917932781905,0.655082067218095,0.344917932781905,0.655082067218095,0.402164236755791,0.402164236755791,-0.344917932781905,-0.106981172072819,0.5,0.310164134436189,1.27821199964418,26.2479787991419
CBC_1010,CBC_1010_MSI_AV_v3_Vset4_Aset1_2024-03-20_16h28.37.956.csv,2,7,3,2,z,0,1,3,aud,C,63,1,3C,2C,0,1,z,2.45954560000064,0,1,1,1,2C,3C,C32,3.09104245335832,0.762063239290914,0.344917932781905,0.5,0.5,0.237936760709086,0.655082067218095,0.5,0.5,0.5,0.5,0.655082067218095,0.5,0.5,0.344917932781905,0.5,0.5,0.655082067218095,0.344917932781905,0.655082067218095,0.344917932781905,0.597835763244209,0.597835763244209,0.344917932781905,0.106981172072819,0.5,0.310164134436189,1.27821199964418,26.2479787991419
CBC_1010,CBC_1010_MSI_AV_v3_Vset4_Aset1_2024-03-20_16h28.37.956.csv,2,8,0,2,b,1,0,2,aud,A,27,1,0A,2A,1,0,b,1.29264799999874,1,0,1,1,0A,2A,A02,3.13549421592915,0.762063239290914,0.344917932781905,0.5,0.5,0.237936760709086,0.655082067218095,0.5,0.5,0.5,0.5,0.762063239290914,0.5,0.5,0.344917932781905,0.5,0.5,0.762063239290914,0.237936760709086,0.762063239290914,0.237936760709086,0.661490788645936,0.661490788645936,0.237936760709086,0.0737994494358843,0.5,0.310164134436189,1.27821199964418,26.2479787991419
CBC_1010,CBC_1010_MSI_AV_v3_Vset4_Aset1_2024-03-20_16h28.37.956.csv,2,9,2,3,z,0,1,1,aud,D,63,1,2D,3D,0,1,z,1.60464519999914,0,1,1,1,3D,2D,D23,3.17805383034795,0.835862688726798,0.344917932781905,0.5,0.5,0.237936760709086,0.655082067218095,0.5,0.5,0.5,0.5,0.762063239290914,0.5,0.5,0.344917932781905,0.5,0.5,0.5,0.5,0.5,0.5,0.5,0.5,0.5,0.155082067218095,0.5,0.310164134436189,1.27821199964418,26.2479787991419
CBC_1010,CBC_1010_MSI_AV_v3_Vset4_Aset1_2024-03-20_16h28.37.956.csv,2,10,1,3,b,1,0,0,aud,B,27,1,1B,3B,1,0,z,2.17506380000123,0,1,0,0,3B,1B,B13,3.2188758248682,0.835862688726798,0.344917932781905,0.5,0.5,0.237936760709086,0.655082067218095,0.5,0.5,0.5,0.5,0.762063239290914,0.5,0.5,0.344917932781905,0.5,0.655082067218095,0.344917932781905,0.655082067218095,0.344917932781905,0.655082067218095,0.402164236755791,0.402164236755791,-0.344917932781905,-0.106981172072819,0.5,0.310164134436189,1.27821199964418,26.2479787991419
CBC_1010,CBC_1010_MSI_AV_v3_Vset4_Aset1_2024-03-20_16h28.37.956.csv,2,11,2,3,b,1,0,3,aud,C,63,0,2C,3C,0,1,b,2.24531790000037,1,0,1,0,2C,3C,C23,3.25809653802148,0.835862688726798,0.344917932781905,0.5,0.5,0.237936760709086,0.655082067218095,0.5,0.237936760709086,0.5,0.5,0.762063239290914,0.5,0.5,0.344917932781905,0.5,0.655082067218095,0.762063239290914,0.237936760709086,0.762063239290914,0.237936760709086,0.661490788645936,0.661490788645936,-0.762063239290914,-0.236364685000305,0.5,0.310164134436189,1.27821199964418,26.2479787991419
CBC_1010,CBC_1010_MSI_AV_v3_Vset4_Aset1_2024-03-20_16h28.37.956.csv,2,12,3,1,z,0,1,0,aud,B,27,1,3B,1B,0,1,z,2.35820249999961,0,1,1,1,1B,3B,B31,3.29583686600433,0.835862688726798,0.344917932781905,0.5,0.5,0.237936760709086,0.655082067218095,0.5,0.237936760709086,0.5,0.5,0.525698554290609,0.5,0.5,0.344917932781905,0.5,0.655082067218095,0.858814536808755,0.141185463191245,0.858814536808755,0.141185463191245,0.714487989934989,0.714487989934989,0.141185463191245,0.0437906669856849,0.5,0.310164134436189,1.27821199964418,26.2479787991419
CBC_1010,CBC_1010_MSI_AV_v3_Vset4_Aset1_2024-03-20_16h28.37.956.csv,2,13,2,3,b,1,0,3,aud,C,63,1,2C,3C,1,0,z,2.1355683999991,0,1,0,0,3C,2C,C23,2.63905732961526,0.835862688726798,0.344917932781905,0.5,0.5,0.237936760709086,0.90260520379444,0.5,0.237936760709086,0.5,0.5,0.525698554290609,0.5,0.5,0.344917932781905,0.5,0.655082067218095,0.474301445709391,0.525698554290609,0.474301445709391,0.525698554290609,0.483581804442445,0.483581804442445,-0.474301445709391,-0.147111297370286,0.5,0.310164134436189,1.27821199964418,26.2479787991419
CBC_1010,CBC_1010_MSI_AV_v3_Vset4_Aset1_2024-03-20_16h28.37.956.csv,2,14,2,3,z,0,1,1,aud,D,63,1,2D,3D,0,1,b,1.12642499999856,1,0,0,0,2D,3D,D23,2.67414864942653,0.835862688726798,0.344917932781905,0.5,0.5,0.237936760709086,0.90260520379444,0.5,0.237936760709086,0.5,0.5,0.525698554290609,0.327190148339104,0.5,0.344917932781905,0.5,0.655082067218095,0.344917932781905,0.655082067218095,0.344917932781905,0.655082067218095,0.402164236755791,0.402164236755791,-0.344917932781905,-0.106981172072819,0.5,0.310164134436189,1.27821199964418,26.2479787991419
CBC_1010,CBC_1010_MSI_AV_v3_Vset4_Aset1_2024-03-20_16h28.37.956.csv,2,15,3,0,z,0,1,2,aud,A,9,1,3A,0A,0,1,z,0.990492999999333,0,1,1,1,0A,3A,A30,3.40119738166216,0.835862688726798,0.344917932781905,0.5,0.5,0.237936760709086,0.90260520379444,0.5,0.237936760709086,0.5,0.5,0.525698554290609,0.327190148339104,0.5,0.344917932781905,0.237936760709086,0.655082067218095,0.835862688726798,0.164137311273202,0.835862688726798,0.164137311273202,0.702369626131697,0.702369626131697,0.164137311273202,0.0509095070797359,0.5,0.310164134436189,1.27821199964418,26.2479787991419
CBC_1010,CBC_1010_MSI_AV_v3_Vset4_Aset1_2024-03-20_16h28.37.956.csv,2,16,1,0,b,1,0,0,aud,B,63,0,1B,0B,0,1,b,1.45120700000007,1,0,1,0,1B,0B,B10,2.7408400239252,0.886772195806534,0.344917932781905,0.5,0.5,0.237936760709086,0.90260520379444,0.5,0.237936760709086,0.5,0.5,0.525698554290609,0.327190148339104,0.5,0.344917932781905,0.237936760709086,0.655082067218095,0.967407483427035,0.0325925165729654,0.967407483427035,0.0325925165729654,0.767614800517659,0.767614800517659,-0.967407483427035,-0.300055104744238,0.5,0.310164134436189,1.27821199964418,26.2479787991419
CBC_1010,CBC_1010_MSI_AV_v3_Vset4_Aset1_2024-03-20_16h28.37.956.csv,2,17,3,2,b,1,0,1,aud,D,63,1,3D,2D,1,0,z,1.02419449999979,0,1,0,0,2D,3D,D32,3.46573590279973,0.886772195806534,0.344917932781905,0.5,0.5,0.237936760709086,0.667352378682796,0.5,0.237936760709086,0.5,0.5,0.525698554290609,0.327190148339104,0.5,0.344917932781905,0.237936760709086,0.655082067218095,0.141185463191245,0.858814536808755,0.141185463191245,0.858814536808755,0.285512010065011,0.285512010065011,-0.141185463191245,-0.043790666985685,0.5,0.310164134436189,1.27821199964418,26.2479787991419
CBC_1010,CBC_1010_MSI_AV_v3_Vset4_Aset1_2024-03-20_16h28.37.956.csv,2,18,2,0,b,1,0,3,aud,C,27,1,2C,0C,1,0,b,1.32556320000003,1,0,1,1,2C,0C,C20,3.49650756146648,0.886772195806534,0.344917932781905,0.5,0.5,0.237936760709086,0.667352378682796,0.5,0.237936760709086,0.5,0.5,0.525698554290609,0.327190148339104,0.5,0.344917932781905,0.09739479620556,0.655082067218095,0.525698554290609,0.474301445709391,0.525698554290609,0.474301445709391,0.516418195557555,0.516418195557555,0.474301445709391,0.147111297370286,0.5,0.310164134436189,1.27821199964418,26.2479787991419
CBC_1010,CBC_1010_MSI_AV_v3_Vset4_Aset1_2024-03-20_16h28.37.956.csv,2,19,1,0,z,0,1,2,aud,A,63,1,1A,0A,0,1,z,0.951825199999803,0,1,1,1,0A,1A,A10,2.83321334405622,0.886772195806534,0.344917932781905,0.5,0.5,0.237936760709086,0.667352378682796,0.5,0.237936760709086,0.5,0.5,0.672809851660896,0.327190148339104,0.5,0.344917932781905,0.09739479620556,0.655082067218095,0.937005420057462,0.062994579942538,0.937005420057462,0.062994579942538,0.753463615710253,0.753463615710253,0.062994579942538,0.0195386593620486,0.5,0.310164134436189,1.27821199964418,26.2479787991419
CBC_1010,CBC_1010_MSI_AV_v3_Vset4_Aset1_2024-03-20_16h28.37.956.csv,2,20,0,1,z,0,1,0,aud,B,63,1,0B,1B,0,1,z,1.00888630000009,0,1,1,1,1B,0B,B01,2.86220088092947,0.956544079419511,0.344917932781905,0.5,0.5,0.237936760709086,0.667352378682796,0.5,0.237936760709086,0.5,0.5,0.672809851660896,0.327190148339104,0.5,0.344917932781905,0.09739479620556,0.655082067218095,0.865327144379375,0.134672855620625,0.865327144379375,0.134672855620625,0.717872135285806,0.717872135285806,0.134672855620625,0.0417706896956211,0.5,0.310164134436189,1.27821199964418,26.2479787991419
CBC_1010,CBC_1010_MSI_AV_v3_Vset4_Aset1_2024-03-20_16h28.37.956.csv,2,21,3,1,b,1,0,1,aud,D,27,1,3D,1D,1,0,b,1.71461099999942,1,0,1,1,3D,1D,D31,3.58351893845611,0.956544079419511,0.344917932781905,0.5,0.5,0.237936760709086,0.907097834074996,0.5,0.237936760709086,0.5,0.5,0.672809851660896,0.327190148339104,0.5,0.344917932781905,0.09739479620556,0.655082067218095,0.782944378656761,0.217055621343239,0.782944378656761,0.217055621343239,0.67333896006431,0.67333896006431,0.217055621343239,0.0673228689184348,0.5,0.310164134436189,1.27821199964418,26.2479787991419
CBC_1010,CBC_1010_MSI_AV_v3_Vset4_Aset1_2024-03-20_16h28.37.956.csv,2,22,2,3,b,1,0,3,aud,C,63,1,2C,3C,1,0,z,1.50435389999984,0,1,0,0,3C,2C,C23,2.51230562397611,0.956544079419511,0.344917932781905,0.5,0.5,0.237936760709086,0.907097834074996,0.5,0.237936760709086,0.5,0.5,0.672809851660896,0.327190148339104,0.5,0.344917932781905,0.09739479620556,0.850267247575196,0.191260187158174,0.808739812841826,0.191260187158174,0.808739812841826,0.312325464608493,0.312325464608493,-0.191260187158174,-0.0593220504020186,0.5,0.310164134436189,1.27821199964418,26.2479787991419
CBC_1010,CBC_1010_MSI_AV_v3_Vset4_Aset1_2024-03-20_16h28.37.956.csv,2,23,1,0,z,0,1,2,aud,A,63,1,1A,0A,0,1,z,1.03362379999817,0,1,1,1,0A,1A,A10,2.53897387105828,0.956544079419511,0.344917932781905,0.5,0.5,0.237936760709086,0.907097834074996,0.5,0.237936760709086,0.5,0.5,0.672809851660896,0.131938136756155,0.5,0.344917932781905,0.09739479620556,0.850267247575196,0.976638649920513,0.0233613500794873,0.976638649920513,0.0233613500794873,0.77179779349615,0.77179779349615,0.0233613500794873,0.00724585292666497,0.5,0.310164134436189,1.27821199964418,26.2479787991419
CBC_1010,CBC_1010_MSI_AV_v3_Vset4_Aset1_2024-03-20_16h28.37.956.csv,2,24,3,2,b,1,0,1,aud,D,63,1,3D,2D,1,0,b,1.30359399999907,1,0,1,1,3D,2D,D32,2.9704144655697,0.983884502847178,0.344917932781905,0.5,0.5,0.237936760709086,0.907097834074996,0.5,0.237936760709086,0.5,0.5,0.672809851660896,0.131938136756155,0.5,0.344917932781905,0.09739479620556,0.850267247575196,0.981352344296871,0.0186476557031285,0.981352344296871,0.0186476557031285,0.773913192792655,0.773913192792655,0.0186476557031285,0.00578383399042493,0.5,0.310164134436189,1.27821199964418,26.2479787991419
CBC_1010,CBC_1010_MSI_AV_v3_Vset4_Aset1_2024-03-20_16h28.37.956.csv,2,25,0,2,z,0,1,3,aud,C,27,1,0C,2C,0,1,z,1.33145069999955,0,1,1,1,2C,0C,C02,3.68887945411394,0.983884502847178,0.344917932781905,0.5,0.5,0.237936760709086,0.907097834074996,0.5,0.237936760709086,0.5,0.5,0.672809851660896,0.131938136756155,0.5,0.344917932781905,0.09739479620556,0.987136178287296,0.672809851660896,0.327190148339104,0.672809851660896,0.327190148339104,0.608681956393351,0.608681956393351,0.327190148339104,0.101482649155647,0.5,0.310164134436189,1.27821199964418,26.2479787991419
CBC_1010,CBC_1010_MSI_AV_v3_Vset4_Aset1_2024-03-20_16h28.37.956.csv,2,26,1,0,z,0,1,2,aud,A,63,1,1A,0A,0,1,z,1.02131290000034,0,1,1,1,0A,1A,A10,2.32727770558442,0.983884502847178,0.344917932781905,0.5,0.5,0.237936760709086,0.907097834074996,0.5,0.237936760709086,0.5,0.5,0.774292500816542,0.131938136756155,0.5,0.344917932781905,0.09739479620556,0.987136178287296,0.991449524630589,0.00855047536941123,0.991449524630589,0.00855047536941123,0.778397720181319,0.778397720181319,0.00855047536941123,0.00265205079197139,0.5,0.310164134436189,1.27821199964418,26.2479787991419
CBC_1010,CBC_1010_MSI_AV_v3_Vset4_Aset1_2024-03-20_16h28.37.956.csv,2,27,3,1,z,0,1,0,aud,B,27,1,3B,1B,0,1,z,1.4952572000002,0,1,1,1,1B,3B,B31,3.04452243772342,0.99410157542256,0.344917932781905,0.5,0.5,0.237936760709086,0.907097834074996,0.5,0.237936760709086,0.5,0.5,0.774292500816542,0.131938136756155,0.5,0.344917932781905,0.09739479620556,0.987136178287296,0.969013531473588,0.0309864685264121,0.969013531473588,0.0309864685264121,0.768346387033899,0.768346387033899,0.0309864685264121,0.00961089118972882,0.5,0.310164134436189,1.27821199964418,26.2479787991419
CBC_1010,CBC_1010_MSI_AV_v3_Vset4_Aset1_2024-03-20_16h28.37.956.csv,2,28,2,3,b,1,0,3,aud,C,63,1,2C,3C,1,0,b,1.23769150000044,1,0,1,1,2C,3C,C23,2.37490575457367,0.99410157542256,0.344917932781905,0.5,0.5,0.237936760709086,0.978624422663317,0.5,0.237936760709086,0.5,0.5,0.774292500816542,0.131938136756155,0.5,0.344917932781905,0.09739479620556,0.987136178287296,0.957573919201254,0.0424260807987462,0.957573919201254,0.0424260807987462,0.763100357102879,0.763100357102879,0.0424260807987462,0.013159048628463,0.5,0.310164134436189,1.27821199964418,26.2479787991419
CBC_1010,CBC_1010_MSI_AV_v3_Vset4_Aset1_2024-03-20_16h28.37.956.csv,2,29,2,3,z,0,1,1,aud,D,63,0,2D,3D,1,0,b,1.06256579999899,1,0,0,1,2D,3D,D23,2.68557734525015,0.99410157542256,0.344917932781905,0.5,0.5,0.237936760709086,0.978624422663317,0.5,0.237936760709086,0.5,0.5,0.970732967829717,0.131938136756155,0.5,0.344917932781905,0.09739479620556,0.987136178287296,0.00140417297529929,0.998595827024701,0.00140417297529929,0.998595827024701,0.218467010914561,0.218467010914561,0.998595827024701,0.309728610340707,0.5,0.310164134436189,1.27821199964418,26.2479787991419
CBC_1010,CBC_1010_MSI_AV_v3_Vset4_Aset1_2024-03-20_16h28.37.956.csv,2,30,1,0,b,1,0,0,aud,B,63,1,1B,0B,1,0,b,1.17186039999979,1,0,1,1,1B,0B,B10,2.70805020110221,0.99410157542256,0.344917932781905,0.5,0.5,0.237936760709086,0.978624422663317,0.5,0.237936760709086,0.5,0.5,0.970732967829717,0.131938136756155,0.5,0.344917932781905,0.311132783316006,0.987136178287296,0.993226383830695,0.00677361616930505,0.993226383830695,0.00677361616930505,0.77918027014385,0.77918027014385,0.00677361616930505,0.00210093279615548,0.5,0.310164134436189,1.27821199964418,26.2479787991419
CBC_1010,CBC_1010_MSI_AV_v3_Vset4_Aset1_2024-03-20_16h28.37.956.csv,2,31,0,2,b,1,0,2,aud,A,27,1,0A,2A,1,0,b,0.979007699999784,1,0,1,1,0A,2A,A02,3.13549421592915,0.99410157542256,0.344917932781905,0.5,0.5,0.237936760709086,0.99532731662685,0.5,0.237936760709086,0.5,0.5,0.970732967829717,0.131938136756155,0.5,0.344917932781905,0.311132783316006,0.987136178287296,0.99410157542256,0.00589842457743983,0.99410157542256,0.00589842457743983,0.779564986344904,0.779564986344904,0.00589842457743983,0.00182947975359877,0.5,0.310164134436189,1.27821199964418,26.2479787991419
CBC_1010,CBC_1010_MSI_AV_v3_Vset4_Aset1_2024-03-20_16h28.37.956.csv,2,32,0,3,z,0,1,1,aud,D,9,1,0D,3D,0,1,b,0.843183599999975,1,0,0,0,0D,3D,D03,3.85014760171006,0.995931055176159,0.344917932781905,0.5,0.5,0.237936760709086,0.99532731662685,0.5,0.237936760709086,0.5,0.5,0.970732967829717,0.131938136756155,0.5,0.344917932781905,0.311132783316006,0.987136178287296,0.0128638217127036,0.987136178287296,0.0128638217127036,0.987136178287296,0.223510172048357,0.223510172048357,-0.0128638217127036,-0.00398989612706218,0.5,0.310164134436189,1.27821199964418,26.2479787991419
CBC_1010,CBC_1010_MSI_AV_v3_Vset4_Aset1_2024-03-20_16h28.37.956.csv,2,33,2,3,b,1,0,3,aud,C,63,1,2C,3C,1,0,z,1.37135609999859,0,1,0,0,3C,2C,C23,2.26176309847379,0.995931055176159,0.344917932781905,0.5,0.5,0.237936760709086,0.99532731662685,0.5,0.237936760709086,0.5,0.5,0.970732967829717,0.131938136756155,0.00887392558564144,0.344917932781905,0.311132783316006,0.987136178287296,0.00456155572820819,0.995438444271792,0.00456155572820819,0.995438444271792,0.219848282127181,0.219848282127181,-0.00456155572820819,-0.00141483098412214,0.5,0.310164134436189,1.27821199964418,26.2479787991419
CBC_1010,CBC_1010_MSI_AV_v3_Vset4_Aset1_2024-03-20_16h28.37.956.csv,2,34,1,0,b,1,0,0,aud,B,63,1,1B,0B,1,0,b,1.30852070000037,1,0,1,1,1B,0B,B10,2.50552593699074,0.995931055176159,0.344917932781905,0.5,0.5,0.237936760709086,0.99532731662685,0.5,0.237936760709086,0.5,0.5,0.970732967829717,0.00314672474408606,0.00887392558564144,0.344917932781905,0.311132783316006,0.987136178287296,0.998536358060527,0.00146364193947257,0.998536358060527,0.00146364193947257,0.781507030858252,0.781507030858252,0.00146364193947257,0.000453969235281015,0.5,0.310164134436189,1.27821199964418,26.2479787991419
CBC_1010,CBC_1010_MSI_AV_v3_Vset4_Aset1_2024-03-20_16h28.37.956.csv,2,35,1,0,z,0,1,2,aud,A,63,0,1A,0A,1,0,z,0.917133900000408,0,1,1,0,0A,1A,A10,2.30258509299405,0.995931055176159,0.344917932781905,0.5,0.5,0.237936760709086,0.998990327295808,0.5,0.237936760709086,0.5,0.5,0.970732967829717,0.00314672474408606,0.00887392558564144,0.344917932781905,0.311132783316006,0.987136178287296,0.997853458168262,0.00214654183173757,0.997853458168262,0.00214654183173757,0.781208785521334,0.781208785521334,-0.997853458168262,-0.309498354146917,0.5,0.310164134436189,1.27821199964418,26.2479787991419
CBC_1010,CBC_1010_MSI_AV_v3_Vset4_Aset1_2024-03-20_16h28.37.956.csv,2,36,3,2,b,1,0,1,aud,D,63,1,3D,2D,1,0,b,1.6655752000006,1,0,1,1,3D,2D,D32,2.83321334405622,0.688355104021345,0.344917932781905,0.5,0.5,0.237936760709086,0.998990327295808,0.5,0.237936760709086,0.5,0.5,0.970732967829717,0.00314672474408606,0.00887392558564144,0.344917932781905,0.311132783316006,0.987136178287296,0.994148670746568,0.00585132925343235,0.994148670746568,0.00585132925343235,0.779585674842846,0.779585674842846,0.00585132925343235,0.001814872473192,0.5,0.310164134436189,1.27821199964418,26.2479787991419
CBC_1010,CBC_1010_MSI_AV_v3_Vset4_Aset1_2024-03-20_16h28.37.956.csv,2,37,2,1,z,0,1,0,aud,B,9,1,2B,1B,0,1,z,1.37054049999824,0,1,1,1,1B,2B,B21,3.95124371858143,0.688355104021345,0.344917932781905,0.5,0.5,0.237936760709086,0.998990327295808,0.5,0.237936760709086,0.5,0.5,0.970732967829717,0.00314672474408606,0.00887392558564144,0.344917932781905,0.311132783316006,0.99596354321976,0.998990327295808,0.00100967270419161,0.998990327295808,0.00100967270419161,0.781705132354163,0.781705132354163,0.00100967270419161,0.000313164260359438,0.5,0.310164134436189,1.27821199964418,26.2479787991419
CBC_1010,CBC_1010_MSI_AV_v3_Vset4_Aset1_2024-03-20_16h28.37.956.csv,2,38,0,2,b,1,0,2,aud,A,27,1,0A,2A,1,0,b,1.39310370000021,1,0,1,1,0A,2A,A02,2.87167962488401,0.688355104021345,0.344917932781905,0.5,0.5,0.237936760709086,0.999303491556168,0.5,0.237936760709086,0.5,0.5,0.970732967829717,0.00314672474408606,0.00887392558564144,0.344917932781905,0.311132783316006,0.99596354321976,0.688355104021345,0.311644895978655,0.688355104021345,0.311644895978655,0.618105676070113,0.618105676070113,0.311644895978655,0.0966610694126758,0.5,0.310164134436189,1.27821199964418,26.2479787991419
CBC_1010,CBC_1010_MSI_AV_v3_Vset4_Aset1_2024-03-20_16h28.37.956.csv,2,39,3,2,z,0,1,3,aud,C,63,1,3C,2C,0,1,b,1.1285855999995,1,0,0,0,3C,2C,C32,3.29583686600433,0.785016173434021,0.344917932781905,0.5,0.5,0.237936760709086,0.999303491556168,0.5,0.237936760709086,0.5,0.5,0.970732967829717,0.00314672474408606,0.00887392558564144,0.344917932781905,0.311132783316006,0.99596354321976,9.5162335107244e-05,0.999904837664893,9.5162335107244e-05,0.999904837664893,0.217896190002695,0.217896190002695,-9.5162335107244e-05,-2.95159432994649e-05,0.5,0.310164134436189,1.27821199964418,26.2479787991419
CBC_1010,CBC_1010_MSI_AV_v3_Vset4_Aset1_2024-03-20_16h28.37.956.csv,2,40,3,1,b,1,0,1,aud,D,27,1,3D,1D,1,0,b,2.19259759999841,1,0,1,1,3D,1D,D31,3.31418600467253,0.785016173434021,0.344917932781905,0.5,0.5,0.237936760709086,0.999303491556168,0.5,0.237936760709086,0.5,0.5,0.970732967829717,6.5646391807779e-05,0.00887392558564144,0.344917932781905,0.311132783316006,0.99596354321976,0.997870629813748,0.00212937018625214,0.997870629813748,0.00212937018625214,0.781216288547073,0.781216288547073,0.00212937018625214,0.000660454260713124,0.5,0.310164134436189,1.27821199964418,26.2479787991419
CBC_1010,CBC_1010_MSI_AV_v3_Vset4_Aset1_2024-03-20_16h28.37.956.csv,2,41,1,0,z,0,1,2,aud,A,63,1,1A,0A,0,1,z,1.01278359999924,0,1,1,1,0A,1A,A10,2.23359222150709,0.785016173434021,0.344917932781905,0.5,0.5,0.237936760709086,0.999303491556168,0.5,0.237936760709086,0.5,0.5,0.970732967829717,6.5646391807779e-05,0.00887392558564144,0.344917932781905,0.311132783316006,0.998531084074461,0.873977649789003,0.126022350210997,0.873977649789003,0.126022350210997,0.722329337952859,0.722329337952859,0.126022350210997,0.0390876131728081,0.5,0.310164134436189,1.27821199964418,26.2479787991419
CBC_1010,CBC_1010_MSI_AV_v3_Vset4_Aset1_2024-03-20_16h28.37.956.csv,2,42,2,0,b,1,0,3,aud,C,27,1,2C,0C,1,0,b,1.18873309999981,1,0,1,1,2C,0C,C20,3.3499040872746,0.913065262961812,0.344917932781905,0.5,0.5,0.237936760709086,0.999303491556168,0.5,0.237936760709086,0.5,0.5,0.970732967829717,6.5646391807779e-05,0.00887392558564144,0.344917932781905,0.311132783316006,0.998531084074461,0.970732967829717,0.0292670321702833,0.970732967829717,0.0292670321702833,0.769127839302082,0.769127839302082,0.0292670321702833,0.00907758370061201,0.5,0.310164134436189,1.27821199964418,26.2479787991419
CBC_1010,CBC_1010_MSI_AV_v3_Vset4_Aset1_2024-03-20_16h28.37.956.csv,2,43,2,3,z,0,1,1,aud,D,63,1,2D,3D,0,1,b,1.28001049999875,1,0,0,0,2D,3D,D23,2.67414864942653,0.913065262961812,0.344917932781905,0.5,0.5,0.237936760709086,0.999303491556168,0.5,0.237936760709086,0.5,0.5,0.979810551530329,6.5646391807779e-05,0.00887392558564144,0.344917932781905,0.311132783316006,0.998531084074461,0.000663983286098177,0.999336016713902,0.000663983286098177,0.999336016713902,0.218144103758404,0.218144103758404,-0.000663983286098177,-0.000205943801212738,0.5,0.310164134436189,1.27821199964418,26.2479787991419
CBC_1010,CBC_1010_MSI_AV_v3_Vset4_Aset1_2024-03-20_16h28.37.956.csv,2,44,0,1,z,0,1,0,aud,B,63,1,0B,1B,0,1,z,1.31796849999955,0,1,1,1,1B,0B,B01,2.97892515523761,0.913065262961812,0.344917932781905,0.5,0.5,0.237936760709086,0.999303491556168,0.5,0.237936760709086,0.5,0.5,0.979810551530329,6.5646391807779e-05,0.00887392558564144,0.344917932781905,0.000458039484885439,0.998531084074461,0.9997824269939,0.000217573006100369,0.9997824269939,0.000217573006100369,0.782050475950204,0.782050475950204,0.000217573006100369,6.74833431138007e-05,0.5,0.310164134436189,1.27821199964418,26.2479787991419
