ID,filename,session,trial,visStimLeft,visStimRight,correctKey,leftCorrect,rightCorrect,secondStim,mod2Type,mod2Stim,frequency,rewardAccurate,stimPairLeft,stimPairRight,pCorrectLeft,pCorrectRight,key,reactionTime,choiceLeft,choiceRight,choiceAccurate,reward,chosenPair,otherPair,triplet,surprise,0A belief,1A belief,2A belief,3A belief,0B belief,1B belief,2B belief,3B belief,0C belief,1C belief,2C belief,3C belief,0D belief,1D belief,2D belief,3D belief,beliefPairNorm,beliefOtherPairNorm,beliefPair,beliefOtherPair,lik,corrLik,rewardPE,update2,rewardPEOP,update2OP,fit_percModel,fit_respModel,fit_startBelief,fit_alpha1,fit_alpha2,fit_nonDecisionTime,fit_weight,fit_startingBoundary,fit_startingPoint,fit_NLL
CBC_1142,CBC_1142_MSI_TV_v3_Vset6_Tset2_2024-11-06_14h55.07.235.csv,1,1,1,0,b,1,0,2,tac,B,63,1,1B,0B,1,0,z,2.03584159999991,0,1,0,0,0B,1B,B10,2.77258872223978,0.5,0.5,0.5,0.5,0.5,0.5,0.5,0.5,0.5,0.5,0.5,0.5,0.5,0.5,0.5,0.5,0.5,0.5,0.5,0.5,0.202127829790379,0.500042948011725,-0.5,-0.483705477963676,-0.5,0.000203479422127839,CBCbothPairsRW,CBCdriftDiffusionLR,0.5,0.967410955927352,0.000406958844255678,0.880782557491379,0.442472586893781,2.45728011656446,0.5,79.9305484647936
CBC_1142,CBC_1142_MSI_TV_v3_Vset6_Tset2_2024-11-06_14h55.07.235.csv,1,2,0,1,b,1,0,3,tac,A,63,1,0A,1A,1,0,b,1.96960989999934,1,0,1,1,0A,1A,A01,2.83321334405622,0.5,0.5,0.5,0.5,0.0162945220363239,0.500203479422128,0.5,0.5,0.5,0.5,0.5,0.5,0.5,0.5,0.5,0.5,0.5,0.5,0.5,0.5,0.21278929209824,0.499108030773015,0.5,0.483705477963676,0.5,-0.000203479422127839,CBCbothPairsRW,CBCdriftDiffusionLR,0.5,0.967410955927352,0.000406958844255678,0.880782557491379,0.442472586893781,2.45728011656446,0.5,79.9305484647936
CBC_1142,CBC_1142_MSI_TV_v3_Vset6_Tset2_2024-11-06_14h55.07.235.csv,1,3,1,2,z,0,1,1,tac,C,9,1,1C,2C,0,1,z,2.35256200000003,0,1,1,1,2C,1C,C12,2.89037175789616,0.983705477963676,0.499796520577872,0.5,0.5,0.0162945220363239,0.500203479422128,0.5,0.5,0.5,0.5,0.5,0.5,0.5,0.5,0.5,0.5,0.5,0.5,0.5,0.5,0.156048959893301,0.499410557811524,0.5,0.483705477963676,0.5,-0.000203479422127839,CBCbothPairsRW,CBCdriftDiffusionLR,0.5,0.967410955927352,0.000406958844255678,0.880782557491379,0.442472586893781,2.45728011656446,0.5,79.9305484647936
CBC_1142,CBC_1142_MSI_TV_v3_Vset6_Tset2_2024-11-06_14h55.07.235.csv,1,4,1,0,z,0,1,3,tac,A,63,1,1A,0A,0,1,b,2.3510866000006,1,0,0,0,1A,0A,A10,2.94443897916644,0.983705477963676,0.499796520577872,0.5,0.5,0.0162945220363239,0.500203479422128,0.5,0.5,0.5,0.499796520577872,0.983705477963676,0.5,0.5,0.5,0.5,0.5,0.336903166338319,0.663096833661681,0.499796520577872,0.983705477963676,0.128742081617143,0.411386777468513,-0.499796520577872,-0.483508629741404,-0.0162945220363239,6.63119985560104e-06,CBCbothPairsRW,CBCdriftDiffusionLR,0.5,0.967410955927352,0.000406958844255678,0.880782557491379,0.442472586893781,2.45728011656446,0.5,79.9305484647936
CBC_1142,CBC_1142_MSI_TV_v3_Vset6_Tset2_2024-11-06_14h55.07.235.csv,1,5,3,1,b,1,0,0,tac,D,27,1,3D,1D,1,0,b,2.3880551000002,1,0,1,1,3D,1D,D31,2.99573227355399,0.983712109163532,0.0162878908364683,0.5,0.5,0.0162945220363239,0.500203479422128,0.5,0.5,0.5,0.499796520577872,0.983705477963676,0.5,0.5,0.5,0.5,0.5,0.5,0.5,0.5,0.5,0.151848781346911,0.500250941193083,0.5,0.483705477963676,0.5,-0.000203479422127839,CBCbothPairsRW,CBCdriftDiffusionLR,0.5,0.967410955927352,0.000406958844255678,0.880782557491379,0.442472586893781,2.45728011656446,0.5,79.9305484647936
CBC_1142,CBC_1142_MSI_TV_v3_Vset6_Tset2_2024-11-06_14h55.07.235.csv,1,6,0,1,z,0,1,2,tac,B,63,1,0B,1B,0,1,z,2.47158610000042,0,1,1,1,1B,0B,B01,3.04452243772342,0.983712109163532,0.0162878908364683,0.5,0.5,0.0162945220363239,0.500203479422128,0.5,0.5,0.5,0.499796520577872,0.983705477963676,0.5,0.5,0.499796520577872,0.5,0.983705477963676,0.968451916579904,0.0315480834200955,0.500203479422128,0.0162945220363239,0.205742784225334,0.734546048842716,0.499796520577872,0.483508629741404,0.0162945220363239,-6.63119985560104e-06,CBCbothPairsRW,CBCdriftDiffusionLR,0.5,0.967410955927352,0.000406958844255678,0.880782557491379,0.442472586893781,2.45728011656446,0.5,79.9305484647936
CBC_1142,CBC_1142_MSI_TV_v3_Vset6_Tset2_2024-11-06_14h55.07.235.csv,1,7,2,3,b,1,0,1,tac,C,63,1,2C,3C,1,0,b,1.70268109999961,1,0,1,1,2C,3C,C23,3.09104245335832,0.983712109163532,0.0162878908364683,0.5,0.5,0.0162878908364683,0.983712109163532,0.5,0.5,0.5,0.499796520577872,0.983705477963676,0.5,0.5,0.499796520577872,0.5,0.983705477963676,0.663005894750602,0.336994105249398,0.983705477963676,0.5,0.310252001739603,0.58772268744911,0.0162945220363239,0.0157634991395394,0.5,-0.000203479422127839,CBCbothPairsRW,CBCdriftDiffusionLR,0.5,0.967410955927352,0.000406958844255678,0.880782557491379,0.442472586893781,2.45728011656446,0.5,79.9305484647936
CBC_1142,CBC_1142_MSI_TV_v3_Vset6_Tset2_2024-11-06_14h55.07.235.csv,1,8,2,0,z,0,1,3,tac,A,27,1,2A,0A,0,1,z,1.97776000000067,0,1,1,1,0A,2A,A20,3.13549421592915,0.983712109163532,0.0162878908364683,0.5,0.5,0.0162878908364683,0.983712109163532,0.5,0.5,0.5,0.499796520577872,0.999468977103215,0.499796520577872,0.5,0.499796520577872,0.5,0.983705477963676,0.663007400888651,0.336992599111349,0.983712109163532,0.5,0.249728155041729,0.587144062636425,0.0162878908364683,0.0157570840441482,0.5,-0.000203479422127839,CBCbothPairsRW,CBCdriftDiffusionLR,0.5,0.967410955927352,0.000406958844255678,0.880782557491379,0.442472586893781,2.45728011656446,0.5,79.9305484647936
CBC_1142,CBC_1142_MSI_TV_v3_Vset6_Tset2_2024-11-06_14h55.07.235.csv,1,9,3,2,b,1,0,0,tac,D,63,1,3D,2D,1,0,b,2.3479540999997,1,0,1,1,3D,2D,D32,3.17805383034795,0.99946919320768,0.0162878908364683,0.499796520577872,0.5,0.0162878908364683,0.983712109163532,0.5,0.5,0.5,0.499796520577872,0.999468977103215,0.499796520577872,0.5,0.499796520577872,0.5,0.983705477963676,0.663005894750602,0.336994105249398,0.983705477963676,0.5,0.184331766721684,0.587501042801766,0.0162945220363239,0.0157634991395394,0.5,-0.000203479422127839,CBCbothPairsRW,CBCdriftDiffusionLR,0.5,0.967410955927352,0.000406958844255678,0.880782557491379,0.442472586893781,2.45728011656446,0.5,79.9305484647936
CBC_1142,CBC_1142_MSI_TV_v3_Vset6_Tset2_2024-11-06_14h55.07.235.csv,1,10,3,1,z,0,1,2,tac,B,27,1,3B,1B,0,1,z,2.67508680000083,0,1,1,1,1B,3B,B31,3.2188758248682,0.99946919320768,0.0162878908364683,0.499796520577872,0.5,0.0162878908364683,0.983712109163532,0.5,0.5,0.5,0.499796520577872,0.999468977103215,0.499796520577872,0.5,0.499796520577872,0.499796520577872,0.999468977103215,0.663007400888651,0.336992599111349,0.983712109163532,0.5,0.140523387309204,0.587008236388501,0.0162878908364683,0.0157570840441482,0.5,-0.000203479422127839,CBCbothPairsRW,CBCdriftDiffusionLR,0.5,0.967410955927352,0.000406958844255678,0.880782557491379,0.442472586893781,2.45728011656446,0.5,79.9305484647936
CBC_1142,CBC_1142_MSI_TV_v3_Vset6_Tset2_2024-11-06_14h55.07.235.csv,1,11,3,2,z,0,1,1,tac,C,63,1,3C,2C,0,1,z,2.92748420000044,0,1,1,1,2C,3C,C32,3.25809653802148,0.99946919320768,0.0162878908364683,0.499796520577872,0.5,0.0162878908364683,0.99946919320768,0.5,0.499796520577872,0.5,0.499796520577872,0.999468977103215,0.499796520577872,0.5,0.499796520577872,0.499796520577872,0.999468977103215,0.666639083370552,0.333360916629447,0.999468977103215,0.499796520577872,0.114533109662955,0.589775247213618,0.000531022896784528,0.000513717368197632,0.499796520577872,-0.00020339661437738,CBCbothPairsRW,CBCdriftDiffusionLR,0.5,0.967410955927352,0.000406958844255678,0.880782557491379,0.442472586893781,2.45728011656446,0.5,79.9305484647936
CBC_1142,CBC_1142_MSI_TV_v3_Vset6_Tset2_2024-11-06_14h55.07.235.csv,1,12,1,3,b,1,0,2,tac,B,27,1,1B,3B,1,0,b,2.14958910000041,1,0,1,1,1B,3B,B13,3.29583686600433,0.99946919320768,0.0162878908364683,0.499796520577872,0.5,0.0162878908364683,0.99946919320768,0.5,0.499796520577872,0.5,0.499796520577872,0.999982694471413,0.499593123963495,0.5,0.499796520577872,0.499796520577872,0.999468977103215,0.666639131421263,0.333360868578737,0.99946919320768,0.499796520577872,0.217514122696989,0.588583962310671,0.000530806792320093,0.000513508306371113,0.499796520577872,-0.00020339661437738,CBCbothPairsRW,CBCdriftDiffusionLR,0.5,0.967410955927352,0.000406958844255678,0.880782557491379,0.442472586893781,2.45728011656446,0.5,79.9305484647936
CBC_1142,CBC_1142_MSI_TV_v3_Vset6_Tset2_2024-11-06_14h55.07.235.csv,1,13,3,2,z,0,1,1,tac,C,63,1,3C,2C,0,1,z,2.56101460000082,0,1,1,1,2C,3C,C32,2.63905732961526,0.99946919320768,0.0162878908364683,0.499796520577872,0.5,0.0162878908364683,0.999982701514051,0.5,0.499593123963495,0.5,0.499796520577872,0.999982694471413,0.499593123963495,0.5,0.499796520577872,0.499796520577872,0.999468977103215,0.666843704851873,0.333156295148127,0.999982694471413,0.499593123963495,0.154837361497219,0.588598524501079,1.73055285869195e-05,1.67415579530999e-05,0.499593123963495,-0.000203313840326268,CBCbothPairsRW,CBCdriftDiffusionLR,0.5,0.967410955927352,0.000406958844255678,0.880782557491379,0.442472586893781,2.45728011656446,0.5,79.9305484647936
CBC_1142,CBC_1142_MSI_TV_v3_Vset6_Tset2_2024-11-06_14h55.07.235.csv,1,14,3,2,b,1,0,0,tac,D,63,1,3D,2D,1,0,b,2.64341380000042,1,0,1,1,3D,2D,D32,2.67414864942653,0.99946919320768,0.0162878908364683,0.499796520577872,0.5,0.0162878908364683,0.999982701514051,0.5,0.499593123963495,0.5,0.499796520577872,0.999999436029366,0.499389810123168,0.5,0.499796520577872,0.499796520577872,0.999468977103215,0.666639083370552,0.333360916629447,0.999468977103215,0.499796520577872,0.14499486566896,0.590143676704435,0.000531022896784528,0.000513717368197632,0.499796520577872,-0.00020339661437738,CBCbothPairsRW,CBCdriftDiffusionLR,0.5,0.967410955927352,0.000406958844255678,0.880782557491379,0.442472586893781,2.45728011656446,0.5,79.9305484647936
CBC_1142,CBC_1142_MSI_TV_v3_Vset6_Tset2_2024-11-06_14h55.07.235.csv,1,15,0,3,b,1,0,3,tac,A,9,1,0A,3A,1,0,b,1.83227689999967,1,0,1,1,0A,3A,A03,3.40119738166216,0.99946919320768,0.0162878908364683,0.499796520577872,0.5,0.0162878908364683,0.999982701514051,0.5,0.499593123963495,0.5,0.499796520577872,0.999999436029366,0.499389810123168,0.5,0.499796520577872,0.499593123963495,0.999982694471413,0.666548667845323,0.333451332154677,0.99946919320768,0.5,0.282438313542581,0.590622169051401,0.000530806792320093,0.000513508306371113,0.5,-0.000203479422127839,CBCbothPairsRW,CBCdriftDiffusionLR,0.5,0.967410955927352,0.000406958844255678,0.880782557491379,0.442472586893781,2.45728011656446,0.5,79.9305484647936
CBC_1142,CBC_1142_MSI_TV_v3_Vset6_Tset2_2024-11-06_14h55.07.235.csv,1,16,0,1,z,0,1,2,tac,B,63,0,0B,1B,1,0,z,1.93852079999942,0,1,1,0,1B,0B,B01,2.7408400239252,0.999982701514051,0.0162878908364683,0.499796520577872,0.499796520577872,0.0162878908364683,0.999982701514051,0.5,0.499593123963495,0.5,0.499796520577872,0.999999436029366,0.499389810123168,0.5,0.499796520577872,0.499593123963495,0.999982694471413,0.983972879901212,0.0160271200987881,0.999982701514051,0.0162878908364683,0.335799973546396,0.741463793697236,-0.999982701514051,-0.967394221182524,-0.983712109163532,0.000400330343025506,CBCbothPairsRW,CBCdriftDiffusionLR,0.5,0.967410955927352,0.000406958844255678,0.880782557491379,0.442472586893781,2.45728011656446,0.5,79.9305484647936
CBC_1142,CBC_1142_MSI_TV_v3_Vset6_Tset2_2024-11-06_14h55.07.235.csv,1,17,2,3,z,0,1,0,tac,D,63,1,2D,3D,0,1,z,3.17871290000039,0,1,1,1,3D,2D,D23,3.46573590279973,0.999982701514051,0.0162878908364683,0.499796520577872,0.499796520577872,0.0166882211794938,0.0325884803315267,0.5,0.499593123963495,0.5,0.499796520577872,0.999999436029366,0.499389810123168,0.5,0.499796520577872,0.499593123963495,0.999982694471413,0.666843704851873,0.333156295148127,0.999982694471413,0.499593123963495,0.0929400941746516,0.58920646478819,1.73055285869195e-05,1.67415579530999e-05,0.499593123963495,-0.000203313840326268,CBCbothPairsRW,CBCdriftDiffusionLR,0.5,0.967410955927352,0.000406958844255678,0.880782557491379,0.442472586893781,2.45728011656446,0.5,79.9305484647936
CBC_1142,CBC_1142_MSI_TV_v3_Vset6_Tset2_2024-11-06_14h55.07.235.csv,1,18,0,2,z,0,1,1,tac,C,27,1,0C,2C,0,1,z,2.53088070000013,0,1,1,1,2C,0C,C02,3.49650756146648,0.999982701514051,0.0162878908364683,0.499796520577872,0.499796520577872,0.0166882211794938,0.0325884803315267,0.5,0.499593123963495,0.5,0.499796520577872,0.999999436029366,0.499389810123168,0.5,0.499796520577872,0.499389810123168,0.999999436029366,0.666666541339812,0.333333458660188,0.999999436029366,0.5,0.158824817718382,0.588893835619893,5.63970633860045e-07,5.45591370017501e-07,0.5,-0.000203479422127839,CBCbothPairsRW,CBCdriftDiffusionLR,0.5,0.967410955927352,0.000406958844255678,0.880782557491379,0.442472586893781,2.45728011656446,0.5,79.9305484647936
CBC_1142,CBC_1142_MSI_TV_v3_Vset6_Tset2_2024-11-06_14h55.07.235.csv,1,19,0,1,b,1,0,3,tac,A,63,1,0A,1A,1,0,b,1.2944066,1,0,1,1,0A,1A,A01,2.83321334405622,0.999982701514051,0.0162878908364683,0.499796520577872,0.499796520577872,0.0166882211794938,0.0325884803315267,0.5,0.499593123963495,0.499796520577872,0.499796520577872,0.999999981620736,0.499389810123168,0.5,0.499796520577872,0.499389810123168,0.999999436029366,0.983972879901212,0.0160271200987881,0.999982701514051,0.0162878908364683,0.484754300414508,0.741795059052854,1.72984859490022e-05,1.67347448280201e-05,0.0162878908364683,-6.62850123017179e-06,CBCbothPairsRW,CBCdriftDiffusionLR,0.5,0.967410955927352,0.000406958844255678,0.880782557491379,0.442472586893781,2.45728011656446,0.5,79.9305484647936
CBC_1142,CBC_1142_MSI_TV_v3_Vset6_Tset2_2024-11-06_14h55.07.235.csv,1,20,1,0,b,1,0,2,tac,B,63,1,1B,0B,1,0,b,2.26421019999998,1,0,1,1,1B,0B,B10,2.86220088092947,0.999999436258879,0.0162812623352381,0.499796520577872,0.499796520577872,0.0166882211794938,0.0325884803315267,0.5,0.499593123963495,0.499796520577872,0.499796520577872,0.999999981620736,0.499389810123168,0.5,0.499796520577872,0.499389810123168,0.999999436029366,0.661336480166767,0.338663519833233,0.0325884803315267,0.0166882211794938,0.197274912797477,0.586750970568842,0.967411519668473,0.93588450301761,0.0166882211794938,-6.79141920388991e-06,CBCbothPairsRW,CBCdriftDiffusionLR,0.5,0.967410955927352,0.000406958844255678,0.880782557491379,0.442472586893781,2.45728011656446,0.5,79.9305484647936
CBC_1142,CBC_1142_MSI_TV_v3_Vset6_Tset2_2024-11-06_14h55.07.235.csv,1,21,1,3,z,0,1,0,tac,D,27,1,1D,3D,0,1,b,2.57059209999989,1,0,0,0,1D,3D,D13,3.58351893845611,0.999999436258879,0.0162812623352381,0.499796520577872,0.499796520577872,0.0166814297602899,0.968472983349137,0.5,0.499593123963495,0.499796520577872,0.499796520577872,0.999999981620736,0.499389810123168,0.5,0.499796520577872,0.499389810123168,0.999999436029366,0.333243011074977,0.666756988925023,0.499796520577872,0.999999436029366,0.107244121951548,0.410931051888509,-0.499796520577872,-0.483508629741404,-5.63970633860045e-07,2.29512837349826e-10,CBCbothPairsRW,CBCdriftDiffusionLR,0.5,0.967410955927352,0.000406958844255678,0.880782557491379,0.442472586893781,2.45728011656446,0.5,79.9305484647936
CBC_1142,CBC_1142_MSI_TV_v3_Vset6_Tset2_2024-11-06_14h55.07.235.csv,1,22,3,2,z,0,1,1,tac,C,63,1,3C,2C,0,1,b,3.37730030000057,1,0,0,0,3C,2C,C32,2.51230562397611,0.999999436258879,0.0162812623352381,0.499796520577872,0.499796520577872,0.0166814297602899,0.968472983349137,0.5,0.499593123963495,0.499796520577872,0.499796520577872,0.999999981620736,0.499389810123168,0.5,0.0162878908364683,0.499389810123168,0.999999436258879,0.333062031549741,0.666937968450259,0.499389810123168,0.999999981620736,0.0549532703054459,0.410663139843323,-0.499389810123168,-0.483115173591633,-1.83792638885905e-08,7.47960399037089e-12,CBCbothPairsRW,CBCdriftDiffusionLR,0.5,0.967410955927352,0.000406958844255678,0.880782557491379,0.442472586893781,2.45728011656446,0.5,79.9305484647936
CBC_1142,CBC_1142_MSI_TV_v3_Vset6_Tset2_2024-11-06_14h55.07.235.csv,1,23,0,1,b,1,0,3,tac,A,63,1,0A,1A,1,0,b,1.1231386999998,1,0,1,1,0A,1A,A01,2.53897387105828,0.999999436258879,0.0162812623352381,0.499796520577872,0.499796520577872,0.0166814297602899,0.968472983349137,0.5,0.499593123963495,0.499796520577872,0.499796520577872,0.999999981628216,0.0162746365315351,0.5,0.0162878908364683,0.499389810123168,0.999999436258879,0.983979561593799,0.0160204384062011,0.999999436258879,0.0162812623352381,0.301907175186195,0.741124939978589,5.63741121006878e-07,5.45369336768821e-07,0.0162812623352381,-6.62580370297199e-06,CBCbothPairsRW,CBCdriftDiffusionLR,0.5,0.967410955927352,0.000406958844255678,0.880782557491379,0.442472586893781,2.45728011656446,0.5,79.9305484647936
CBC_1142,CBC_1142_MSI_TV_v3_Vset6_Tset2_2024-11-06_14h55.07.235.csv,1,24,2,3,z,0,1,0,tac,D,63,1,2D,3D,0,1,b,2.44187519999923,1,0,0,0,2D,3D,D23,2.9704144655697,0.999999981628216,0.0162746365315351,0.499796520577872,0.499796520577872,0.0166814297602899,0.968472983349137,0.5,0.499593123963495,0.499796520577872,0.499796520577872,0.999999981628216,0.0162746365315351,0.5,0.0162878908364683,0.499389810123168,0.999999436258879,0.333062152691952,0.666937847308048,0.499389810123168,0.999999436258879,0.118984451876233,0.409859380087136,-0.499389810123168,-0.483115173591633,-5.63741121006878e-07,2.29419435064359e-10,CBCbothPairsRW,CBCdriftDiffusionLR,0.5,0.967410955927352,0.000406958844255678,0.880782557491379,0.442472586893781,2.45728011656446,0.5,79.9305484647936
CBC_1142,CBC_1142_MSI_TV_v3_Vset6_Tset2_2024-11-06_14h55.07.235.csv,1,25,2,0,b,1,0,1,tac,C,27,1,2C,0C,1,0,b,2.15927300000021,1,0,1,1,2C,0C,C20,3.68887945411394,0.999999981628216,0.0162746365315351,0.499796520577872,0.499796520577872,0.0166814297602899,0.968472983349137,0.5,0.499593123963495,0.499796520577872,0.499796520577872,0.999999981628216,0.0162746365315351,0.5,0.0162878908364683,0.0162746365315351,0.999999436488298,0.666757110152805,0.333242889847195,0.999999981628216,0.499796520577872,0.216517725788266,0.590515876086654,1.83717843160736e-08,1.77730654273039e-08,0.499796520577872,-0.00020339661437738,CBCbothPairsRW,CBCdriftDiffusionLR,0.5,0.967410955927352,0.000406958844255678,0.880782557491379,0.442472586893781,2.45728011656446,0.5,79.9305484647936
CBC_1142,CBC_1142_MSI_TV_v3_Vset6_Tset2_2024-11-06_14h55.07.235.csv,1,26,0,1,b,1,0,3,tac,A,63,1,0A,1A,1,0,b,1.02625040000021,1,0,1,1,0A,1A,A01,2.32727770558442,0.999999981628216,0.0162746365315351,0.499796520577872,0.499796520577872,0.0166814297602899,0.968472983349137,0.5,0.499593123963495,0.499593123963495,0.499796520577872,0.999999999401281,0.0162746365315351,0.5,0.0162878908364683,0.0162746365315351,0.999999436488298,0.983985985440624,0.0160140145593766,0.999999981628216,0.0162746365315351,0.0823854050264224,0.741538508782019,1.83717842050513e-08,1.77730653198997e-08,0.0162746365315352,-6.62310727355479e-06,CBCbothPairsRW,CBCdriftDiffusionLR,0.5,0.967410955927352,0.000406958844255678,0.880782557491379,0.442472586893781,2.45728011656446,0.5,79.9305484647936
CBC_1142,CBC_1142_MSI_TV_v3_Vset6_Tset2_2024-11-06_14h55.07.235.csv,1,27,1,3,b,1,0,2,tac,B,27,1,1B,3B,1,0,b,2.69730590000017,1,0,1,1,1B,3B,B13,3.04452243772342,0.999999999401281,0.0162680134242616,0.499796520577872,0.499796520577872,0.0166814297602899,0.968472983349137,0.5,0.499593123963495,0.499593123963495,0.499796520577872,0.999999999401281,0.0162746365315351,0.5,0.0162878908364683,0.0162746365315351,0.999999436488298,0.659693033253097,0.340306966746903,0.968472983349137,0.499593123963495,0.137563461092078,0.585225286599012,0.031527016650863,0.0304995813157489,0.499593123963495,-0.000203313840326268,CBCbothPairsRW,CBCdriftDiffusionLR,0.5,0.967410955927352,0.000406958844255678,0.880782557491379,0.442472586893781,2.45728011656446,0.5,79.9305484647936
CBC_1142,CBC_1142_MSI_TV_v3_Vset6_Tset2_2024-11-06_14h55.07.235.csv,1,28,3,2,z,0,1,1,tac,C,63,1,3C,2C,0,1,b,2.4160995000002,1,0,0,0,3C,2C,C32,2.37490575457367,0.999999999401281,0.0162680134242616,0.499796520577872,0.499796520577872,0.0166814297602899,0.998972564664886,0.5,0.499389810123168,0.499593123963495,0.499796520577872,0.999999999401281,0.0162746365315351,0.5,0.0162878908364683,0.0162746365315351,0.999999436488298,0.0160140142793163,0.983985985720684,0.0162746365315351,0.999999999401281,0.0762077651473695,0.259009233177037,-0.0162746365315351,-0.0157442616843426,-5.98718852273805e-10,2.43653932155434e-13,CBCbothPairsRW,CBCdriftDiffusionLR,0.5,0.967410955927352,0.000406958844255678,0.880782557491379,0.442472586893781,2.45728011656446,0.5,79.9305484647936
CBC_1142,CBC_1142_MSI_TV_v3_Vset6_Tset2_2024-11-06_14h55.07.235.csv,1,29,3,2,b,1,0,0,tac,D,63,1,3D,2D,1,0,z,2.36556159999964,0,1,0,0,2D,3D,D32,2.68557734525015,0.999999999401281,0.0162680134242616,0.499796520577872,0.499796520577872,0.0166814297602899,0.998972564664886,0.5,0.499389810123168,0.499593123963495,0.499796520577872,0.999999999401525,0.000530374847192521,0.5,0.0162878908364683,0.0162746365315351,0.999999436488298,0.0160140231494595,0.98398597685054,0.0162746365315351,0.999999436488298,0.0796146189463479,0.258468197791265,-0.0162746365315351,-0.0157442616843426,-5.63511701523467e-07,2.29326070776541e-10,CBCbothPairsRW,CBCdriftDiffusionLR,0.5,0.967410955927352,0.000406958844255678,0.880782557491379,0.442472586893781,2.45728011656446,0.5,79.9305484647936
CBC_1142,CBC_1142_MSI_TV_v3_Vset6_Tset2_2024-11-06_14h55.07.235.csv,1,30,0,1,z,0,1,2,tac,B,63,1,0B,1B,0,1,b,2.47057669999958,1,0,0,0,0B,1B,B01,2.70805020110221,0.999999999401281,0.0162680134242616,0.499796520577872,0.499796520577872,0.0166814297602899,0.998972564664886,0.5,0.499389810123168,0.499593123963495,0.499796520577872,0.999999999401525,0.000530374847192521,0.5,0.0162878908364683,0.000530374847192521,0.999999436717625,0.0164243234919102,0.98357567650809,0.0166814297602899,0.998972564664886,0.0725971343515062,0.259238866859675,-0.0166814297602899,-0.016137797910637,-0.00102743533511407,4.18123896525467e-07,CBCbothPairsRW,CBCdriftDiffusionLR,0.5,0.967410955927352,0.000406958844255678,0.880782557491379,0.442472586893781,2.45728011656446,0.5,79.9305484647936
CBC_1142,CBC_1142_MSI_TV_v3_Vset6_Tset2_2024-11-06_14h55.07.235.csv,1,31,2,0,z,0,1,3,tac,A,27,1,2A,0A,0,1,b,1.8202497000002,1,0,0,0,2A,0A,A20,3.13549421592915,0.999999999401281,0.0162680134242616,0.499796520577872,0.499796520577872,0.000543631849652865,0.998972982788782,0.5,0.499389810123168,0.499593123963495,0.499796520577872,0.999999999401525,0.000530374847192521,0.5,0.0162878908364683,0.000530374847192521,0.999999436717625,0.333242885898161,0.666757114101839,0.499796520577872,0.999999999401281,0.198560405798429,0.411421391003471,-0.499796520577872,-0.483508629741404,-5.98718852273805e-10,2.43653932155434e-13,CBCbothPairsRW,CBCdriftDiffusionLR,0.5,0.967410955927352,0.000406958844255678,0.880782557491379,0.442472586893781,2.45728011656446,0.5,79.9305484647936
CBC_1142,CBC_1142_MSI_TV_v3_Vset6_Tset2_2024-11-06_14h55.07.235.csv,1,32,3,0,b,1,0,0,tac,D,9,1,3D,0D,1,0,z,2.47868180000023,0,1,0,0,0D,3D,D30,3.85014760171006,0.999999999401525,0.0162680134242616,0.0162878908364683,0.499796520577872,0.000543631849652865,0.998972982788782,0.5,0.499389810123168,0.499593123963495,0.499796520577872,0.999999999401525,0.000530374847192521,0.5,0.0162878908364683,0.000530374847192521,0.999999436717625,0.333333458507242,0.666666541492759,0.5,0.999999436717625,0.115244571463927,0.409261982454591,-0.5,-0.483705477963676,-5.63282375409813e-07,2.2923274448637e-10,CBCbothPairsRW,CBCdriftDiffusionLR,0.5,0.967410955927352,0.000406958844255678,0.880782557491379,0.442472586893781,2.45728011656446,0.5,79.9305484647936
CBC_1142,CBC_1142_MSI_TV_v3_Vset6_Tset2_2024-11-06_14h55.07.235.csv,1,33,3,2,z,0,1,1,tac,C,63,1,3C,2C,0,1,b,3.30143090000001,1,0,0,0,3C,2C,C32,2.26176309847379,0.999999999401525,0.0162680134242616,0.0162878908364683,0.499796520577872,0.000543631849652865,0.998972982788782,0.5,0.499389810123168,0.499593123963495,0.499796520577872,0.999999999401525,0.000530374847192521,0.0162945220363239,0.0162878908364683,0.000530374847192521,0.999999436946857,0.000530093699145087,0.999469906300855,0.000530374847192521,0.999999999401525,0.0330132414116954,0.252419963400632,-0.000530374847192521,-0.00051309043792234,-5.984751583199e-10,2.43554758745601e-13,CBCbothPairsRW,CBCdriftDiffusionLR,0.5,0.967410955927352,0.000406958844255678,0.880782557491379,0.442472586893781,2.45728011656446,0.5,79.9305484647936
CBC_1142,CBC_1142_MSI_TV_v3_Vset6_Tset2_2024-11-06_14h55.07.235.csv,1,34,0,1,z,0,1,2,tac,B,63,1,0B,1B,0,1,z,2.1120164999993,0,1,1,1,1B,0B,B01,2.50552593699074,0.999999999401525,0.0162680134242616,0.0162878908364683,0.499796520577872,0.000543631849652865,0.998972982788782,0.5,0.499389810123168,0.499593123963495,0.499796520577872,0.999999999401768,1.72844092701809e-05,0.0162945220363239,0.0162878908364683,0.000530374847192521,0.999999436946857,0.999456105239582,0.000543894760418283,0.998972982788782,0.000543631849652865,0.29022628026813,0.748119470525985,0.00102701721121756,0.000993547702057826,0.000543631849652892,-2.21235789235318e-07,CBCbothPairsRW,CBCdriftDiffusionLR,0.5,0.967410955927352,0.000406958844255678,0.880782557491379,0.442472586893781,2.45728011656446,0.5,79.9305484647936
CBC_1142,CBC_1142_MSI_TV_v3_Vset6_Tset2_2024-11-06_14h55.07.235.csv,1,35,0,1,b,1,0,3,tac,A,63,0,0A,1A,0,1,b,1.6176218999999,1,0,1,0,0A,1A,A01,2.30258509299405,0.999999999401525,0.0162680134242616,0.0162878908364683,0.499796520577872,0.000543410613863629,0.99996653049084,0.5,0.499389810123168,0.499593123963495,0.499796520577872,0.999999999401768,1.72844092701809e-05,0.0162945220363239,0.0162878908364683,0.000530374847192521,0.999999436946857,0.983992398443175,0.016007601556825,0.999999999401525,0.0162680134242616,0.439595812334252,0.74103089437192,-0.999999999401525,-0.967410955348381,-0.983731986575738,0.000400338432314205,CBCbothPairsRW,CBCdriftDiffusionLR,0.5,0.967410955927352,0.000406958844255678,0.880782557491379,0.442472586893781,2.45728011656446,0.5,79.9305484647936
CBC_1142,CBC_1142_MSI_TV_v3_Vset6_Tset2_2024-11-06_14h55.07.235.csv,1,36,2,3,z,0,1,0,tac,D,63,1,2D,3D,0,1,b,2.89146299999993,1,0,0,0,2D,3D,D23,2.83321334405622,0.032589044053144,0.0166683518565758,0.0162878908364683,0.499796520577872,0.000543410613863629,0.99996653049084,0.5,0.499389810123168,0.499593123963495,0.499796520577872,0.999999999401768,1.72844092701809e-05,0.0162945220363239,0.0162878908364683,0.000530374847192521,0.999999436946857,0.000530093997140881,0.999469906002859,0.000530374847192521,0.999999436946857,0.0480032473735282,0.252265762635917,-0.000530374847192521,-0.00051309043792234,-5.63053142665915e-07,2.29139456193848e-10,CBCbothPairsRW,CBCdriftDiffusionLR,0.5,0.967410955927352,0.000406958844255678,0.880782557491379,0.442472586893781,2.45728011656446,0.5,79.9305484647936
CBC_1142,CBC_1142_MSI_TV_v3_Vset6_Tset2_2024-11-06_14h55.07.235.csv,1,37,1,2,b,1,0,2,tac,B,9,1,1B,2B,1,0,b,2.60142359999918,1,0,1,1,1B,2B,B12,3.95124371858143,0.032589044053144,0.0166683518565758,0.0162878908364683,0.499796520577872,0.000543410613863629,0.99996653049084,0.5,0.499389810123168,0.499593123963495,0.499796520577872,0.999999999401768,1.72844092701809e-05,0.0162945220363239,0.0162878908364683,1.72844092701809e-05,0.999999437175997,0.666659228832004,0.333340771167996,0.99996653049084,0.5,0.150141306979238,0.59021017856186,3.34695091597226e-05,3.23787698506265e-05,0.5,-0.000203479422127839,CBCbothPairsRW,CBCdriftDiffusionLR,0.5,0.967410955927352,0.000406958844255678,0.880782557491379,0.442472586893781,2.45728011656446,0.5,79.9305484647936
CBC_1142,CBC_1142_MSI_TV_v3_Vset6_Tset2_2024-11-06_14h55.07.235.csv,1,38,2,0,z,0,1,3,tac,A,27,1,2A,0A,0,1,z,1.39927089999946,0,1,1,1,0A,2A,A20,2.87167962488401,0.032589044053144,0.0166683518565758,0.0162878908364683,0.499796520577872,0.000543410613863629,0.999998909260691,0.499796520577872,0.499389810123168,0.499593123963495,0.499796520577872,0.999999999401768,1.72844092701809e-05,0.0162945220363239,0.0162878908364683,1.72844092701809e-05,0.999999437175997,0.666757114101893,0.333242885898107,0.032589044053144,0.0162878908364683,0.365233104597327,0.590007209797639,0.967410955946856,0.935883957667142,0.0162878908364683,-6.62850123017179e-06,CBCbothPairsRW,CBCdriftDiffusionLR,0.5,0.967410955927352,0.000406958844255678,0.880782557491379,0.442472586893781,2.45728011656446,0.5,79.9305484647936
CBC_1142,CBC_1142_MSI_TV_v3_Vset6_Tset2_2024-11-06_14h55.07.235.csv,1,39,2,3,b,1,0,1,tac,C,63,1,2C,3C,1,0,b,2.4658872,1,0,1,1,2C,3C,C23,3.29583686600433,0.968473001720286,0.0166683518565758,0.0162812623352381,0.499796520577872,0.000543410613863629,0.999998909260691,0.499796520577872,0.499389810123168,0.499593123963495,0.499796520577872,0.999999999401768,1.72844092701809e-05,0.0162945220363239,0.0162878908364683,1.72844092701809e-05,0.999999437175997,0.999982715889465,1.72841105348804e-05,0.999999999401768,1.72844092701809e-05,0.210003756664891,0.747707543493704,5.98231575388297e-10,5.78735780212318e-10,1.72844092701796e-05,-7.03404322023442e-09,CBCbothPairsRW,CBCdriftDiffusionLR,0.5,0.967410955927352,0.000406958844255678,0.880782557491379,0.442472586893781,2.45728011656446,0.5,79.9305484647936
CBC_1142,CBC_1142_MSI_TV_v3_Vset6_Tset2_2024-11-06_14h55.07.235.csv,1,40,1,3,z,0,1,0,tac,D,27,1,1D,3D,0,1,z,2.36218000000008,0,1,1,1,3D,1D,D13,3.31418600467253,0.968473001720286,0.0166683518565758,0.0162812623352381,0.499796520577872,0.000543410613863629,0.999998909260691,0.499796520577872,0.499389810123168,0.499593123963495,0.499796520577872,0.999999999980504,1.72773752269607e-05,0.0162945220363239,0.0162878908364683,1.72844092701809e-05,0.999999437175997,0.983973143827029,0.0160268561729705,0.999999437175997,0.0162878908364683,0.229045930054855,0.74130071895797,5.62824003180751e-07,5.44482106935949e-07,0.0162878908364683,-6.62850123017179e-06,CBCbothPairsRW,CBCdriftDiffusionLR,0.5,0.967410955927352,0.000406958844255678,0.880782557491379,0.442472586893781,2.45728011656446,0.5,79.9305484647936
CBC_1142,CBC_1142_MSI_TV_v3_Vset6_Tset2_2024-11-06_14h55.07.235.csv,1,41,0,1,b,1,0,3,tac,A,63,1,0A,1A,1,0,b,1.42681360000006,1,0,1,1,0A,1A,A01,2.23359222150709,0.968473001720286,0.0166683518565758,0.0162812623352381,0.499796520577872,0.000543410613863629,0.999998909260691,0.499796520577872,0.499389810123168,0.499593123963495,0.499796520577872,0.999999999980504,1.72773752269607e-05,0.0162945220363239,0.0162812623352381,1.72844092701809e-05,0.999999981658104,0.983080243463483,0.0169197565365175,0.968473001720286,0.0166683518565758,0.490429042035966,0.740837527556774,0.0315269982797144,0.0304995635432985,0.0166683518565758,-6.78333320719907e-06,CBCbothPairsRW,CBCdriftDiffusionLR,0.5,0.967410955927352,0.000406958844255678,0.880782557491379,0.442472586893781,2.45728011656446,0.5,79.9305484647936
CBC_1142,CBC_1142_MSI_TV_v3_Vset6_Tset2_2024-11-06_14h55.07.235.csv,1,42,0,2,z,0,1,1,tac,C,27,1,0C,2C,0,1,z,2.39013629999954,0,1,1,1,2C,0C,C02,3.3499040872746,0.998972565263584,0.0166615685233686,0.0162812623352381,0.499796520577872,0.000543410613863629,0.999998909260691,0.499796520577872,0.499389810123168,0.499593123963495,0.499796520577872,0.999999999980504,1.72773752269607e-05,0.0162945220363239,0.0162812623352381,1.72844092701809e-05,0.999999981658104,0.666847549520938,0.333152450479062,0.999999999980504,0.499593123963495,0.178565160671572,0.58931607138741,1.94958493793251e-11,1.88604982846686e-11,0.499593123963495,-0.000203313840326268,CBCbothPairsRW,CBCdriftDiffusionLR,0.5,0.967410955927352,0.000406958844255678,0.880782557491379,0.442472586893781,2.45728011656446,0.5,79.9305484647936
CBC_1142,CBC_1142_MSI_TV_v3_Vset6_Tset2_2024-11-06_14h55.07.235.csv,1,43,3,2,b,1,0,0,tac,D,63,1,3D,2D,1,0,z,3.0352069999999,0,1,0,0,2D,3D,D32,2.67414864942653,0.998972565263584,0.0166615685233686,0.0162812623352381,0.499796520577872,0.000543410613863629,0.999998909260691,0.499796520577872,0.499389810123168,0.499389810123168,0.499796520577872,0.999999999999365,1.72773752269607e-05,0.0162945220363239,0.0162812623352381,1.72844092701809e-05,0.999999981658104,1.72841108415586e-05,0.999982715889158,1.72844092701809e-05,0.999999981658104,0.0420161362025318,0.251907065768195,-1.72844092701809e-05,-1.67211268947053e-05,-1.83418962240722e-08,7.46439688880602e-12,CBCbothPairsRW,CBCdriftDiffusionLR,0.5,0.967410955927352,0.000406958844255678,0.880782557491379,0.442472586893781,2.45728011656446,0.5,79.9305484647936
CBC_1142,CBC_1142_MSI_TV_v3_Vset6_Tset2_2024-11-06_14h55.07.235.csv,1,44,1,0,b,1,0,2,tac,B,63,1,1B,0B,1,0,b,1.59220960000039,1,0,1,1,1B,0B,B10,2.97892515523761,0.998972565263584,0.0166615685233686,0.0162812623352381,0.499796520577872,0.000543410613863629,0.999998909260691,0.499796520577872,0.499389810123168,0.499389810123168,0.499796520577872,0.999999999999365,1.72773752269607e-05,0.0162945220363239,0.0162812623352381,5.63282375475607e-07,0.999999981665568,0.999456883928776,0.000543116071224015,0.999998909260691,0.000543410613863629,0.453366952402295,0.747265530287018,1.09073930909531e-06,1.05519315767944e-06,0.000543410613863649,-2.21145755374219e-07,CBCbothPairsRW,CBCdriftDiffusionLR,0.5,0.967410955927352,0.000406958844255678,0.880782557491379,0.442472586893781,2.45728011656446,0.5,79.9305484647936
CBC_1142,CBC_1142_MSI_AV_v3_Vset4_Aset2_2024-11-06_15h03.57.589.csv,2,1,1,3,b,1,0,2,aud,B,27,1,1B,3B,1,0,b,2.1006284999994,1,0,1,1,1B,3B,B13,2.77258872223978,0.5,0.5,0.5,0.5,0.5,0.5,0.5,0.5,0.5,0.5,0.5,0.5,0.5,0.5,0.5,0.5,0.5,0.5,0.5,0.5,0.15254416618047,0.499841166097279,0.5,0.154631330638168,0.5,-0.487402903036295,CBCbothPairsRW,CBCdriftDiffusionLR,0.5,0.309262661276336,0.974805806072589,0.605685817855935,0.481778545411526,2.43270836925502,0.5,74.9167694050307
CBC_1142,CBC_1142_MSI_AV_v3_Vset4_Aset2_2024-11-06_15h03.57.589.csv,2,2,3,2,z,0,1,1,aud,C,63,1,3C,2C,0,1,z,2.21798919999947,0,1,1,1,2C,3C,C32,2.83321334405622,0.5,0.5,0.5,0.5,0.5,0.654631330638168,0.5,0.0125970969637053,0.5,0.5,0.5,0.5,0.5,0.5,0.5,0.5,0.5,0.5,0.5,0.5,0.13880511385029,0.501544893881446,0.5,0.154631330638168,0.5,-0.487402903036295,CBCbothPairsRW,CBCdriftDiffusionLR,0.5,0.309262661276336,0.974805806072589,0.605685817855935,0.481778545411526,2.43270836925502,0.5,74.9167694050307
CBC_1142,CBC_1142_MSI_AV_v3_Vset4_Aset2_2024-11-06_15h03.57.589.csv,2,3,3,2,b,1,0,0,aud,D,63,1,3D,2D,1,0,z,2.48930479999945,0,1,0,0,2D,3D,D32,2.89037175789616,0.5,0.5,0.5,0.5,0.5,0.654631330638168,0.5,0.0125970969637053,0.5,0.5,0.654631330638168,0.0125970969637053,0.5,0.5,0.5,0.5,0.5,0.5,0.5,0.5,0.110324674464152,0.499812644144445,-0.5,-0.154631330638168,-0.5,0.487402903036295,CBCbothPairsRW,CBCdriftDiffusionLR,0.5,0.309262661276336,0.974805806072589,0.605685817855935,0.481778545411526,2.43270836925502,0.5,74.9167694050307
CBC_1142,CBC_1142_MSI_AV_v3_Vset4_Aset2_2024-11-06_15h03.57.589.csv,2,4,0,1,z,0,1,2,aud,B,63,1,0B,1B,0,1,b,2.86162189999959,1,0,0,0,0B,1B,B01,2.94443897916644,0.5,0.5,0.5,0.5,0.5,0.654631330638168,0.5,0.0125970969637053,0.5,0.5,0.654631330638168,0.0125970969637053,0.5,0.5,0.345368669361832,0.987402903036295,0.433038656350723,0.566961343649277,0.5,0.654631330638168,0.0745112207647653,0.461182820501542,-0.5,-0.154631330638168,-0.345368669361832,0.336667384129478,CBCbothPairsRW,CBCdriftDiffusionLR,0.5,0.309262661276336,0.974805806072589,0.605685817855935,0.481778545411526,2.43270836925502,0.5,74.9167694050307
CBC_1142,CBC_1142_MSI_AV_v3_Vset4_Aset2_2024-11-06_15h03.57.589.csv,2,5,0,3,b,1,0,3,aud,A,9,1,0A,3A,1,0,b,2.36060439999983,1,0,1,1,0A,3A,A03,2.99573227355399,0.5,0.5,0.5,0.5,0.345368669361832,0.991298714767646,0.5,0.0125970969637053,0.5,0.5,0.654631330638168,0.0125970969637053,0.5,0.5,0.345368669361832,0.987402903036295,0.5,0.5,0.5,0.5,0.123070880571482,0.500828331296248,0.5,0.154631330638168,0.5,-0.487402903036295,CBCbothPairsRW,CBCdriftDiffusionLR,0.5,0.309262661276336,0.974805806072589,0.605685817855935,0.481778545411526,2.43270836925502,0.5,74.9167694050307
CBC_1142,CBC_1142_MSI_AV_v3_Vset4_Aset2_2024-11-06_15h03.57.589.csv,2,6,3,2,b,1,0,0,aud,D,63,1,3D,2D,1,0,b,2.14177649999874,1,0,1,1,3D,2D,D32,2.35137525716348,0.654631330638168,0.5,0.5,0.0125970969637053,0.345368669361832,0.991298714767646,0.5,0.0125970969637053,0.5,0.5,0.654631330638168,0.0125970969637053,0.5,0.5,0.345368669361832,0.987402903036295,0.740864318751643,0.259135681248357,0.987402903036295,0.345368669361832,0.187624983307585,0.63753020363133,0.0125970969637053,0.00389581173135154,0.345368669361832,-0.336667384129478,CBCbothPairsRW,CBCdriftDiffusionLR,0.5,0.309262661276336,0.974805806072589,0.605685817855935,0.481778545411526,2.43270836925502,0.5,74.9167694050307
CBC_1142,CBC_1142_MSI_AV_v3_Vset4_Aset2_2024-11-06_15h03.57.589.csv,2,7,0,2,z,0,1,1,aud,C,27,1,0C,2C,0,1,z,1.49131209999905,0,1,1,1,2C,0C,C02,3.09104245335832,0.654631330638168,0.5,0.5,0.0125970969637053,0.345368669361832,0.991298714767646,0.5,0.0125970969637053,0.5,0.5,0.654631330638168,0.0125970969637053,0.5,0.5,0.00870128523235369,0.991298714767646,0.566961343649277,0.433038656350723,0.654631330638168,0.5,0.272036785966975,0.539939790673679,0.345368669361832,0.106809633808307,0.5,-0.487402903036295,CBCbothPairsRW,CBCdriftDiffusionLR,0.5,0.309262661276336,0.974805806072589,0.605685817855935,0.481778545411526,2.43270836925502,0.5,74.9167694050307
CBC_1142,CBC_1142_MSI_AV_v3_Vset4_Aset2_2024-11-06_15h03.57.589.csv,2,8,0,1,b,1,0,3,aud,A,63,1,0A,1A,1,0,z,2.44268740000007,0,1,0,0,1A,0A,A01,3.13549421592915,0.654631330638168,0.5,0.5,0.0125970969637053,0.345368669361832,0.991298714767646,0.5,0.0125970969637053,0.0125970969637053,0.5,0.761440964446475,0.0125970969637053,0.5,0.5,0.00870128523235369,0.991298714767646,0.433038656350723,0.566961343649277,0.5,0.654631330638168,0.105722646302514,0.461045135799334,-0.5,-0.154631330638168,-0.345368669361832,0.336667384129478,CBCbothPairsRW,CBCdriftDiffusionLR,0.5,0.309262661276336,0.974805806072589,0.605685817855935,0.481778545411526,2.43270836925502,0.5,74.9167694050307
CBC_1142,CBC_1142_MSI_AV_v3_Vset4_Aset2_2024-11-06_15h03.57.589.csv,2,9,1,0,b,1,0,2,aud,B,63,1,1B,0B,1,0,b,2.14023409999936,1,0,1,1,1B,0B,B10,3.17805383034795,0.991298714767646,0.345368669361832,0.5,0.0125970969637053,0.345368669361832,0.991298714767646,0.5,0.0125970969637053,0.0125970969637053,0.5,0.761440964446475,0.0125970969637053,0.5,0.5,0.00870128523235369,0.991298714767646,0.741619588042273,0.258380411957727,0.991298714767646,0.345368669361832,0.188178853742922,0.63859077488222,0.00870128523235369,0.00269098262748219,0.345368669361832,-0.336667384129478,CBCbothPairsRW,CBCdriftDiffusionLR,0.5,0.309262661276336,0.974805806072589,0.605685817855935,0.481778545411526,2.43270836925502,0.5,74.9167694050307
CBC_1142,CBC_1142_MSI_AV_v3_Vset4_Aset2_2024-11-06_15h03.57.589.csv,2,10,1,3,z,0,1,0,aud,D,27,1,1D,3D,0,1,b,2.25177379999968,1,0,0,0,1D,3D,D13,3.2188758248682,0.991298714767646,0.345368669361832,0.5,0.0125970969637053,0.00870128523235369,0.993989697395129,0.5,0.0125970969637053,0.0125970969637053,0.5,0.761440964446475,0.0125970969637053,0.5,0.5,0.00870128523235369,0.991298714767646,0.335278234366281,0.664721765633719,0.5,0.991298714767646,0.108634962013497,0.404635693839363,-0.5,-0.154631330638168,-0.00870128523235369,0.00848206336479206,CBCbothPairsRW,CBCdriftDiffusionLR,0.5,0.309262661276336,0.974805806072589,0.605685817855935,0.481778545411526,2.43270836925502,0.5,74.9167694050307
CBC_1142,CBC_1142_MSI_AV_v3_Vset4_Aset2_2024-11-06_15h03.57.589.csv,2,11,3,2,z,0,1,1,aud,C,63,1,3C,2C,0,1,z,0.940492599999743,0,1,1,1,2C,3C,C32,2.56494935746154,0.991298714767646,0.345368669361832,0.5,0.0125970969637053,0.00870128523235369,0.993989697395129,0.5,0.0125970969637053,0.0125970969637053,0.5,0.761440964446475,0.0125970969637053,0.5,0.345368669361832,0.00870128523235369,0.999780778132438,0.983725481224069,0.0162745187759311,0.761440964446475,0.0125970969637053,0.467285738086168,0.756512424206512,0.238559035553525,0.0737774022067992,0.0125970969637053,-0.0122797232598793,CBCbothPairsRW,CBCdriftDiffusionLR,0.5,0.309262661276336,0.974805806072589,0.605685817855935,0.481778545411526,2.43270836925502,0.5,74.9167694050307
CBC_1142,CBC_1142_MSI_AV_v3_Vset4_Aset2_2024-11-06_15h03.57.589.csv,2,12,1,0,b,1,0,2,aud,B,63,1,1B,0B,1,0,b,1.80849219999982,1,0,1,1,1B,0B,B10,2.60268968544438,0.991298714767646,0.345368669361832,0.5,0.0125970969637053,0.00870128523235369,0.993989697395129,0.5,0.0125970969637053,0.0125970969637053,0.5,0.835218366653274,0.000317373703825985,0.5,0.345368669361832,0.00870128523235369,0.999780778132438,0.991322066934767,0.0086779330652327,0.993989697395129,0.00870128523235369,0.302441643069035,0.7600292540786,0.00601030260487145,0.00185876217865864,0.00870128523235369,-0.00848206336479206,CBCbothPairsRW,CBCdriftDiffusionLR,0.5,0.309262661276336,0.974805806072589,0.605685817855935,0.481778545411526,2.43270836925502,0.5,74.9167694050307
CBC_1142,CBC_1142_MSI_AV_v3_Vset4_Aset2_2024-11-06_15h03.57.589.csv,2,13,0,1,b,1,0,3,aud,A,63,1,0A,1A,1,0,z,2.91625649999969,0,1,0,0,1A,0A,A01,2.63905732961526,0.991298714767646,0.345368669361832,0.5,0.0125970969637053,0.000219221867561632,0.995848459573787,0.5,0.0125970969637053,0.0125970969637053,0.5,0.835218366653274,0.000317373703825985,0.5,0.345368669361832,0.00870128523235369,0.999780778132438,0.258380411957727,0.741619588042273,0.345368669361832,0.991298714767646,0.0545891267045335,0.361384498193281,-0.345368669361832,-0.106809633808307,-0.00870128523235369,0.00848206336479206,CBCbothPairsRW,CBCdriftDiffusionLR,0.5,0.309262661276336,0.974805806072589,0.605685817855935,0.481778545411526,2.43270836925502,0.5,74.9167694050307
CBC_1142,CBC_1142_MSI_AV_v3_Vset4_Aset2_2024-11-06_15h03.57.589.csv,2,14,1,2,z,0,1,1,aud,C,9,1,1C,2C,0,1,z,1.38209079999979,0,1,1,1,2C,1C,C12,3.36729582998647,0.999780778132438,0.238559035553525,0.5,0.0125970969637053,0.000219221867561632,0.995848459573787,0.5,0.0125970969637053,0.0125970969637053,0.5,0.835218366653274,0.000317373703825985,0.5,0.345368669361832,0.00870128523235369,0.999780778132438,0.625529417144515,0.374470582855485,0.835218366653274,0.5,0.314959816753642,0.573552094906848,0.164781633346726,0.0509608064582698,0.5,-0.487402903036295,CBCbothPairsRW,CBCdriftDiffusionLR,0.5,0.309262661276336,0.974805806072589,0.605685817855935,0.481778545411526,2.43270836925502,0.5,74.9167694050307
CBC_1142,CBC_1142_MSI_AV_v3_Vset4_Aset2_2024-11-06_15h03.57.589.csv,2,15,1,0,z,0,1,3,aud,A,63,1,1A,0A,0,1,z,1.61111609999989,0,1,1,1,0A,1A,A10,3.40119738166216,0.999780778132438,0.238559035553525,0.5,0.0125970969637053,0.000219221867561632,0.995848459573787,0.5,0.0125970969637053,0.0125970969637053,0.0125970969637053,0.886179173111544,0.000317373703825985,0.5,0.345368669361832,0.00870128523235369,0.999780778132438,0.80735575734786,0.19264424265214,0.999780778132438,0.238559035553525,0.314059179139129,0.673305300499073,0.000219221867561625,6.77971381720767e-05,0.238559035553525,-0.232548732948653,CBCbothPairsRW,CBCdriftDiffusionLR,0.5,0.309262661276336,0.974805806072589,0.605685817855935,0.481778545411526,2.43270836925502,0.5,74.9167694050307
CBC_1142,CBC_1142_MSI_AV_v3_Vset4_Aset2_2024-11-06_15h03.57.589.csv,2,16,3,1,b,1,0,0,aud,D,27,1,3D,1D,1,0,b,2.27513610000005,1,0,1,1,3D,1D,D31,3.43398720448515,0.99984857527061,0.00601030260487156,0.5,0.0125970969637053,0.000219221867561632,0.995848459573787,0.5,0.0125970969637053,0.0125970969637053,0.0125970969637053,0.886179173111544,0.000317373703825985,0.5,0.345368669361832,0.00870128523235369,0.999780778132438,0.743248848664971,0.256751151335029,0.999780778132438,0.345368669361832,0.167790648956837,0.639572600076605,0.000219221867561625,6.77971381720767e-05,0.345368669361832,-0.336667384129478,CBCbothPairsRW,CBCdriftDiffusionLR,0.5,0.309262661276336,0.974805806072589,0.605685817855935,0.481778545411526,2.43270836925502,0.5,74.9167694050307
CBC_1142,CBC_1142_MSI_AV_v3_Vset4_Aset2_2024-11-06_15h03.57.589.csv,2,17,0,1,z,0,1,2,aud,B,63,1,0B,1B,0,1,b,2.28794409999955,1,0,0,0,0B,1B,B01,2.77258872223978,0.99984857527061,0.00601030260487156,0.5,0.0125970969637053,0.000219221867561632,0.995848459573787,0.5,0.0125970969637053,0.0125970969637053,0.0125970969637053,0.886179173111544,0.000317373703825985,0.5,0.00870128523235369,0.00870128523235369,0.99984857527061,0.000220087321018597,0.999779912678981,0.000219221867561632,0.995848459573787,0.0599515024585062,0.237163114624313,-0.000219221867561632,-6.77971381720789e-05,-0.0041515404262128,0.00404694571161731,CBCbothPairsRW,CBCdriftDiffusionLR,0.5,0.309262661276336,0.974805806072589,0.605685817855935,0.481778545411526,2.43270836925502,0.5,74.9167694050307
CBC_1142,CBC_1142_MSI_AV_v3_Vset4_Aset2_2024-11-06_15h03.57.589.csv,2,18,2,3,b,1,0,1,aud,C,63,0,2C,3C,0,1,b,2.59193789999972,1,0,1,0,2C,3C,C23,3.49650756146648,0.99984857527061,0.00601030260487156,0.5,0.0125970969637053,0.000151424729389553,0.999895405285405,0.5,0.0125970969637053,0.0125970969637053,0.0125970969637053,0.886179173111544,0.000317373703825985,0.5,0.00870128523235369,0.00870128523235369,0.99984857527061,0.99964199104332,0.000358008956680216,0.886179173111544,0.000317373703825985,0.144619869375612,0.764164041319977,-0.886179173111544,-0.274062129444139,-0.999682626296174,0.974496428343405,CBCbothPairsRW,CBCdriftDiffusionLR,0.5,0.309262661276336,0.974805806072589,0.605685817855935,0.481778545411526,2.43270836925502,0.5,74.9167694050307
CBC_1142,CBC_1142_MSI_AV_v3_Vset4_Aset2_2024-11-06_15h03.57.589.csv,2,19,2,0,z,0,1,3,aud,A,27,1,2A,0A,0,1,b,1.40316539999912,1,0,0,0,2A,0A,A20,3.52636052461616,0.99984857527061,0.00601030260487156,0.5,0.0125970969637053,0.000151424729389553,0.999895405285405,0.5,0.0125970969637053,0.0125970969637053,0.0125970969637053,0.612117043667405,0.974813802047231,0.5,0.00870128523235369,0.00870128523235369,0.99984857527061,0.333366986670496,0.666633013329504,0.5,0.99984857527061,0.218779719381169,0.403111311608248,-0.5,-0.154631330638168,-0.00015142472938956,0.000147609705391914,CBCbothPairsRW,CBCdriftDiffusionLR,0.5,0.309262661276336,0.974805806072589,0.605685817855935,0.481778545411526,2.43270836925502,0.5,74.9167694050307
CBC_1142,CBC_1142_MSI_AV_v3_Vset4_Aset2_2024-11-06_15h03.57.589.csv,2,20,3,2,b,1,0,0,aud,D,63,1,3D,2D,1,0,b,1.90537289999884,1,0,1,1,3D,2D,D32,2.4567357728213,0.999996184976002,0.00601030260487156,0.345368669361832,0.0125970969637053,0.000151424729389553,0.999895405285405,0.5,0.0125970969637053,0.0125970969637053,0.0125970969637053,0.612117043667405,0.974813802047231,0.5,0.00870128523235369,0.00870128523235369,0.99984857527061,0.991372478869796,0.00862752113020407,0.99984857527061,0.00870128523235369,0.275930825921276,0.75962772035937,0.00015142472938956,4.68300147940643e-05,0.00870128523235369,-0.00848206336479206,CBCbothPairsRW,CBCdriftDiffusionLR,0.5,0.309262661276336,0.974805806072589,0.605685817855935,0.481778545411526,2.43270836925502,0.5,74.9167694050307
CBC_1142,CBC_1142_MSI_AV_v3_Vset4_Aset2_2024-11-06_15h03.57.589.csv,2,21,3,1,z,0,1,2,aud,B,27,1,3B,1B,0,1,z,2.15279109999938,0,1,1,1,1B,3B,B31,3.58351893845611,0.999996184976002,0.00601030260487156,0.345368669361832,0.0125970969637053,0.000151424729389553,0.999895405285405,0.5,0.0125970969637053,0.0125970969637053,0.0125970969637053,0.612117043667405,0.974813802047231,0.5,0.00870128523235369,0.000219221867561632,0.999895405285405,0.987558330619019,0.0124416693809807,0.999895405285405,0.0125970969637053,0.218004571983231,0.757743321943724,0.000104594714595452,3.23472397912282e-05,0.0125970969637053,-0.0122797232598793,CBCbothPairsRW,CBCdriftDiffusionLR,0.5,0.309262661276336,0.974805806072589,0.605685817855935,0.481778545411526,2.43270836925502,0.5,74.9167694050307
CBC_1142,CBC_1142_MSI_AV_v3_Vset4_Aset2_2024-11-06_15h03.57.589.csv,2,22,3,2,z,0,1,1,aud,C,63,1,3C,2C,0,1,z,2.94045899999946,0,1,1,1,2C,3C,C32,2.51230562397611,0.999996184976002,0.00601030260487156,0.345368669361832,0.0125970969637053,0.000151424729389553,0.999927752525196,0.5,0.000317373703825985,0.0125970969637053,0.0125970969637053,0.612117043667405,0.974813802047231,0.5,0.00870128523235369,0.000219221867561632,0.999895405285405,0.385723829945314,0.614276170054686,0.612117043667405,0.974813802047231,0.0652423265923503,0.432855532924246,0.387882956332595,0.119957715339151,0.974813802047231,-0.950254154075337,CBCbothPairsRW,CBCdriftDiffusionLR,0.5,0.309262661276336,0.974805806072589,0.605685817855935,0.481778545411526,2.43270836925502,0.5,74.9167694050307
CBC_1142,CBC_1142_MSI_AV_v3_Vset4_Aset2_2024-11-06_15h03.57.589.csv,2,23,0,1,b,1,0,3,aud,A,63,1,0A,1A,1,0,b,2.54087339999933,1,0,1,1,0A,1A,A01,2.53897387105828,0.999996184976002,0.00601030260487156,0.345368669361832,0.0125970969637053,0.000151424729389553,0.999927752525196,0.5,0.000317373703825985,0.0125970969637053,0.0125970969637053,0.732074759006556,0.0245596479718942,0.5,0.00870128523235369,0.000219221867561632,0.999895405285405,0.994025582658692,0.00597441734130804,0.999996184976002,0.00601030260487156,0.151464238053252,0.760654804219918,3.81502399759981e-06,1.1798444743308e-06,0.00601030260487156,-0.00585887787548201,CBCbothPairsRW,CBCdriftDiffusionLR,0.5,0.309262661276336,0.974805806072589,0.605685817855935,0.481778545411526,2.43270836925502,0.5,74.9167694050307
CBC_1142,CBC_1142_MSI_AV_v3_Vset4_Aset2_2024-11-06_15h03.57.589.csv,2,24,2,1,z,0,1,2,aud,B,9,1,2B,1B,0,1,b,1.11421969999992,1,0,0,0,2B,1B,B21,3.66356164612965,0.999997364820477,0.000151424729389555,0.345368669361832,0.0125970969637053,0.000151424729389553,0.999927752525196,0.5,0.000317373703825985,0.0125970969637053,0.0125970969637053,0.732074759006556,0.0245596479718942,0.5,0.00870128523235369,0.000219221867561632,0.999895405285405,0.33334938910106,0.66665061089894,0.5,0.999927752525196,0.255015363717811,0.403069879401584,-0.5,-0.154631330638168,-7.22474748042767e-05,7.04272579132921e-05,CBCbothPairsRW,CBCdriftDiffusionLR,0.5,0.309262661276336,0.974805806072589,0.605685817855935,0.481778545411526,2.43270836925502,0.5,74.9167694050307
CBC_1142,CBC_1142_MSI_AV_v3_Vset4_Aset2_2024-11-06_15h03.57.589.csv,2,25,2,3,b,1,0,1,aud,C,63,1,2C,3C,1,0,b,1.1325786999987,1,0,1,1,2C,3C,C23,2.99573227355399,0.999997364820477,0.000151424729389555,0.345368669361832,0.0125970969637053,0.000151424729389553,0.999998179783109,0.345368669361832,0.000317373703825985,0.0125970969637053,0.0125970969637053,0.732074759006556,0.0245596479718942,0.5,0.00870128523235369,0.000219221867561632,0.999895405285405,0.967540931597374,0.0324590684026265,0.732074759006556,0.0245596479718942,0.510106420857363,0.748726738969061,0.267925240993444,0.0828592730527361,0.0245596479718942,-0.0239408874381014,CBCbothPairsRW,CBCdriftDiffusionLR,0.5,0.309262661276336,0.974805806072589,0.605685817855935,0.481778545411526,2.43270836925502,0.5,74.9167694050307
CBC_1142,CBC_1142_MSI_AV_v3_Vset4_Aset2_2024-11-06_15h03.57.589.csv,2,26,2,3,z,0,1,0,aud,D,63,1,2D,3D,0,1,z,1.58345909999935,0,1,1,1,3D,2D,D23,3.71357206670431,0.999997364820477,0.000151424729389555,0.345368669361832,0.0125970969637053,0.000151424729389553,0.999998179783109,0.345368669361832,0.000317373703825985,0.0125970969637053,0.0125970969637053,0.814934032059292,0.000618760533792839,0.5,0.00870128523235369,0.000219221867561632,0.999895405285405,0.999780803258337,0.000219196741663196,0.999895405285405,0.000219221867561632,0.375267505764534,0.763726681241043,0.000104594714595452,3.23472397912282e-05,0.000219221867561625,-0.000213698749317149,CBCbothPairsRW,CBCdriftDiffusionLR,0.5,0.309262661276336,0.974805806072589,0.605685817855935,0.481778545411526,2.43270836925502,0.5,74.9167694050307
CBC_1142,CBC_1142_MSI_AV_v3_Vset4_Aset2_2024-11-06_15h03.57.589.csv,2,27,0,1,z,0,1,2,aud,B,63,1,0B,1B,0,1,b,2.27871639999921,1,0,0,0,0B,1B,B01,2.63905732961526,0.999997364820477,0.000151424729389555,0.345368669361832,0.0125970969637053,0.000151424729389553,0.999998179783109,0.345368669361832,0.000317373703825985,0.0125970969637053,0.0125970969637053,0.814934032059292,0.000618760533792839,0.5,0.00870128523235369,5.52311824448363e-06,0.999927752525196,0.00015140207895534,0.999848597921045,0.000151424729389553,0.999998179783109,0.0601916849467515,0.236128951279506,-0.000151424729389553,-4.68300147940623e-05,-1.82021689099088e-06,1.77435799364931e-06,CBCbothPairsRW,CBCdriftDiffusionLR,0.5,0.309262661276336,0.974805806072589,0.605685817855935,0.481778545411526,2.43270836925502,0.5,74.9167694050307
CBC_1142,CBC_1142_MSI_AV_v3_Vset4_Aset2_2024-11-06_15h03.57.589.csv,2,28,0,2,b,1,0,3,aud,A,27,1,0A,2A,1,0,b,1.85954109999966,1,0,1,1,0A,2A,A02,3.76120011569356,0.999997364820477,0.000151424729389555,0.345368669361832,0.0125970969637053,0.000104594714595491,0.999999954141103,0.345368669361832,0.000317373703825985,0.0125970969637053,0.0125970969637053,0.814934032059292,0.000618760533792839,0.5,0.00870128523235369,5.52311824448363e-06,0.999927752525196,0.743290182309574,0.256709817690426,0.999997364820477,0.345368669361832,0.239658508178154,0.638999968755055,2.6351795232582e-06,8.14962632303738e-07,0.345368669361832,-0.336667384129478,CBCbothPairsRW,CBCdriftDiffusionLR,0.5,0.309262661276336,0.974805806072589,0.605685817855935,0.481778545411526,2.43270836925502,0.5,74.9167694050307
CBC_1142,CBC_1142_MSI_AV_v3_Vset4_Aset2_2024-11-06_15h03.57.589.csv,2,29,1,3,z,0,1,0,aud,D,27,1,1D,3D,0,1,z,2.3052361,0,1,1,1,3D,1D,D13,3.09104245335832,0.999998179783109,0.000151424729389555,0.00870128523235369,0.0125970969637053,0.000104594714595491,0.999999954141103,0.345368669361832,0.000317373703825985,0.0125970969637053,0.0125970969637053,0.814934032059292,0.000618760533792839,0.5,0.00870128523235369,5.52311824448363e-06,0.999927752525196,0.991373156129136,0.00862684387086353,0.999927752525196,0.00870128523235369,0.18917177426802,0.759822967013392,7.22474748042767e-05,2.23434463284657e-05,0.00870128523235369,-0.00848206336479206,CBCbothPairsRW,CBCdriftDiffusionLR,0.5,0.309262661276336,0.974805806072589,0.605685817855935,0.481778545411526,2.43270836925502,0.5,74.9167694050307
CBC_1142,CBC_1142_MSI_AV_v3_Vset4_Aset2_2024-11-06_15h03.57.589.csv,2,30,1,0,z,0,1,3,aud,A,63,1,1A,0A,0,1,b,1.7954637999992,1,0,0,0,1A,0A,A10,3.11351530921037,0.999998179783109,0.000151424729389555,0.00870128523235369,0.0125970969637053,0.000104594714595491,0.999999954141103,0.345368669361832,0.000317373703825985,0.0125970969637053,0.0125970969637053,0.814934032059292,0.000618760533792839,0.5,0.000219221867561632,5.52311824448363e-06,0.999950095971524,0.000151402078955341,0.999848597921045,0.000151424729389555,0.999998179783109,0.0952634095119191,0.236350766982887,-0.000151424729389555,-4.68300147940627e-05,-1.82021689099088e-06,1.77435799364931e-06,CBCbothPairsRW,CBCdriftDiffusionLR,0.5,0.309262661276336,0.974805806072589,0.605685817855935,0.481778545411526,2.43270836925502,0.5,74.9167694050307
CBC_1142,CBC_1142_MSI_AV_v3_Vset4_Aset2_2024-11-06_15h03.57.589.csv,2,31,2,0,b,1,0,1,aud,C,27,1,2C,0C,1,0,b,2.55016309999974,1,0,1,1,2C,0C,C20,3.8286413964891,0.999999954141103,0.000104594714595492,0.00870128523235369,0.0125970969637053,0.000104594714595491,0.999999954141103,0.345368669361832,0.000317373703825985,0.0125970969637053,0.0125970969637053,0.814934032059292,0.000618760533792839,0.5,0.000219221867561632,5.52311824448363e-06,0.999950095971524,0.984777494740799,0.0152225052592012,0.814934032059292,0.0125970969637053,0.149779631442684,0.757108236278783,0.185065967940708,0.0572339937570244,0.0125970969637053,-0.0122797232598793,CBCbothPairsRW,CBCdriftDiffusionLR,0.5,0.309262661276336,0.974805806072589,0.605685817855935,0.481778545411526,2.43270836925502,0.5,74.9167694050307
CBC_1142,CBC_1142_MSI_AV_v3_Vset4_Aset2_2024-11-06_15h03.57.589.csv,2,32,2,3,z,0,1,0,aud,D,63,1,2D,3D,0,1,z,1.23255569999947,0,1,1,1,3D,2D,D23,3.15700042115011,0.999999954141103,0.000104594714595492,0.00870128523235369,0.0125970969637053,0.000104594714595491,0.999999954141103,0.345368669361832,0.000317373703825985,0.000317373703825985,0.0125970969637053,0.872168025816317,0.000618760533792839,0.5,0.000219221867561632,5.52311824448363e-06,0.999950095971524,0.999994476636624,5.52336337637781e-06,0.999950095971524,5.52311824448363e-06,0.50216098336323,0.763886499477846,4.99040284758223e-05,1.54334526548429e-05,5.52311824453255e-06,-5.38396773239578e-06,CBCbothPairsRW,CBCdriftDiffusionLR,0.5,0.309262661276336,0.974805806072589,0.605685817855935,0.481778545411526,2.43270836925502,0.5,74.9167694050307
CBC_1142,CBC_1142_MSI_AV_v3_Vset4_Aset2_2024-11-06_15h03.57.589.csv,2,33,1,0,b,1,0,2,aud,B,63,1,1B,0B,1,0,b,1.5206019999996,1,0,1,1,1B,0B,B10,2.77258872223978,0.999999954141103,0.000104594714595492,0.00870128523235369,0.0125970969637053,0.000104594714595491,0.999999954141103,0.345368669361832,0.000317373703825985,0.000317373703825985,0.0125970969637053,0.872168025816317,0.000618760533792839,0.5,0.000219221867561632,1.39150512087848e-07,0.999965529424179,0.999895416219519,0.000104583780480917,0.999999954141103,0.000104594714595491,0.396969371608936,0.763050708392962,4.58588973462071e-08,1.41824446364863e-08,0.000104594714595452,-0.000101959535072152,CBCbothPairsRW,CBCdriftDiffusionLR,0.5,0.309262661276336,0.974805806072589,0.605685817855935,0.481778545411526,2.43270836925502,0.5,74.9167694050307
CBC_1142,CBC_1142_MSI_AV_v3_Vset4_Aset2_2024-11-06_15h03.57.589.csv,2,34,0,1,b,1,0,3,aud,A,63,1,0A,1A,1,0,z,1.59582449999925,0,1,0,0,1A,0A,A01,2.50552593699074,0.999999954141103,0.000104594714595492,0.00870128523235369,0.0125970969637053,2.63517952333927e-06,0.999999968323547,0.345368669361832,0.000317373703825985,0.000317373703825985,0.0125970969637053,0.872168025816317,0.000618760533792839,0.5,0.000219221867561632,1.39150512087848e-07,0.999965529424179,0.000104583780480918,0.999895416219519,0.000104594714595492,0.999999954141103,0.115317143826307,0.237485658970333,-0.000104594714595492,-3.23472397912407e-05,-4.58588973462071e-08,4.47035193931695e-08,CBCbothPairsRW,CBCdriftDiffusionLR,0.5,0.309262661276336,0.974805806072589,0.605685817855935,0.481778545411526,2.43270836925502,0.5,74.9167694050307
CBC_1142,CBC_1142_MSI_AV_v3_Vset4_Aset2_2024-11-06_15h03.57.589.csv,2,35,2,3,z,0,1,0,aud,D,63,0,2D,3D,1,0,z,1.61541059999945,0,1,1,0,3D,2D,D23,2.81341071676004,0.999999998844622,7.22474748042513e-05,0.00870128523235369,0.0125970969637053,2.63517952333927e-06,0.999999968323547,0.345368669361832,0.000317373703825985,0.000317373703825985,0.0125970969637053,0.872168025816317,0.000618760533792839,0.5,0.000219221867561632,1.39150512087848e-07,0.999965529424179,0.99999986084471,1.39155289487275e-07,0.999965529424179,1.39150512087848e-07,0.364263154803186,0.763573897696725,-0.999965529424179,-0.309252000814322,-0.999999860849488,0.974805670427862,CBCbothPairsRW,CBCdriftDiffusionLR,0.5,0.309262661276336,0.974805806072589,0.605685817855935,0.481778545411526,2.43270836925502,0.5,74.9167694050307
CBC_1142,CBC_1142_MSI_AV_v3_Vset4_Aset2_2024-11-06_15h03.57.589.csv,2,36,2,0,b,1,0,1,aud,C,27,1,2C,0C,1,0,b,0.729240699998627,1,0,1,1,2C,0C,C20,3.23867845216438,0.999999998844622,7.22474748042513e-05,0.00870128523235369,0.0125970969637053,2.63517952333927e-06,0.999999968323547,0.345368669361832,0.000317373703825985,0.000317373703825985,0.0125970969637053,0.872168025816317,0.000618760533792839,0.5,0.000219221867561632,0.974805809578374,0.690713528609857,0.999636241816768,0.000363758183232105,0.872168025816317,0.000317373703825985,0.0496687207258739,0.763401187476817,0.127831974183683,0.0395336565322538,0.000317373703826007,-0.000309377729184354,CBCbothPairsRW,CBCdriftDiffusionLR,0.5,0.309262661276336,0.974805806072589,0.605685817855935,0.481778545411526,2.43270836925502,0.5,74.9167694050307
CBC_1142,CBC_1142_MSI_AV_v3_Vset4_Aset2_2024-11-06_15h03.57.589.csv,2,37,0,1,b,1,0,3,aud,A,63,1,0A,1A,1,0,z,1.75699109999914,0,1,0,0,1A,0A,A01,2.34180580614733,0.999999998844622,7.22474748042513e-05,0.00870128523235369,0.0125970969637053,2.63517952333927e-06,0.999999968323547,0.345368669361832,0.000317373703825985,7.99597464163043e-06,0.0125970969637053,0.91170168234857,0.000618760533792839,0.5,0.000219221867561632,0.974805809578374,0.690713528609857,7.22422555671795e-05,0.999927757744433,7.22474748042513e-05,0.999999998844622,0.0988124503289365,0.236435182524236,-7.22474748042513e-05,-2.23434463284578e-05,-1.15537790446041e-09,1.12626908947599e-09,CBCbothPairsRW,CBCdriftDiffusionLR,0.5,0.309262661276336,0.974805806072589,0.605685817855935,0.481778545411526,2.43270836925502,0.5,74.9167694050307
CBC_1142,CBC_1142_MSI_AV_v3_Vset4_Aset2_2024-11-06_15h03.57.589.csv,2,38,1,3,b,1,0,2,aud,B,27,1,1B,3B,1,0,b,2.15477049999936,1,0,1,1,1B,3B,B13,3.27714473299218,0.999999999970891,4.99040284757935e-05,0.00870128523235369,0.0125970969637053,2.63517952333927e-06,0.999999968323547,0.345368669361832,0.000317373703825985,7.99597464163043e-06,0.0125970969637053,0.91170168234857,0.000618760533792839,0.5,0.000219221867561632,0.974805809578374,0.690713528609857,0.999682726980237,0.000317273019762662,0.999999968323547,0.000317373703825985,0.218856209700181,0.763056713919771,3.16764526830937e-08,9.7963440565675e-09,0.000317373703826007,-0.000309377729184354,CBCbothPairsRW,CBCdriftDiffusionLR,0.5,0.309262661276336,0.974805806072589,0.605685817855935,0.481778545411526,2.43270836925502,0.5,74.9167694050307
CBC_1142,CBC_1142_MSI_AV_v3_Vset4_Aset2_2024-11-06_15h03.57.589.csv,2,39,3,2,z,0,1,1,aud,C,63,1,3C,2C,0,1,z,1.47675939999954,0,1,1,1,2C,3C,C32,2.60268968544438,0.999999999970891,4.99040284757935e-05,0.00870128523235369,0.0125970969637053,2.63517952333927e-06,0.999999978119891,0.345368669361832,7.99597464163043e-06,7.99597464163043e-06,0.0125970969637053,0.91170168234857,0.000618760533792839,0.5,0.000219221867561632,0.974805809578374,0.690713528609857,0.999321772806232,0.000678227193767512,0.91170168234857,0.000618760533792839,0.412592119807539,0.762649453375514,0.0882983176514296,0.0273073727031044,0.000618760533792839,-0.000603171360909834,CBCbothPairsRW,CBCdriftDiffusionLR,0.5,0.309262661276336,0.974805806072589,0.605685817855935,0.481778545411526,2.43270836925502,0.5,74.9167694050307
CBC_1142,CBC_1142_MSI_AV_v3_Vset4_Aset2_2024-11-06_15h03.57.589.csv,2,40,3,2,b,1,0,0,aud,D,63,1,3D,2D,1,0,b,1.4271921999989,1,0,1,1,3D,2D,D32,2.62103882411258,0.999999999970891,4.99040284757935e-05,0.00870128523235369,0.0125970969637053,2.63517952333927e-06,0.999999978119891,0.345368669361832,7.99597464163043e-06,7.99597464163043e-06,0.0125970969637053,0.939009055051675,1.55891728830049e-05,0.5,0.000219221867561632,0.974805809578374,0.690713528609857,0.414713604803426,0.585286395196574,0.690713528609857,0.974805809578374,0.238335359919317,0.449969500499122,0.309286471390143,0.095650757238883,0.974805809578374,-0.950246362970291,CBCbothPairsRW,CBCdriftDiffusionLR,0.5,0.309262661276336,0.974805806072589,0.605685817855935,0.481778545411526,2.43270836925502,0.5,74.9167694050307
CBC_1142,CBC_1142_MSI_AV_v3_Vset4_Aset2_2024-11-06_15h03.57.589.csv,2,41,0,1,z,0,1,2,aud,B,63,1,0B,1B,0,1,b,1.58999409999979,1,0,0,0,0B,1B,B01,2.63905732961526,0.999999999970891,4.99040284757935e-05,0.00870128523235369,0.0125970969637053,2.63517952333927e-06,0.999999978119891,0.345368669361832,7.99597464163043e-06,7.99597464163043e-06,0.0125970969637053,0.939009055051675,1.55891728830049e-05,0.5,0.000219221867561632,0.024559446608084,0.78636428584874,2.63517263684416e-06,0.999997364827363,2.63517952333927e-06,0.999999978119891,0.115527638802384,0.236562071814576,-2.63517952333927e-06,-8.1496263232881e-07,-2.18801086138143e-08,2.1328856914245e-08,CBCbothPairsRW,CBCdriftDiffusionLR,0.5,0.309262661276336,0.974805806072589,0.605685817855935,0.481778545411526,2.43270836925502,0.5,74.9167694050307
CBC_1142,CBC_1142_MSI_AV_v3_Vset4_Aset2_2024-11-06_15h03.57.589.csv,2,42,2,0,z,0,1,3,aud,A,27,1,2A,0A,0,1,z,1.20450699999947,0,1,1,1,0A,2A,A20,3.3499040872746,0.999999999970891,4.99040284757935e-05,0.00870128523235369,0.0125970969637053,1.82021689101046e-06,0.999999999448748,0.345368669361832,7.99597464163043e-06,7.99597464163043e-06,0.0125970969637053,0.939009055051675,1.55891728830049e-05,0.5,0.000219221867561632,0.024559446608084,0.78636428584874,0.991373774020125,0.00862622597987516,0.999999999970891,0.00870128523235369,0.506488306067044,0.760014615792913,2.91088264603445e-11,9.00227313775717e-12,0.00870128523235369,-0.00848206336479206,CBCbothPairsRW,CBCdriftDiffusionLR,0.5,0.309262661276336,0.974805806072589,0.605685817855935,0.481778545411526,2.43270836925502,0.5,74.9167694050307
CBC_1142,CBC_1142_MSI_AV_v3_Vset4_Aset2_2024-11-06_15h03.57.589.csv,2,43,3,0,b,1,0,0,aud,D,9,1,3D,0D,1,0,b,2.93243299999995,1,0,1,1,3D,0D,D30,4.06044301054642,0.999999999979893,4.99040284757935e-05,0.000219221867561632,0.0125970969637053,1.82021689101046e-06,0.999999999448748,0.345368669361832,7.99597464163043e-06,7.99597464163043e-06,0.0125970969637053,0.939009055051675,1.55891728830049e-05,0.5,0.000219221867561632,0.024559446608084,0.78636428584874,0.611307616745515,0.388692383254485,0.78636428584874,0.5,0.0857174743340857,0.564659210424172,0.21363571415126,0.0660695495020893,0.5,-0.487402903036295,CBCbothPairsRW,CBCdriftDiffusionLR,0.5,0.309262661276336,0.974805806072589,0.605685817855935,0.481778545411526,2.43270836925502,0.5,74.9167694050307
CBC_1142,CBC_1142_MSI_AV_v3_Vset4_Aset2_2024-11-06_15h03.57.589.csv,2,44,3,2,z,0,1,1,aud,C,63,1,3C,2C,NaN,NaN,[],NaN,NaN,NaN,NaN,NaN,,,C32,2.46809953147162,0.999999999979893,4.99040284757935e-05,0.000219221867561632,0.0125970969637053,1.82021689101046e-06,0.999999999448748,0.345368669361832,7.99597464163043e-06,7.99597464163043e-06,0.0125970969637053,0.939009055051675,1.55891728830049e-05,0.0125970969637053,0.000219221867561632,0.024559446608084,0.852433835350829,0,0,0,0,NaN,0,0,0,0,0,CBCbothPairsRW,CBCdriftDiffusionLR,0.5,0.309262661276336,0.974805806072589,0.605685817855935,0.481778545411526,2.43270836925502,0.5,74.9167694050307
