"ID";"session";"tsDifficulty";"prob.Feedback";"ACC";"minACC";"maxACC";"RT";"minRT";"maxRT";"omissions";"outliers";"idxOmission";"idxOutlier";"modality";"stimType";"logfile"
"CBC_1001";"1";"hard";"0,80";"0,880952380952381";"0,333333333333333";"1,000000000000000";"2,13777930714290";"1,14921000000003914";"3,77247699999998";"0,0454545454545455";"0,0000000000000000";;;"av";"env";"CBC_1001_MSI_AV_v3_Vset4_Aset2_2023-06-08_11h37.59.527.csv"
"CBC_1001";"2";"hard";"0,90";"0,642857142857143";"0,428571428571429";"1,000000000000000";"2,56938453809542";"1,47302500000068903";"4,16821710000067";"0,0454545454545455";"0,0000000000000000";;;"tv";"vib";"CBC_1001_MSI_TV_v3_Vset1_Tset1_2023-06-08_11h53.34.814.csv"
"CBC_1001";"3";"hard";"0,80";"0,883720930232558";"0,000000000000000";"0,883720930232558";"2,33722903953536";"1,55913200000122742";"3,53284429999985";"0,0227272727272727";"0,0000000000000000";;;"av";"env";"CBC_1001_MSI_AV_v3_Vset6_Aset1_2023-06-08_12h45.15.645.csv"
"CBC_1001";"4";"hard";"0,90";"0,977272727272727";"0,972972972972973";"1,000000000000000";"1,99323925909103";"1,13351109999985056";"2,72951120000016";"0,0000000000000000";"0,0000000000000000";;;"tv";"vib";"CBC_1001_MSI_TV_v3_Vset3_Tset2_2023-06-08_12h53.37.433.csv"
"CBC_1002";"1";"hard";"0,95";"0,682926829268293";"0,000000000000000";"0,700000000000000";"2,66642787560899";"2,24819369999931951";"5,34719419999965";"0,0681818181818182";"0,0243902439024390";;;"tv";"vib";"CBC_1002_MSI_TV_v3_Vset1_Tset3_2023-05-31_16h13.57.205.csv"
"CBC_1002";"2";"hard";"0,95";"0,578947368421053";"0,000000000000000";"0,578947368421053";"2,49428667368394";"1,45364659999904688";"3,79878160000044";"0,1363636363636364";"0,0000000000000000";;;"av";"env";"CBC_1002_MSI_AV_v3_Vset4_Aset2_2023-05-31_16h22.12.197.csv"
"CBC_1002";"3";"hard";"0,95";"0,636363636363636";"0,000000000000000";"0,833333333333333";"2,11367830000117";"1,12728930000230321";"3,31804630000079";"0,0000000000000000";"0,0000000000000000";;;"tv";"vib";"CBC_1002_MSI_TV_v3_Vset6_Tset1_2023-05-31_17h12.40.954.csv"
"CBC_1002";"4";"hard";"0,95";"0,883720930232558";"0,500000000000000";"1,000000000000000";"1,66785602790832";"0,85330250000151864";"3,10125650000191";"0,0227272727272727";"0,0000000000000000";;;"av";"env";"CBC_1002_MSI_AV_v3_Vset3_Aset1_2023-05-31_17h20.54.856.csv"
"CBC_1003";"1";"hard";"0,80";"0,500000000000000";"0,400000000000000";"1,000000000000000";"2,17934005500016";"0,59910489999992933";"4,24118630000021";"0,0909090909090909";"0,0000000000000000";;;"av";"env";"CBC_1003_MSI_AV_v3_Vset4_Aset3_2023-06-14_14h56.33.053.csv"
"CBC_1003";"3";"hard";"0,95";"0,675000000000000";"0,657894736842105";"1,000000000000000";"2,22985396000013";"0,83969769999930577";"5,34942330000013";"0,0909090909090909";"0,0250000000000000";;;"tv";"vib";"CBC_1003_MSI_TV_v3_Vset5_Tset3_2023-06-14_16h21.52.910.csv"
"CBC_1005";"1";"easy";"0,95";"0,395348837209302";"0,000000000000000";"0,666666666666667";"2,62987457441840";"1,67739559999972698";"5,27325980000023";"0,0227272727272727";"0,0232558139534884";;;"av";"env";"CBC_1005_MSI_AV_v3_Vset5_Aset2_2023-06-03_12h46.50.942.csv"
"CBC_1005";"2";"hard";"0,90";"0,488372093023256";"0,444444444444444";"1,000000000000000";"2,81159566046467";"1,92301380000026256";"3,84742909999841";"0,0227272727272727";"0,0000000000000000";;;"tv";"vib";"CBC_1005_MSI_TV_v3_Vset2_Tset1_2023-06-03_12h55.30.379.csv"
"CBC_1005";"3";"easy";"0,95";"0,609756097560976";"0,250000000000000";"1,000000000000000";"2,76851350243904";"0,42905450000034762";"3,88092140000117";"0,0681818181818182";"0,0243902439024390";;;"av";"env";"CBC_1005_MSI_AV_v3_Vset6_Aset3_2023-06-03_14h15.22.631.csv"
"CBC_1005";"4";"hard";"0,95";"0,750000000000000";"0,000000000000000";"0,781250000000000";"2,49168886136241";"1,28372919999856094";"3,20414059999894";"0,0000000000000000";"0,0000000000000000";;;"tv";"vib";"CBC_1005_MSI_TV_v3_Vset3_Tset2_2023-06-03_14h23.46.710.csv"
"CBC_1006";"1";"hard";"0,95";"0,720930232558139";"0,000000000000000";"0,720930232558139";"2,33068871395301";"1,25560809999933554";"3,38084520000029";"0,0227272727272727";"0,0000000000000000";;;"av";"env";"CBC_1006_MSI_AV_v3_Vset1_Aset3_2023-06-03_11h59.24.512.csv"
"CBC_1006";"2";"hard";"0,90";"0,571428571428571";"0,000000000000000";"0,666666666666667";"2,44037947142916";"1,07595330000094691";"3,27190340000107";"0,0454545454545455";"0,0000000000000000";;;"tv";"vib";"CBC_1006_MSI_TV_v3_Vset4_Tset3_2023-06-03_12h08.01.236.csv"
"CBC_1006";"3";"hard";"0,95";"0,581395348837209";"0,000000000000000";"0,581395348837209";"2,34475260697624";"1,24754770000072313";"3,92732109999815";"0,0227272727272727";"0,0000000000000000";;;"av";"env";"CBC_1006_MSI_AV_v3_Vset2_Aset2_2023-06-03_13h33.59.045.csv"
"CBC_1006";"4";"hard";"0,95";"0,595238095238095";"0,000000000000000";"0,800000000000000";"2,63914500238211";"1,49751140000080341";"3,86936760000208";"0,0454545454545455";"0,0000000000000000";;;"tv";"vib";"CBC_1006_MSI_TV_v3_Vset5_Tset1_2023-06-03_13h42.16.778.csv"
"CBC_1007";"3";"hard";"0,90";"0,813953488372093";"0,000000000000000";"0,813953488372093";"1,76047111395362";"0,98273379999955068";"3,50904509999964";"0,0227272727272727";"0,0232558139534884";;;"av";"env";"CBC_1007_MSI_AV_v3_Vset2_Aset1_2023-06-21_15h59.48.192.csv"
"CBC_1007";"4";"easy";"0,95";"0,931818181818182";"0,750000000000000";"1,000000000000000";"2,28289347727257";"1,11930349999965983";"3,89634430000115";"0,0000000000000000";"0,0000000000000000";;;"tv";"vib";"CBC_1007_MSI_TV_v3_Vset5_Tset1_2023-06-21_16h08.10.582.csv"
"CBC_1007";"5";"hard";"0,90";"0,931818181818182";"0,000000000000000";"0,931818181818182";"1,78375930681808";"0,99180969999906665";"3,43603809999877";"0,0000000000000000";"0,0000000000000000";;;"av";"env";"CBC_1007_MSI_AV_v3_Vset4_Aset2_2023-06-21_16h24.09.852.csv"
"CBC_1007";"6";"hard";"0,95";"0,906976744186046";"0,000000000000000";"0,906976744186046";"2,31333381162864";"1,51004510000166192";"3,34688420000020";"0,0227272727272727";"0,0000000000000000";;;"tv";"vib";"CBC_1007_MSI_TV_v3_Vset1_Tset3_2023-06-21_16h50.43.207.csv"
"CBC_1010";"1";"hard";"0,90";"0,795454545454545";"0,000000000000000";"0,833333333333333";"2,32238000908972";"1,08372399999825575";"3,52911209999911";"0,0000000000000000";"0,0227272727272727";;;"tv";"vib";"CBC_1010_MSI_TV_v3_Vset6_Tset3_2024-03-20_15h09.46.455.csv"
"CBC_1010";"3";"hard";"0,90";"0,704545454545455";"0,500000000000000";"1,000000000000000";"1,46696773636330";"0,84318359999997483";"2,48329569999987";"0,0000000000000000";"0,0000000000000000";;;"av";"env";"CBC_1010_MSI_AV_v3_Vset4_Aset1_2024-03-20_16h28.37.956.csv"
"CBC_1011";"2";"hard";"0,90";"0,829268292682927";"0,000000000000000";"0,857142857142857";"3,12971915365837";"2,49227319999954489";"4,84421179999936";"0,0681818181818182";"0,0243902439024390";;;"tv";"vib";"CBC_1011_MSI_TV_v3_Vset2_Tset3_2024-03-20_14h28.58.206.csv"
"CBC_1011";"3";"easy";"0,95";"0,904761904761905";"0,000000000000000";"0,904761904761905";"2,80120262381020";"2,12877070000104140";"4,00499740000123";"0,0454545454545455";"0,0000000000000000";;;"av";"env";"CBC_1011_MSI_AV_v3_Vset3_Aset2_2024-03-20_15h53.25.911.csv"
"CBC_1013";"1";"hard";"0,95";"0,704545454545455";"0,333333333333333";"1,000000000000000";"2,08328750681804";"1,06522469999981695";"3,63241629999902";"0,0000000000000000";"0,0000000000000000";;;"av";"env";"CBC_1013_MSI_AV_v3_Vset5_Aset2_2023-06-23_14h24.40.256.csv"
"CBC_1013";"3";"easy";"0,95";"0,522727272727273";"0,000000000000000";"0,750000000000000";"2,20987637954311";"1,28939169999648584";"3,08699239999623";"0,0000000000000000";"0,0000000000000000";;;"tv";"vib";"CBC_1013_MSI_TV_v3_Vset4_Tset2_2023-06-23_15h01.09.889.csv"
"CBC_1013";"4";"hard";"0,95";"0,840909090909091";"0,750000000000000";"1,000000000000000";"2,21839388409072";"1,05382739999913611";"3,61074789999839";"0,0000000000000000";"0,0000000000000000";;;"av";"env";"CBC_1013_MSI_AV_v3_Vset3_Aset1_2023-06-23_16h50.00.877.csv"
"CBC_1013";"5";"easy";"0,95";"0,590909090909091";"0,000000000000000";"0,666666666666667";"2,58663392045450";"1,42010609999852022";"3,88625640000100";"0,0000000000000000";"0,0000000000000000";;;"tv";"vib";"CBC_1013_MSI_TV_v3_Vset6_Tset3_2023-06-23_16h58.24.978.csv"
"CBC_1014";"1";"hard";"0,95";"0,595238095238095";"0,200000000000000";"1,000000000000000";"2,85191392142871";"1,32539670000005572";"4,35108949999994";"0,0454545454545455";"0,0238095238095238";;;"tv";"vib";"CBC_1014_MSI_TV_v3_Vset4_Tset3_2023-06-25_10h42.28.156.csv"
"CBC_1014";"3";"easy";"0,95";"0,465116279069767";"0,000000000000000";"0,545454545454545";"2,74367856278941";"2,25386509999952978";"4,21180119999735";"0,0227272727272727";"0,0232558139534884";;;"tv";"vib";"CBC_1014_MSI_TV_v3_Vset3_Tset1_2023-06-25_12h29.13.889.csv"
"CBC_1014";"4";"easy";"0,95";"0,727272727272727";"0,222222222222222";"1,000000000000000";"2,39576582045468";"0,27683570000044710";"3,93049980000069";"0,0000000000000000";"0,0000000000000000";;;"av";"env";"CBC_1014_MSI_AV_v3_Vset6_Aset3_2023-06-25_12h37.50.287.csv"
"CBC_1014";"5";"easy";"0,95";"0,585365853658537";"0,333333333333333";"1,000000000000000";"2,33380226341615";"0,53114120000100229";"3,12190960000225";"0,0681818181818182";"0,0243902439024390";;;"av";"env";"CBC_1014_MSI_AV_v3_Vset5_Aset2_2023-06-25_12h52.52.235.csv"
"CBC_1015";"1";"hard";"0,95";"0,930232558139535";"0,000000000000000";"0,930232558139535";"1,51653016046585";"0,79406519999974989";"2,92763870000090";"0,0227272727272727";"0,0000000000000000";;;"av";"env";"CBC_1015_MSI_AV_v3_Vset1_Aset2_2023-06-25_14h04.10.751.csv"
"CBC_1015";"2";"hard";"0,95";"0,767441860465116";"0,500000000000000";"1,000000000000000";"2,29380665348964";"1,04467970000223431";"4,17986789999850";"0,0227272727272727";"0,0000000000000000";;;"tv";"vib";"CBC_1015_MSI_TV_v3_Vset4_Tset3_2023-06-25_14h12.36.349.csv"
"CBC_1015";"3";"hard";"0,90";"0,930232558139535";"0,000000000000000";"0,930232558139535";"1,59589244418554";"0,83160539999880712";"2,79461349999838";"0,0227272727272727";"0,0000000000000000";;;"av";"env";"CBC_1015_MSI_AV_v3_Vset2_Aset3_2023-06-25_15h52.10.699.csv"
"CBC_1015";"4";"hard";"0,95";"0,581395348837209";"0,000000000000000";"0,600000000000000";"2,68519244186144";"1,19651920000251266";"5,06498989999818";"0,0227272727272727";"0,0232558139534884";;;"tv";"vib";"CBC_1015_MSI_TV_v3_Vset5_Tset2_2023-06-25_16h00.28.888.csv"
"CBC_1016";"1";"hard";"0,95";"0,772727272727273";"0,562500000000000";"1,000000000000000";"2,26377036363928";"1,11612090000562603";"3,30740410000362";"0,0000000000000000";"0,0000000000000000";;;"tv";"vib";"CBC_1016_MSI_TV_v3_Vset2_Tset3_2023-06-25_14h56.17.212.csv"
"CBC_1016";"3";"hard";"0,95";"0,909090909090909";"0,857142857142857";"1,000000000000000";"1,76617546818141";"0,83089649999965332";"2,73422829999981";"0,0000000000000000";"0,0000000000000000";;;"av";"env";"CBC_1016_MSI_AV_v3_Vset4_Aset1_2023-06-25_15h20.06.953.csv"
"CBC_1016";"4";"hard";"0,95";"0,727272727272727";"0,000000000000000";"0,777777777777778";"2,15399648636354";"1,02715769999849726";"3,49905380000200";"0,0000000000000000";"0,0000000000000000";;;"tv";"vib";"CBC_1016_MSI_TV_v3_Vset3_Tset2_2023-06-25_16h33.10.466.csv"
"CBC_1016";"5";"hard";"0,95";"0,886363636363636";"0,000000000000000";"0,909090909090909";"1,99099030681604";"0,96632279999903403";"3,03867339999852";"0,0000000000000000";"0,0000000000000000";;;"av";"env";"CBC_1016_MSI_AV_v3_Vset6_Aset3_2023-06-25_16h41.28.303.csv"
"CBC_1017";"2";"hard";"0,90";"0,931818181818182";"0,800000000000000";"1,000000000000000";"2,40572344545455";"1,34220339999997407";"4,23765849999997";"0,0000000000000000";"0,0227272727272727";;;"tv";"vib";"CBC_1017_MSI_TV_v3_Vset5_Tset1_2023-06-25_09h48.15.887.csv"
"CBC_1017";"3";"hard";"0,95";"0,909090909090909";"0,727272727272727";"1,000000000000000";"1,99483984772726";"1,13334820000000036";"3,29068979999988";"0,0000000000000000";"0,0000000000000000";;;"av";"env";"CBC_1017_MSI_AV_v3_Vset3_Aset3_2023-06-25_10h04.01.692.csv"
"CBC_1017";"4";"hard";"0,90";"0,863636363636364";"0,571428571428571";"1,000000000000000";"2,08061308409068";"0,87748139999985142";"3,78501349999988";"0,0000000000000000";"0,0000000000000000";;;"av";"env";"CBC_1017_MSI_AV_v3_Vset1_Aset2_2023-06-25_11h31.46.540.csv"
"CBC_1017";"6";"hard";"0,80";"0,750000000000000";"0,555555555555556";"1,000000000000000";"2,83008530681850";"1,41124640000089130";"4,88416520000010";"0,0000000000000000";"0,0000000000000000";;;"tv";"vib";"CBC_1017_MSI_TV_v3_Vset6_Tset2_2023-06-25_11h49.37.760.csv"
"CBC_1018";"1";"easy";"0,95";"0,558139534883721";"0,540540540540541";"1,000000000000000";"2,59258839999971";"1,01396279999971739";"4,87262280000004";"0,0227272727272727";"0,0000000000000000";;;"tv";"vib";"CBC_1018_MSI_TV_v3_Vset2_Tset2_2023-07-28_14h00.56.927.csv"
"CBC_1018";"2";"easy";"0,95";"0,547619047619048";"0,000000000000000";"0,600000000000000";"2,10359229047651";"0,96623480000062045";"3,92325270000038";"0,0454545454545455";"0,0000000000000000";;;"av";"env";"CBC_1018_MSI_AV_v3_Vset5_Aset3_2023-07-28_14h09.48.835.csv"
"CBC_1018";"3";"easy";"0,95";"0,500000000000000";"0,333333333333333";"1,000000000000000";"2,22159287619011";"1,06932949999918492";"4,20133159999932";"0,0454545454545455";"0,0000000000000000";;;"av";"env";"CBC_1018_MSI_AV_v3_Vset6_Aset2_2023-07-28_14h27.02.226.csv"
"CBC_1018";"4";"easy";"0,95";"0,558139534883721";"0,000000000000000";"0,606060606060606";"2,42908295116254";"0,56668340000032913";"4,63347969999995";"0,0227272727272727";"0,0000000000000000";;;"tv";"vib";"CBC_1018_MSI_TV_v3_Vset1_Tset3_2023-07-28_15h11.50.359.csv"
"CBC_1019";"1";"hard";"0,95";"0,818181818181818";"0,692307692307692";"1,000000000000000";"1,96742356590948";"1,01821670000026643";"3,91199170000073";"0,0000000000000000";"0,0000000000000000";;;"av";"env";"CBC_1019_MSI_AV_v3_Vset2_Aset1_2023-06-28_16h08.36.821.csv"
"CBC_1019";"2";"hard";"0,90";"0,744186046511628";"0,000000000000000";"0,744186046511628";"2,26033219534884";"1,14783890000000000";"3,78075090000000";"0,0227272727272727";"0,0000000000000000";;;"tv";"vib";"CBC_1019_MSI_TV_v3_Vset5_Tset2_2023-06-28_16h17.24.850.csv"
"CBC_1019";"3";"hard";"0,90";"0,909090909090909";"0,500000000000000";"1,000000000000000";"2,04938640909024";"1,16619289999835019";"3,68961820000004";"0,0000000000000000";"0,0000000000000000";;;"av";"env";"CBC_1019_MSI_AV_v3_Vset4_Aset3_2023-06-28_17h50.15.634.csv"
"CBC_1019";"4";"hard";"0,90";"0,886363636363636";"0,000000000000000";"0,886363636363636";"2,25640633863636";"0,98839069999999996";"3,55271930000000";"0,0000000000000000";"0,0000000000000000";;;"tv";"vib";"CBC_1019_MSI_TV_v3_Vset1_Tset3_2023-06-28_18h00.13.129.csv"
"CBC_1020";"2";"hard";"0,95";"0,386363636363636";"0,000000000000000";"0,666666666666667";"2,62525171136364";"1,46022720000000006";"5,24850820000000";"0,0000000000000000";"0,0454545454545455";;;"tv";"vib";"CBC_1020_MSI_TV_v3_Vset1_Tset2_2023-06-28_15h03.37.595.csv"
"CBC_1020";"3";"hard";"0,90";"0,977272727272727";"0,954545454545455";"1,000000000000000";"1,66460809318195";"0,90077650000057474";"3,49203209999996";"0,0000000000000000";"0,0227272727272727";;;"av";"env";"CBC_1020_MSI_AV_v3_Vset6_Aset1_2023-06-28_15h13.22.031.csv"
"CBC_1020";"4";"hard";"0,95";"0,704545454545455";"0,619047619047619";"1,000000000000000";"2,57021270909091";"1,45067339999999989";"4,88248140000000";"0,0000000000000000";"0,0227272727272727";;;"tv";"vib";"CBC_1020_MSI_TV_v3_Vset5_Tset1_2023-06-28_16h55.43.253.csv"
"CBC_1020";"6";"hard";"0,80";"0,488372093023256";"0,000000000000000";"0,583333333333333";"2,31797985348867";"0,26226599999972677";"4,29995100000087";"0,0227272727272727";"0,0000000000000000";;;"av";"env";"CBC_1020_MSI_AV_v3_Vset4_Aset3_2023-06-28_17h19.47.712.csv"
"CBC_1021";"1";"easy";"0,95";"0,500000000000000";"0,000000000000000";"0,733333333333333";"2,22632011363668";"1,33143870000094466";"3,24299620000056";"0,0000000000000000";"0,0000000000000000";;;"av";"env";"CBC_1021_MSI_AV_v3_Vset5_Aset2_2023-07-18_14h40.56.369.csv"
"CBC_1021";"2";"easy";"0,95";"0,681818181818182";"0,000000000000000";"0,750000000000000";"2,49741360454602";"0,96667100000013306";"4,24293720000060";"0,0000000000000000";"0,0227272727272727";;;"tv";"vib";"CBC_1021_MSI_TV_v3_Vset2_Tset3_2023-07-18_14h49.36.888.csv"
"CBC_1021";"3";"easy";"0,95";"0,395348837209302";"0,333333333333333";"1,000000000000000";"2,17857596046456";"1,08924289999777102";"4,16207569999824";"0,0227272727272727";"0,0232558139534884";;;"av";"env";"CBC_1021_MSI_AV_v3_Vset4_Aset3_2023-07-18_16h15.57.561.csv"
"CBC_1021";"4";"easy";"0,95";"0,590909090909091";"0,000000000000000";"0,666666666666667";"1,90130707727121";"0,68106449999868346";"3,70657609999944";"0,0000000000000000";"0,0227272727272727";;;"tv";"vib";"CBC_1021_MSI_TV_v3_Vset1_Tset2_2023-07-18_16h24.41.177.csv"
"CBC_1022";"1";"easy";"0,95";"0,500000000000000";"0,318181818181818";"1,000000000000000";"2,47391389285693";"0,68416679999972985";"4,03261359999988";"0,0454545454545455";"0,0238095238095238";;;"tv";"vib";"CBC_1022_MSI_TV_v3_Vset1_Tset1_2023-07-18_13h36.12.008.csv"
"CBC_1022";"2";"easy";"0,95";"0,431818181818182";"0,000000000000000";"0,714285714285714";"2,43082338863564";"1,88349989999915124";"3,36003859999892";"0,0000000000000000";"0,0227272727272727";;;"av";"env";"CBC_1022_MSI_AV_v3_Vset4_Aset1_2023-07-18_13h44.55.295.csv"
"CBC_1022";"3";"easy";"0,95";"0,595238095238095";"0,000000000000000";"0,750000000000000";"2,48865860476140";"1,69164489999820944";"3,46789199999876";"0,0454545454545455";"0,0000000000000000";;;"tv";"vib";"CBC_1022_MSI_TV_v3_Vset3_Tset3_2023-07-18_15h32.56.687.csv"
"CBC_1024";"1";"hard";"0,95";"0,681818181818182";"0,000000000000000";"0,720000000000000";"3,00305854090886";"1,60864320000018779";"5,15493020000031";"0,0000000000000000";"0,0000000000000000";;;"tv";"vib";"CBC_1024_MSI_TV_v3_Vset3_Tset1_2023-07-05_15h02.58.307.csv"
"CBC_1024";"2";"hard";"0,95";"0,744186046511628";"0,625000000000000";"1,000000000000000";"2,65746066046542";"1,33078180000029533";"4,77649889999975";"0,0227272727272727";"0,0000000000000000";;;"av";"env";"CBC_1024_MSI_AV_v3_Vset6_Aset3_2023-07-05_15h12.04.977.csv"
"CBC_1024";"4";"hard";"0,95";"0,475000000000000";"0,000000000000000";"0,560000000000000";"2,45530304999998";"1,13864899999862246";"4,04563690000032";"0,0909090909090909";"0,0000000000000000";;;"tv";"vib";"CBC_1024_MSI_TV_v3_Vset1_Tset2_2023-07-05_16h07.59.104.csv"
"CBC_1024";"5";"hard";"0,95";"0,795454545454545";"0,333333333333333";"1,000000000000000";"2,72881792272723";"1,33021300000109477";"4,69300899999871";"0,0000000000000000";"0,0000000000000000";;;"av";"env";"CBC_1024_MSI_AV_v3_Vset4_Aset2_2023-07-05_16h16.42.189.csv"
"CBC_1026";"1";"easy";"0,95";"0,404761904761905";"0,000000000000000";"0,700000000000000";"2,91440374761859";"2,01548039999943285";"3,93314049999935";"0,0454545454545455";"0,0000000000000000";;;"tv";"vib";"CBC_1026_MSI_TV_v3_Vset6_Tset1_2023-07-20_11h47.13.772.csv"
"CBC_1026";"2";"easy";"0,95";"0,523809523809524";"0,411764705882353";"1,000000000000000";"2,66671073333293";"1,47747879999951692";"5,53501439999945";"0,0454545454545455";"0,0238095238095238";;;"av";"env";"CBC_1026_MSI_AV_v3_Vset3_Aset2_2023-07-20_11h56.22.418.csv"
"CBC_1026";"3";"easy";"0,95";"0,300000000000000";"0,166666666666667";"1,000000000000000";"2,72563334749948";"1,68054999999912980";"4,01092109999990";"0,0909090909090909";"0,0250000000000000";;;"tv";"vib";"CBC_1026_MSI_TV_v3_Vset4_Tset3_2023-07-20_12h55.31.545.csv"
"CBC_1026";"4";"easy";"0,95";"0,627906976744186";"0,000000000000000";"0,666666666666667";"2,79956176511642";"1,56782489999932295";"5,39922009999827";"0,0227272727272727";"0,0232558139534884";;;"av";"env";"CBC_1026_MSI_AV_v3_Vset1_Aset3_2023-07-20_13h03.59.061.csv"
"CBC_1027";"1";"hard";"0,95";"0,681818181818182";"0,000000000000000";"0,812500000000000";"1,92232268181773";"1,05378839999866614";"3,56871849999879";"0,0000000000000000";"0,0000000000000000";;;"av";"env";"CBC_1027_MSI_AV_v3_Vset5_Aset1_2023-07-21_16h27.29.899.csv"
"CBC_1027";"2";"hard";"0,95";"0,818181818181818";"0,500000000000000";"1,000000000000000";"2,01097496818164";"0,85342759999912232";"4,46111899999960";"0,0000000000000000";"0,0227272727272727";;;"tv";"vib";"CBC_1027_MSI_TV_v3_Vset2_Tset2_2023-07-21_16h36.05.936.csv"
"CBC_1027";"3";"hard";"0,95";"0,772727272727273";"0,000000000000000";"0,772727272727273";"1,77505190454328";"0,81098009999914211";"3,74649379999755";"0,0000000000000000";"0,0000000000000000";;;"av";"env";"CBC_1027_MSI_AV_v3_Vset6_Aset2_2023-07-21_17h56.54.977.csv"
"CBC_1027";"4";"hard";"0,90";"0,750000000000000";"0,000000000000000";"0,750000000000000";"2,52665082727625";"1,35420070000327541";"4,46046890000434";"0,0000000000000000";"0,0227272727272727";;;"tv";"vib";"CBC_1027_MSI_TV_v3_Vset3_Tset3_2023-07-21_18h05.28.896.csv"
"CBC_1028";"1";"hard";"0,95";"0,595238095238095";"0,571428571428571";"1,000000000000000";"2,54132896428538";"1,13710129999981291";"4,04580239999996";"0,0454545454545455";"0,0000000000000000";;;"tv";"vib";"CBC_1028_MSI_TV_v3_Vset6_Tset3_2023-07-21_13h48.20.813.csv"
"CBC_1028";"3";"hard";"0,95";"0,477272727272727";"0,440000000000000";"1,000000000000000";"2,03998221363699";"0,52217250000012427";"4,03585470000053";"0,0000000000000000";"0,0000000000000000";;;"av";"env";"CBC_1028_MSI_AV_v3_Vset3_Aset1_2023-07-21_14h00.16.706.csv"
"CBC_1028";"4";"hard";"0,95";"0,536585365853659";"0,484848484848485";"1,000000000000000";"1,85556713170771";"0,95576400000027206";"4,91629829999965";"0,0681818181818182";"0,0487804878048781";;;"tv";"vib";"CBC_1028_MSI_TV_v3_Vset1_Tset2_2023-07-21_14h15.28.088.csv"
"CBC_1029";"1";"easy";"0,95";"0,613636363636364";"0,000000000000000";"0,800000000000000";"2,51725854545405";"1,28888779999942926";"3,65741829999934";"0,0000000000000000";"0,0000000000000000";;;"av";"env";"CBC_1029_MSI_AV_v3_Vset2_Aset2_2023-07-21_14h51.03.497.csv"
"CBC_1029";"2";"hard";"0,95";"0,522727272727273";"0,448275862068966";"1,000000000000000";"2,32215175454580";"1,20068580000042857";"3,96560479999971";"0,0000000000000000";"0,0000000000000000";;;"tv";"vib";"CBC_1029_MSI_TV_v3_Vset5_Tset2_2023-07-21_14h59.39.665.csv"
"CBC_1029";"3";"easy";"0,95";"0,636363636363636";"0,000000000000000";"0,750000000000000";"2,02684097272793";"0,93870289999904344";"4,20873170000050";"0,0000000000000000";"0,0227272727272727";;;"av";"env";"CBC_1029_MSI_AV_v3_Vset6_Aset1_2023-07-21_17h16.24.897.csv"
"CBC_1029";"4";"easy";"0,95";"0,818181818181818";"0,666666666666667";"1,000000000000000";"2,68950194317958";"0,86602459999994608";"4,60329399999682";"0,0000000000000000";"0,0000000000000000";;;"tv";"vib";"CBC_1029_MSI_TV_v3_Vset3_Tset1_2023-07-21_17h25.06.255.csv"
"CBC_1030";"1";"easy";"0,95";"0,744186046511628";"0,642857142857143";"1,000000000000000";"3,29119319302274";"2,25521599999956379";"4,82137279999915";"0,0227272727272727";"0,0000000000000000";;;"tv";"vib";"CBC_1030_MSI_TV_v3_Vset3_Tset1_2023-08-23_15h04.35.874.csv"
"CBC_1030";"2";"hard";"0,95";"0,813953488372093";"0,800000000000000";"1,000000000000000";"2,41895574651159";"1,31651999999940017";"5,42694920000031";"0,0227272727272727";"0,0232558139534884";;;"av";"env";"CBC_1030_MSI_AV_v3_Vset6_Aset3_2023-08-23_15h13.18.002.csv"
"CBC_1030";"3";"easy";"0,95";"0,658536585365854";"0,500000000000000";"1,000000000000000";"3,17717245853530";"1,50209339999855729";"5,56151299999874";"0,0681818181818182";"0,0000000000000000";;;"tv";"vib";"CBC_1030_MSI_TV_v3_Vset4_Tset3_2023-08-23_15h54.43.458.csv"
"CBC_1031";"1";"easy";"0,95";"0,523809523809524";"0,312500000000000";"1,000000000000000";"2,46303782619123";"0,59242400000039197";"6,17670710000129";"0,0454545454545455";"0,0000000000000000";;;"av";"env";"CBC_1031_MSI_AV_v3_Vset1_Aset1_2023-10-20_10h25.09.885.csv"
"CBC_1031";"3";"easy";"0,95";"0,435897435897436";"0,333333333333333";"1,000000000000000";"2,79051667435931";"0,26274600000033388";"4,85879380000006";"0,1136363636363636";"0,0000000000000000";;;"tv";"vib";"CBC_1031_MSI_TV_v3_Vset3_Tset1_2023-10-20_12h11.47.981.csv"
"CBC_1031";"4";"easy";"0,95";"0,681818181818182";"0,000000000000000";"0,875000000000000";"2,12376377272602";"1,03593249999903492";"4,78891039999871";"0,0000000000000000";"0,0227272727272727";;;"av";"env";"CBC_1031_MSI_AV_v3_Vset6_Aset2_2023-10-20_12h20.15.905.csv"
"CBC_1033";"2";"easy";"0,95";"1,000000000000000";"1,000000000000000";"1,000000000000000";"1,36061676590938";"0,71329020000030141";"2,51908509999976";"0,0000000000000000";"0,0000000000000000";;;"av";"env";"CBC_1033_MSI_AV_v3_Vset1_Aset1_2023-12-13_14h51.00.395.csv"
"CBC_1033";"3";"easy";"0,95";"0,744186046511628";"0,285714285714286";"1,000000000000000";"2,14512606046529";"1,18501640000067709";"3,74355310000010";"0,0227272727272727";"0,0000000000000000";;;"tv";"vib";"CBC_1033_MSI_TV_v3_Vset2_Tset3_2023-12-13_15h01.20.123.csv"
"CBC_1033";"4";"hard";"0,90";"0,886363636363636";"0,333333333333333";"1,000000000000000";"2,08922769545389";"0,99626149999949121";"4,11677569999938";"0,0000000000000000";"0,0000000000000000";;;"av";"env";"CBC_1033_MSI_AV_v3_Vset6_Aset2_2023-12-13_15h10.11.385.csv"
"CBC_1034";"1";"hard";"0,95";"0,454545454545455";"0,000000000000000";"0,454545454545455";"2,27903316818207";"0,81022720000009940";"3,52425369999992";"0,0000000000000000";"0,0000000000000000";;;"tv";"vib";"CBC_1034_MSI_TV_v3_Vset1_Tset1_2023-12-13_13h56.17.502.csv"
"CBC_1034";"2";"hard";"0,95";"0,477272727272727";"0,000000000000000";"0,488372093023256";"2,31566747272720";"1,09593929999982720";"4,00411459999987";"0,0000000000000000";"0,0000000000000000";;;"av";"env";"CBC_1034_MSI_AV_v3_Vset2_Aset3_2023-12-13_14h05.28.139.csv"
"CBC_1035";"2";"hard";"0,95";"0,692307692307692";"0,000000000000000";"0,692307692307692";"2,81534069743576";"0,98340970000026573";"5,96616300000005";"0,1136363636363636";"0,0256410256410256";;;"tv";"vib";"CBC_1035_MSI_TV_v3_Vset6_Tset2_2024-07-26_14h50.42.748.csv"
"CBC_1035";"3";"easy";"0,95";"0,511627906976744";"0,307692307692308";"1,000000000000000";"2,72315489069813";"1,24632290000045032";"4,93239410000206";"0,0227272727272727";"0,0000000000000000";;;"av";"env";"CBC_1035_MSI_AV_v3_Vset4_Aset3_2024-07-26_16h27.09.209.csv"
"CBC_1036";"1";"hard";"0,95";"0,666666666666667";"0,000000000000000";"0,666666666666667";"2,35014945714366";"-0,01724049999938870";"4,34973530000116";"0,0454545454545455";"0,0000000000000000";;;"tv";"vib";"CBC_1036_MSI_TV_v3_Vset2_Tset3_2023-12-06_14h51.37.594.csv"
"CBC_1036";"3";"hard";"0,95";"0,750000000000000";"0,000000000000000";"0,777777777777778";"1,87609534772690";"0,94607709999945655";"3,56627889999982";"0,0000000000000000";"0,0000000000000000";;;"av";"env";"CBC_1036_MSI_AV_v3_Vset3_Aset1_2023-12-06_15h58.00.246.csv"
"CBC_1036";"4";"hard";"0,95";"0,568181818181818";"0,000000000000000";"0,600000000000000";"2,34325696136243";"1,35344709999844781";"3,34627429999819";"0,0000000000000000";"0,0000000000000000";;;"tv";"vib";"CBC_1036_MSI_TV_v3_Vset6_Tset2_2023-12-06_16h06.44.053.csv"
"CBC_1037";"1";"hard";"0,95";"0,750000000000000";"0,500000000000000";"1,000000000000000";"2,41098767045474";"1,13264540000000125";"4,29734139999982";"0,0000000000000000";"0,0000000000000000";;;"av";"env";"CBC_1037_MSI_AV_v3_Vset3_Aset2_2024-01-04_12h44.35.607.csv"
"CBC_1037";"3";"hard";"0,90";"0,512195121951220";"0,000000000000000";"0,714285714285714";"2,92593511707341";"0,11797509999996691";"4,72891400000026";"0,0681818181818182";"0,0243902439024390";;;"tv";"vib";"CBC_1037_MSI_TV_v3_Vset1_Tset3_2024-01-04_13h52.51.148.csv"
"CBC_1038";"1";"hard";"0,95";"0,513513513513513";"0,500000000000000";"1,000000000000000";"1,84812037297314";"0,80952910000041811";"4,27475170000025";"0,1590909090909091";"0,0000000000000000";;;"av";"env";"CBC_1038_MSI_AV_v3_Vset4_Aset1_2024-05-04_09h31.10.662.csv"
"CBC_1038";"2";"hard";"0,95";"0,634146341463415";"0,000000000000000";"0,634146341463415";"1,80267155853624";"0,79808439999942493";"4,00225759999921";"0,0681818181818182";"0,0243902439024390";;;"tv";"vib";"CBC_1038_MSI_TV_v3_Vset6_Tset1_2024-05-04_09h40.02.212.csv"
"CBC_1040";"1";"hard";"0,90";"0,795454545454545";"0,500000000000000";"1,000000000000000";"2,57538201590881";"1,44367869999950926";"3,39026529999956";"0,0000000000000000";"0,0227272727272727";;;"tv";"vib";"CBC_1040_MSI_TV_v3_Vset6_Tset2_2023-12-20_15h38.50.725.csv"
"CBC_1040";"2";"hard";"0,90";"0,909090909090909";"0,500000000000000";"1,000000000000000";"2,30474697045386";"1,64602689999901486";"3,24532869999894";"0,0000000000000000";"0,0227272727272727";;;"av";"env";"CBC_1040_MSI_AV_v3_Vset5_Aset3_2023-12-20_15h47.19.244.csv"
"CBC_1041";"2";"hard";"0,95";"0,609756097560976";"0,578947368421053";"1,000000000000000";"2,72930449024388";"0,09527290000005451";"4,68798109999989";"0,0681818181818182";"0,0243902439024390";;;"tv";"vib";"CBC_1041_MSI_TV_v3_Vset1_Tset1_2023-12-20_15h01.19.659.csv"
"CBC_1041";"3";"easy";"0,95";"0,609756097560976";"0,500000000000000";"1,000000000000000";"2,31730023414763";"0,92436850000194681";"4,83838490000016";"0,0681818181818182";"0,0000000000000000";;;"av";"env";"CBC_1041_MSI_AV_v3_Vset3_Aset3_2023-12-20_16h24.17.405.csv"
"CBC_1042";"1";"hard";"0,95";"0,651162790697674";"0,583333333333333";"1,000000000000000";"2,77657868139484";"2,22411799999918003";"4,29109879999942";"0,0227272727272727";"0,0232558139534884";;;"tv";"vib";"CBC_1042_MSI_TV_v3_Vset6_Tset2_2024-07-26_15h40.22.663.csv"
"CBC_1042";"3";"easy";"0,95";"0,488372093023256";"0,459459459459459";"1,000000000000000";"2,31376632093025";"1,41565549999904761";"2,70513529999880";"0,0227272727272727";"0,0000000000000000";;;"av";"env";"CBC_1042_MSI_AV_v3_Vset5_Aset2_2024-07-26_17h06.06.006.csv"
"CBC_1044";"1";"hard";"0,95";"0,704545454545455";"0,000000000000000";"0,707317073170732";"1,58116643409143";"1,04863980000027368";"2,45177349999994";"0,0000000000000000";"0,0000000000000000";;;"av";"env";"CBC_1044_MSI_AV_v3_Vset5_Aset1_2023-12-19_14h17.39.039.csv"
"CBC_1044";"2";"hard";"0,95";"0,926829268292683";"0,875000000000000";"1,000000000000000";"1,62170775609824";"1,03662330000042857";"2,93693300000086";"0,0681818181818182";"0,0000000000000000";;;"tv";"vib";"CBC_1044_MSI_TV_v3_Vset4_Tset2_2023-12-19_14h26.34.109.csv"
"CBC_1045";"2";"hard";"0,95";"0,459459459459459";"0,000000000000000";"0,538461538461538";"3,06056518108095";"2,17904799999905663";"5,66048179999962";"0,1590909090909091";"0,0270270270270270";;;"av";"env";"CBC_1045_MSI_AV_v3_Vset2_Aset3_2024-03-15_15h44.13.048.csv"
"CBC_1045";"3";"hard";"0,95";"0,589743589743590";"0,444444444444444";"1,000000000000000";"2,89825134102503";"2,08286840000073425";"5,56107599999814";"0,1136363636363636";"0,0256410256410256";;;"tv";"vib";"CBC_1045_MSI_TV_v3_Vset1_Tset1_2024-03-15_16h44.49.446.csv"
"CBC_1048";"1";"easy";"0,95";"0,697674418604651";"0,000000000000000";"0,909090909090909";"2,67804237209374";"1,37355260000094859";"4,21459720000075";"0,0227272727272727";"0,0232558139534884";;;"tv";"vib";"CBC_1048_MSI_TV_v3_Vset6_Tset3_2024-01-21_14h45.03.891.csv"
"CBC_1048";"3";"easy";"0,95";"0,863636363636364";"0,333333333333333";"1,000000000000000";"2,22363112499939";"0,80354719999922963";"4,26291680000031";"0,0000000000000000";"0,0000000000000000";;;"av";"env";"CBC_1048_MSI_AV_v3_Vset4_Aset3_2024-01-21_16h38.11.911.csv"
"CBC_1051";"2";"hard";"0,95";"0,452380952380952";"0,250000000000000";"1,000000000000000";"2,21514359285634";"1,03571649999867077";"3,28585469999962";"0,0454545454545455";"0,0000000000000000";;;"av";"env";"CBC_1051_MSI_AV_v3_Vset1_Aset1_2024-05-03_16h25.09.705.csv"
"CBC_1051";"3";"hard";"0,95";"0,813953488372093";"0,000000000000000";"0,888888888888889";"2,60417370930305";"1,45111499999984517";"4,18418820000079";"0,0227272727272727";"0,0000000000000000";;;"tv";"vib";"CBC_1051_MSI_TV_v3_Vset2_Tset1_2024-05-03_17h13.22.033.csv"
"CBC_1051";"4";"hard";"0,95";"0,511627906976744";"0,000000000000000";"0,545454545454545";"2,40252950232769";"0,76351800000338699";"4,29094560000158";"0,0227272727272727";"0,0000000000000000";;;"av";"env";"CBC_1051_MSI_AV_v3_Vset4_Aset2_2024-05-03_17h21.50.264.csv"
"CBC_1054";"1";"hard";"0,95";"0,666666666666667";"0,600000000000000";"1,000000000000000";"2,32362999047670";"1,26606370000081370";"3,78671170000052";"0,0454545454545455";"0,0000000000000000";;;"tv";"vib";"CBC_1054_MSI_TV_v3_Vset5_Tset2_2024-03-03_10h27.49.019.csv"
"CBC_1054";"3";"easy";"0,95";"0,813953488372093";"0,000000000000000";"0,833333333333333";"2,32407352325542";"1,37319620000016585";"3,53333139999995";"0,0227272727272727";"0,0000000000000000";;;"av";"env";"CBC_1054_MSI_AV_v3_Vset4_Aset2_2024-03-03_11h43.50.758.csv"
"CBC_1058";"1";"hard";"0,90";"0,886363636363636";"0,666666666666667";"1,000000000000000";"2,21853548409054";"1,07649709999986953";"3,51866869999958";"0,0000000000000000";"0,0000000000000000";;;"tv";"vib";"CBC_1058_MSI_TV_v3_Vset4_Tset1_2024-01-26_14h07.19.138.csv"
"CBC_1058";"2";"hard";"0,90";"0,953488372093023";"0,000000000000000";"0,953488372093023";"1,97483118604624";"0,91774599999916973";"5,68777529999988";"0,0227272727272727";"0,0232558139534884";;;"av";"env";"CBC_1058_MSI_AV_v3_Vset5_Aset3_2024-01-26_14h15.51.953.csv"
"CBC_1059";"2";"hard";"0,90";"0,750000000000000";"0,333333333333333";"1,000000000000000";"2,97210928636330";"1,49067639999975654";"4,22155669999938";"0,0000000000000000";"0,0000000000000000";;;"tv";"vib";"CBC_1059_MSI_TV_v3_Vset1_Tset3_2024-01-26_15h04.43.497.csv"
"CBC_1059";"3";"hard";"0,90";"0,772727272727273";"0,000000000000000";"0,772727272727273";"2,47643991818235";"1,59857240000019374";"3,85970160000034";"0,0000000000000000";"0,0000000000000000";;;"av";"env";"CBC_1059_MSI_AV_v3_Vset3_Aset2_2024-01-26_16h15.47.111.csv"
"CBC_1064";"1";"hard";"0,95";"0,568181818181818";"0,482758620689655";"1,000000000000000";"2,65198810227319";"1,63326540000070963";"5,14597340000000";"0,0000000000000000";"0,0227272727272727";;;"tv";"vib";"CBC_1064_MSI_TV_v3_Vset4_Tset1_2024-01-28_09h51.20.752.csv"
"CBC_1064";"2";"hard";"0,95";"0,488372093023256";"0,458333333333333";"1,000000000000000";"2,47296468139457";"1,55022019999887561";"3,99711169999955";"0,0227272727272727";"0,0465116279069767";;;"av";"env";"CBC_1064_MSI_AV_v3_Vset5_Aset1_2024-01-28_10h00.06.405.csv"
"CBC_1064";"4";"easy";"0,95";"0,750000000000000";"0,000000000000000";"0,757575757575758";"2,36884546818175";"1,24216089999936230";"3,76420719999987";"0,0000000000000000";"0,0000000000000000";;;"av";"env";"CBC_1064_MSI_AV_v3_Vset3_Aset3_2024-01-28_11h09.57.594.csv"
"CBC_1071";"2";"hard";"0,95";"0,790697674418605";"0,333333333333333";"1,000000000000000";"2,76979251395532";"0,32067390000156593";"4,75687160000052";"0,0227272727272727";"0,0232558139534884";;;"tv";"vib";"CBC_1071_MSI_TV_v3_Vset2_Tset3_2024-02-02_15h20.49.299.csv"
"CBC_1071";"3";"hard";"0,95";"0,590909090909091";"0,000000000000000";"0,684210526315789";"2,20934726591006";"0,85517480000089563";"2,93230460000086";"0,0000000000000000";"0,0000000000000000";;;"av";"env";"CBC_1071_MSI_AV_v3_Vset3_Aset2_2024-02-02_16h36.55.631.csv"
"CBC_1072";"1";"hard";"0,95";"0,409090909090909";"0,000000000000000";"0,428571428571429";"2,22354157727287";"1,35464270000011311";"3,32132100000035";"0,0000000000000000";"0,0000000000000000";;;"tv";"vib";"CBC_1072_MSI_TV_v3_Vset5_Tset2_2024-02-02_14h13.45.206.csv"
"CBC_1072";"3";"easy";"0,95";"0,651162790697674";"0,333333333333333";"1,000000000000000";"2,39288022558216";"1,44874739999977464";"3,50824370000191";"0,0227272727272727";"0,0000000000000000";;;"av";"env";"CBC_1072_MSI_AV_v3_Vset6_Aset2_2024-02-02_15h59.48.628.csv"
"CBC_1075";"2";"hard";"0,95";"0,568181818181818";"0,000000000000000";"0,575000000000000";"2,56711076818320";"0,91214280000167491";"3,82870810000168";"0,0000000000000000";"0,0000000000000000";;;"av";"env";"CBC_1075_MSI_AV_v3_Vset3_Aset3_2024-03-13_15h01.44.828.csv"
"CBC_1075";"3";"hard";"0,95";"0,545454545454545";"0,000000000000000";"0,578947368421053";"2,80953190000020";"0,14782179999747314";"3,95638980000149";"0,0000000000000000";"0,0227272727272727";;;"tv";"vib";"CBC_1075_MSI_TV_v3_Vset2_Tset1_2024-03-13_17h09.54.370.csv"
"CBC_1076";"1";"hard";"0,90";"0,500000000000000";"0,428571428571429";"1,000000000000000";"2,05266132000061";"1,14161950000016077";"4,76285290000033";"0,0909090909090909";"0,0250000000000000";;;"tv";"vib";"CBC_1076_MSI_TV_v3_Vset6_Tset2_2024-03-13_13h58.04.695.csv"
"CBC_1076";"2";"hard";"0,95";"0,594594594594595";"0,000000000000000";"0,594594594594595";"2,38384353243288";"1,03568210000048566";"6,43339010000091";"0,1590909090909091";"0,0270270270270270";;;"av";"env";"CBC_1076_MSI_AV_v3_Vset5_Aset3_2024-03-13_14h06.57.958.csv"
"CBC_1087";"2";"hard";"0,90";"0,534883720930233";"0,000000000000000";"0,750000000000000";"1,79580157441807";"1,05727579999893351";"3,52875059999951";"0,0227272727272727";"0,0000000000000000";;;"av";"env";"CBC_1087_MSI_AV_v3_Vset1_Aset1_2024-03-23_10h00.48.030.csv"
"CBC_1087";"3";"hard";"0,95";"0,372093023255814";"0,304347826086957";"1,000000000000000";"1,91666606278984";"0,99777509999876202";"3,96602709999934";"0,0227272727272727";"0,0000000000000000";;;"tv";"vib";"CBC_1087_MSI_TV_v3_Vset2_Tset3_2024-03-23_11h27.59.968.csv"
"CBC_1087";"4";"easy";"0,95";"0,604651162790698";"0,604651162790698";"1,000000000000000";"1,89505055814042";"1,00347529999999097";"4,52145209999981";"0,0227272727272727";"0,0232558139534884";;;"av";"env";"CBC_1087_MSI_AV_v3_Vset4_Aset2_2024-03-23_11h37.29.616.csv"
"CBC_1090";"1";"hard";"0,90";"0,906976744186046";"0,000000000000000";"0,923076923076923";"2,49208408139610";"1,31194690000120318";"4,10029030000078";"0,0227272727272727";"0,0000000000000000";;;"tv";"vib";"CBC_1090_MSI_TV_v3_Vset5_Tset3_2024-03-10_10h39.49.098.csv"
"CBC_1090";"3";"hard";"0,80";"0,883720930232558";"0,868421052631579";"1,000000000000000";"2,20283786976840";"0,86472619999949529";"3,67518770000061";"0,0227272727272727";"0,0000000000000000";;;"av";"env";"CBC_1090_MSI_AV_v3_Vset4_Aset1_2024-03-10_11h41.57.568.csv"
"CBC_1093";"2";"hard";"0,95";"0,878048780487805";"0,000000000000000";"0,878048780487805";"2,45243415365841";"1,20415749999938271";"4,45229959999961";"0,0681818181818182";"0,0243902439024390";;;"av";"env";"CBC_1093_MSI_AV_v3_Vset3_Aset3_2024-05-05_14h06.59.630.csv"
"CBC_1093";"3";"hard";"0,95";"0,350000000000000";"0,333333333333333";"1,000000000000000";"2,41900872500041";"0,99657860000115761";"4,58503950000159";"0,0909090909090909";"0,0000000000000000";;;"tv";"vib";"CBC_1093_MSI_TV_v3_Vset2_Tset2_2024-05-05_15h13.09.552.csv"
"CBC_1102";"1";"easy";"0,95";"0,500000000000000";"0,000000000000000";"0,521739130434783";"2,83935398499984";"1,60259410000071512";"6,23177209999994";"0,0909090909090909";"0,0250000000000000";;;"tv";"vib";"CBC_1102_MSI_TV_v3_Vset4_Tset3_2024-05-26_11h06.10.825.csv"
"CBC_1102";"3";"easy";"0,95";"0,627906976744186";"0,000000000000000";"0,777777777777778";"2,43765779767459";"1,04698450000068988";"5,80161009999938";"0,0227272727272727";"0,0232558139534884";;;"av";"env";"CBC_1102_MSI_AV_v3_Vset6_Aset3_2024-05-26_14h20.21.975.csv"
"CBC_1108";"1";"easy";"0,95";"0,619047619047619";"0,000000000000000";"0,625000000000000";"2,73705109761890";"1,43626410000069882";"4,67104699999982";"0,0454545454545455";"0,0000000000000000";;;"tv";"vib";"CBC_1108_MSI_TV_v3_Vset5_Tset3_2024-05-11_13h20.10.697.csv"
"CBC_1108";"3";"hard";"0,80";"0,613636363636364";"0,500000000000000";"1,000000000000000";"2,26896654772587";"0,29222609999851556";"4,10026529999959";"0,0000000000000000";"0,0000000000000000";;;"av";"env";"CBC_1108_MSI_AV_v3_Vset6_Aset1_2024-05-11_15h05.16.460.csv"
"CBC_1109";"1";"hard";"0,95";"0,785714285714286";"0,600000000000000";"1,000000000000000";"2,47984681666685";"1,30650880000030156";"4,44489320000048";"0,0454545454545455";"0,0000000000000000";;;"av";"env";"CBC_1109_MSI_AV_v3_Vset3_Aset2_2024-06-07_14h04.19.059.csv"
"CBC_1109";"3";"hard";"0,95";"0,651162790697674";"0,000000000000000";"0,750000000000000";"2,69209055348844";"1,04757389999940642";"4,22359289999986";"0,0227272727272727";"0,0000000000000000";;;"tv";"vib";"CBC_1109_MSI_TV_v3_Vset1_Tset3_2024-06-07_15h09.59.248.csv"
"CBC_1110";"1";"easy";"0,95";"0,500000000000000";"0,000000000000000";"0,625000000000000";"3,27477774285639";"1,32407269999930577";"6,12223610000001";"0,0454545454545455";"0,0476190476190476";;;"av";"env";"CBC_1110_MSI_AV_v3_Vset4_Aset1_2024-08-25_14h33.39.375.csv"
"CBC_1110";"2";"easy";"0,95";"0,578947368421053";"0,500000000000000";"1,000000000000000";"3,14404284210562";"1,50014430000101129";"4,35939670000062";"0,1363636363636364";"0,0000000000000000";;;"tv";"vib";"CBC_1110_MSI_TV_v3_Vset6_Tset1_2024-08-25_14h42.34.932.csv"
"CBC_1111";"2";"easy";"0,95";"0,761904761904762";"0,500000000000000";"1,000000000000000";"2,80981355952372";"0,48867710000013176";"5,59172560000025";"0,0454545454545455";"0,0238095238095238";;;"av";"env";"CBC_1111_MSI_AV_v3_Vset3_Aset3_2024-06-04_14h44.38.349.csv"
"CBC_1111";"4";"easy";"0,95";"0,555555555555556";"0,000000000000000";"0,571428571428571";"2,26956092222276";"0,00635590000092634";"4,09768740000072";"0,1818181818181818";"0,0000000000000000";;;"tv";"vib";"CBC_1111_MSI_TV_v3_Vset5_Tset2_2024-06-04_15h47.31.612.csv"
"CBC_1112";"1";"easy";"0,95";"0,761904761904762";"0,400000000000000";"1,000000000000000";"2,94914770000018";"1,10902639999994790";"5,04782139999998";"0,0454545454545455";"0,0000000000000000";;;"tv";"vib";"CBC_1112_MSI_TV_v3_Vset6_Tset1_2024-09-06_16h58.36.381.csv"
"CBC_1112";"2";"hard";"0,95";"0,697674418604651";"0,000000000000000";"0,707317073170732";"2,38619536976704";"1,07317890000012994";"4,10001669999929";"0,0227272727272727";"0,0000000000000000";;;"av";"env";"CBC_1112_MSI_AV_v3_Vset5_Aset3_2024-09-06_17h07.21.236.csv"
"CBC_1114";"1";"easy";"0,95";"0,578947368421053";"0,535714285714286";"1,000000000000000";"2,67986211841727";"1,25874679999833461";"3,78572970000096";"0,1363636363636364";"0,0000000000000000";;;"tv";"vib";"CBC_1114_MSI_TV_v3_Vset6_Tset1_2024-08-09_16h21.37.903.csv"
"CBC_1114";"3";"easy";"0,95";"0,547619047619048";"0,000000000000000";"0,692307692307692";"2,03619188809257";"1,02804049999394920";"4,72455500000797";"0,0454545454545455";"0,0476190476190476";;;"av";"env";"CBC_1114_MSI_AV_v3_Vset5_Aset2_2024-08-09_17h20.03.010.csv"
"CBC_1115";"1";"hard";"0,90";"0,684210526315789";"0,000000000000000";"0,714285714285714";"2,68753546315719";"0,98449489999893558";"4,39889379999931";"0,1363636363636364";"0,0000000000000000";;;"av";"env";"CBC_1115_MSI_AV_v3_Vset3_Aset2_2024-08-06_15h06.49.385.csv"
"CBC_1115";"3";"hard";"0,95";"0,805555555555556";"0,705882352941177";"1,000000000000000";"3,00328184999957";"0,02708189999884780";"5,69611800000075";"0,1818181818181818";"0,0000000000000000";;;"tv";"vib";"CBC_1115_MSI_TV_v3_Vset2_Tset2_2024-08-06_16h02.16.693.csv"
"CBC_1117";"2";"hard";"0,90";"0,431818181818182";"0,000000000000000";"0,500000000000000";"2,65588656136838";"1,79900710000947583";"3,80754840000009";"0,0000000000000000";"0,0000000000000000";;;"av";"env";"CBC_1117_MSI_AV_v3_Vset2_Aset3_2024-06-12_14h56.14.456.csv"
"CBC_1117";"3";"hard";"0,95";"0,860465116279070";"0,800000000000000";"1,000000000000000";"2,53917586046466";"1,17389859999821056";"3,91104440001072";"0,0227272727272727";"0,0000000000000000";;;"tv";"vib";"CBC_1117_MSI_TV_v3_Vset1_Tset2_2024-06-12_15h43.57.296.csv"
"CBC_1119";"2";"hard";"0,90";"0,909090909090909";"0,333333333333333";"1,000000000000000";"1,36277365681764";"0,65007829999922251";"3,44001089999983";"0,0000000000000000";"0,0227272727272727";;;"tv";"vib";"CBC_1119_MSI_TV_v3_Vset2_Tset2_2024-05-22_15h38.34.876.csv"
"CBC_1119";"3";"hard";"0,90";"0,750000000000000";"0,333333333333333";"1,000000000000000";"1,58068576363786";"0,68220630000178062";"4,05556740000065";"0,0000000000000000";"0,0227272727272727";;;"av";"env";"CBC_1119_MSI_AV_v3_Vset3_Aset1_2024-05-22_16h30.20.038.csv"
"CBC_1122";"1";"easy";"0,95";"0,536585365853659";"0,250000000000000";"1,000000000000000";"2,44894933658536";"1,31284590000086610";"3,92498230000001";"0,0681818181818182";"0,0000000000000000";;;"av";"env";"CBC_1122_MSI_AV_v3_Vset4_Aset2_2024-08-25_13h40.21.283.csv"
"CBC_1122";"2";"hard";"0,95";"0,525000000000000";"0,200000000000000";"1,000000000000000";"2,57520168749984";"0,08556979999957548";"6,22464709999986";"0,0909090909090909";"0,0250000000000000";;;"tv";"vib";"CBC_1122_MSI_TV_v3_Vset5_Tset1_2024-08-25_13h49.30.818.csv"
"CBC_1127";"1";"hard";"0,90";"0,767441860465116";"0,615384615384615";"1,000000000000000";"2,86065089999863";"1,70952559999932419";"4,07322940000086";"0,0227272727272727";"0,0000000000000000";;;"av";"env";"CBC_1127_MSI_AV_v3_Vset1_Aset1_2024-06-26_16h04.31.880.csv"
"CBC_1127";"3";"hard";"0,95";"0,750000000000000";"0,307692307692308";"1,000000000000000";"2,65290616363233";"2,12073270000109915";"4,14825919999566";"0,0000000000000000";"0,0227272727272727";;;"tv";"vib";"CBC_1127_MSI_TV_v3_Vset3_Tset3_2024-06-26_17h06.56.696.csv"
"CBC_1129";"2";"easy";"0,95";"0,558139534883721";"0,454545454545455";"1,000000000000000";"2,41698729767407";"1,53997079999953712";"4,61973390000003";"0,0227272727272727";"0,0232558139534884";;;"av";"env";"CBC_1129_MSI_AV_v3_Vset3_Aset1_2024-09-25_15h04.08.990.csv"
"CBC_1129";"3";"hard";"0,90";"0,666666666666667";"0,480000000000000";"1,000000000000000";"2,77621030714285";"1,59417309999935242";"5,12768419999975";"0,0454545454545455";"0,0238095238095238";;;"tv";"vib";"CBC_1129_MSI_TV_v3_Vset2_Tset1_2024-09-25_15h12.48.862.csv"
"CBC_1136";"4";"easy";"0,95";"0,860465116279070";"0,761904761904762";"1,000000000000000";"2,88275906046447";"2,09494769999946584";"4,00802289999956";"0,0227272727272727";"0,0000000000000000";;;"tv";"vib";"CBC_1136_MSI_TV_v3_Vset1_Tset1_2024-09-11_16h55.09.046.csv"
"CBC_1136";"4";"easy";"0,95";"0,642857142857143";"0,000000000000000";"0,642857142857143";"2,69496134285687";"1,33371529999931226";"4,05713599999945";"0,0454545454545455";"0,0000000000000000";;;"av";"env";"CBC_1136_MSI_AV_v3_Vset3_Aset3_2024-09-11_17h04.04.997.csv"
"CBC_1138";"1";"hard";"0,95";"0,473684210526316";"0,000000000000000";"0,486486486486487";"2,98267222105273";"1,23780850000002829";"4,67721309999979";"0,1363636363636364";"0,0000000000000000";;;"tv";"vib";"CBC_1138_MSI_TV_v3_Vset4_Tset3_2024-07-24_14h19.30.560.csv"
"CBC_1138";"3";"easy";"0,95";"0,318181818181818";"0,000000000000000";"0,344827586206897";"2,75145695454611";"1,85247570000137785";"4,86860250000063";"0,0000000000000000";"0,0227272727272727";;;"av";"env";"CBC_1138_MSI_AV_v3_Vset6_Aset2_2024-07-24_15h15.32.121.csv"
"CBC_1139";"1";"hard";"0,95";"0,659090909090909";"0,523809523809524";"1,000000000000000";"2,54280832954516";"1,60364299999946525";"3,38129570000001";"0,0000000000000000";"0,0000000000000000";;;"av";"env";"CBC_1139_MSI_AV_v3_Vset2_Aset3_2024-07-08_16h12.35.623.csv"
"CBC_1139";"3";"easy";"0,95";"0,545454545454545";"0,333333333333333";"1,000000000000000";"2,50015465681831";"1,57742469999993773";"3,36531799999921";"0,0000000000000000";"0,0454545454545455";;;"tv";"vib";"CBC_1139_MSI_TV_v3_Vset1_Tset3_2024-07-08_17h11.14.330.csv"
"CBC_1143";"2";"hard";"0,90";"1,000000000000000";"1,000000000000000";"1,000000000000000";"2,25293714545466";"0,96912010000050941";"3,01747999999861";"0,0000000000000000";"0,0000000000000000";;;"tv";"vib";"CBC_1143_MSI_TV_v3_Vset2_Tset2_2024-09-27_16h22.40.071.csv"
"CBC_1143";"3";"hard";"0,95";"0,886363636363636";"0,000000000000000";"0,900000000000000";"1,74531192727227";"0,96964699999989534";"3,11674579999999";"0,0000000000000000";"0,0000000000000000";;;"av";"env";"CBC_1143_MSI_AV_v3_Vset3_Aset2_2024-09-27_17h11.17.983.csv"
"CBC_1143";"4";"hard";"0,80";"0,840909090909091";"0,000000000000000";"0,840909090909091";"2,37403837954563";"1,13530239999818150";"3,21413659999962";"0,0000000000000000";"0,0000000000000000";;;"tv";"vib";"CBC_1143_MSI_TV_v3_Vset6_Tset3_2024-09-27_17h26.52.082.csv"
"CBC_1146";"1";"hard";"0,95";"0,813953488372093";"0,000000000000000";"0,923076923076923";"2,65566122325649";"1,10946920000151295";"5,58366510000087";"0,0227272727272727";"0,0000000000000000";;;"av";"env";"CBC_1146_MSI_AV_v3_Vset4_Aset3_2024-09-11_14h37.04.530.csv"
"CBC_1146";"2";"hard";"0,95";"0,536585365853659";"0,434782608695652";"1,000000000000000";"2,97169511463396";"1,89875789999950939";"5,52723789999982";"0,0681818181818182";"0,0243902439024390";;;"tv";"vib";"CBC_1146_MSI_TV_v3_Vset6_Tset1_2024-09-11_14h45.07.369.csv"
