ID,session,mod2Type,percModel,respModel,fit_startBelief,fit_alpha1,fit_nonDecisionTime,fit_weight,fit_startingBoundary,fit_startingPoint,fit_NLL,NLL,model,accuracy,probFB,nparms,nparms2,AIC,BIC,AIC2,BIC2
CBC_1001,1,aud,CBCsimpleRW,CBCdriftDiffusionLR,0.5,0.0722696237279605,0.960212364097957,11.8573500093306,2.58137789561923,0.5,55.7916356177159,14.951171771975144,CBCsimpleRW_CBCdriftDiffusionLR,0.8809523809523809,0.82,4,6,37.90234354395029,45.03910207962333,41.90234354395029,52.60748134745985
CBC_1001,2,tac,CBCsimpleRW,CBCdriftDiffusionLR,0.5,0.0361605027613061,1.09995314086929,4.81788381467543,2.65256370697111,0.5,75.4280487603763,26.8469157344621,CBCsimpleRW_CBCdriftDiffusionLR,0.6428571428571429,0.91,4,6,61.6938314689242,68.83059000459724,65.6938314689242,76.39896927243376
CBC_1001,3,aud,CBCsimpleRW,CBCdriftDiffusionLR,0.5,0.098540847859278,1.09973802307867,6.64105998728575,2.9825953522044,0.5,56.7286608353988,15.694371241679438,CBCsimpleRW_CBCdriftDiffusionLR,0.8837209302325582,0.82,4,6,39.388742483358875,46.52550101903192,43.388742483358875,54.09388028686844
CBC_1001,4,tac,CBCsimpleRW,CBCdriftDiffusionLR,0.5,0.129039672963861,0.998897770028056,8.91294531804429,2.87725095993771,0.5,39.4460726598116,10.181851651372298,CBCsimpleRW_CBCdriftDiffusionLR,0.9772727272727273,0.91,4,6,28.363703302744597,35.50046183841764,32.3637033027446,43.06884110625416
CBC_1002,1,tac,CBCsimpleRW,CBCdriftDiffusionLR,0.5,0.741790808053655,1.09791912567374,0.709676966755649,2.87922737230477,0.5,70.077823286677,24.6060213672578,CBCsimpleRW_CBCdriftDiffusionLR,0.6829268292682927,0.95,4,6,57.2120427345156,64.34880127018864,61.2120427345156,71.91718053802516
CBC_1002,2,aud,CBCsimpleRW,CBCdriftDiffusionLR,0.5,0.0580432326807612,1.08995999654629,2.84202958676052,2.57147112412266,0.5,67.0235318037985,24.77536515914835,CBCsimpleRW_CBCdriftDiffusionLR,0.5789473684210527,0.95,4,6,57.5507303182967,64.68748885396974,61.5507303182967,72.25586812180626
CBC_1002,3,tac,CBCsimpleRW,CBCdriftDiffusionLR,0.5,0.00471318232107387,0.9754564218553,12.9091390763294,2.14667869777243,0.5,74.1332940957379,30.21710222314609,CBCsimpleRW_CBCdriftDiffusionLR,0.6363636363636364,0.95,4,6,68.43420444629217,75.57096298196522,72.43420444629217,83.13934224980174
CBC_1002,4,aud,CBCsimpleRW,CBCdriftDiffusionLR,0.5,0.280497461196756,0.712324459084629,2.50768970099272,2.13947867417251,0.5,54.4308001368782,18.95280975309279,CBCsimpleRW_CBCdriftDiffusionLR,0.8837209302325582,0.95,4,6,45.90561950618558,53.042378041858626,49.90561950618558,60.610757309695146
CBC_1003,1,aud,CBCsimpleRW,CBCdriftDiffusionLR,0.5,0.00387703948996809,0.425454205893399,13.5264780149358,2.68755315961394,0.5,84.4183460523546,27.575616305945648,CBCsimpleRW_CBCdriftDiffusionLR,0.5,0.82,4,6,63.151232611891295,70.28799114756434,67.15123261189129,77.85637041540086
CBC_1003,2,tac,CBCsimpleRW,CBCdriftDiffusionLR,0.5,0.240718153353115,0.694505882864904,0.908797117827776,2.55515619254749,0.5,72.4110741253119,26.62729552478743,CBCsimpleRW_CBCdriftDiffusionLR,0.675,0.95,4,6,61.25459104957486,68.39134958524791,65.25459104957486,75.95972885308443
CBC_1005,1,aud,CBCsimpleRW,CBCdriftDiffusionLR,0.5,0.00206572620325229,1.09717738510741,0.0295374005859947,2.65318726901126,0.5,77.5020845203661,29.791706943744845,CBCsimpleRW_CBCdriftDiffusionLR,0.3953488372093023,0.95,4,6,67.58341388748968,74.72017242316274,71.58341388748968,82.28855169099926
CBC_1005,2,tac,CBCsimpleRW,CBCdriftDiffusionLR,0.5,0.0115001124744905,1.09948122512442,0.0232478037527497,2.87900767203723,0.5,85.7302697527772,29.800795947106757,CBCsimpleRW_CBCdriftDiffusionLR,0.4883720930232558,0.91,4,6,67.60159189421351,74.73835042988655,71.60159189421351,82.30672969772309
CBC_1005,3,aud,CBCsimpleRW,CBCdriftDiffusionLR,0.5,0.00920956628384584,0.312579799082009,3.35503619811568,3.15316363119506,0.5,103.734924298043,28.255012355735058,CBCsimpleRW_CBCdriftDiffusionLR,0.6097560975609756,0.95,4,6,64.51002471147012,71.64678324714316,68.51002471147012,79.21516251497968
CBC_1005,4,tac,CBCsimpleRW,CBCdriftDiffusionLR,0.5,0.425235729071343,1.09706390206404,1.46732777415939,2.77398053747145,0.5,70.97765643206,22.63681643064909,CBCsimpleRW_CBCdriftDiffusionLR,0.75,0.95,4,6,53.27363286129818,60.41039139697123,57.27363286129818,67.97877066480774
CBC_1006,1,aud,CBCsimpleRW,CBCdriftDiffusionLR,0.5,0.0226088202245105,1.06305002193913,9.93895505574002,2.45255331826869,0.5,70.3920881892698,26.11929934837501,CBCsimpleRW_CBCdriftDiffusionLR,0.7209302325581395,0.95,4,6,60.23859869675002,67.37535723242306,64.23859869675002,74.94373650025958
CBC_1006,2,tac,CBCsimpleRW,CBCdriftDiffusionLR,0.5,0.0319484785889221,0.902986778709089,4.21439124149692,2.59032680654307,0.5,81.5180732906402,27.837443597764334,CBCsimpleRW_CBCdriftDiffusionLR,0.5714285714285714,0.91,4,6,63.67488719552867,70.81164573120171,67.67488719552867,78.38002499903823
CBC_1006,3,aud,CBCsimpleRW,CBCdriftDiffusionLR,0.5,0.0227878041570855,1.08075179169948,10.3066703325817,2.45688765128987,0.5,69.9584402316006,25.43505613863752,CBCsimpleRW_CBCdriftDiffusionLR,0.5813953488372093,0.95,4,6,58.87011227727504,66.00687081294808,62.87011227727504,73.5752500807846
CBC_1006,4,tac,CBCsimpleRW,CBCdriftDiffusionLR,0.5,0.0618572547147684,1.09335981518069,1.45975886054562,2.7372030743927,0.5,79.1311607386533,28.5620565235825,CBCsimpleRW_CBCdriftDiffusionLR,0.5952380952380952,0.95,4,6,65.124113047165,72.26087158283804,69.124113047165,79.82925085067455
CBC_1007,1,aud,CBCsimpleRW,CBCdriftDiffusionLR,0.5,0.0667266439843988,0.831919867900019,11.3820615858771,2.31815599371137,0.5,41.1316529529774,13.612270549542894,CBCsimpleRW_CBCdriftDiffusionLR,0.813953488372093,0.91,4,6,35.22454109908578,42.36129963475883,39.22454109908578,49.929678902595356
CBC_1007,2,tac,CBCsimpleRW,CBCdriftDiffusionLR,0.5,0.312140806372893,0.903306670939159,2.60212796759937,2.8657044327679,0.5,64.2027845136637,12.034869315486201,CBCsimpleRW_CBCdriftDiffusionLR,0.9318181818181818,0.95,4,6,32.0697386309724,39.20649716664545,36.0697386309724,46.77487643448197
CBC_1007,3,aud,CBCsimpleRW,CBCdriftDiffusionLR,0.5,0.117625900606214,0.848971824735549,8.80792774162237,2.59741393242817,0.5,38.2738414060731,7.381707951232352,CBCsimpleRW_CBCdriftDiffusionLR,0.9318181818181818,0.91,4,6,22.763415902464704,29.900174438137746,26.763415902464704,37.46855370597427
CBC_1007,4,tac,CBCsimpleRW,CBCdriftDiffusionLR,0.5,0.0927733561219598,1.08647103315591,7.38791590991105,3.31939233695995,0.5,48.6930146599232,8.016328494786864,CBCsimpleRW_CBCdriftDiffusionLR,0.9069767441860465,0.95,4,6,24.032656989573727,31.16941552524677,28.032656989573727,38.737794793083296
CBC_1010,1,tac,CBCsimpleRW,CBCdriftDiffusionLR,0.5,0.107089031460051,0.964261889233997,5.70802776626451,2.83530266964613,0.5,66.5199480054644,19.94865137107147,CBCsimpleRW_CBCdriftDiffusionLR,0.7954545454545454,0.91,4,6,47.89730274214294,55.03406127781599,51.89730274214294,62.602440545652506
CBC_1010,2,aud,CBCsimpleRW,CBCdriftDiffusionLR,0.5,0.0423342058544129,0.767361298052646,10.1465345955153,1.76658167539716,0.5,46.9703836113496,27.330692689727115,CBCsimpleRW_CBCdriftDiffusionLR,0.7045454545454546,0.91,4,6,62.66138537945423,69.79814391512727,66.66138537945423,77.36652318296379
CBC_1011,1,tac,CBCsimpleRW,CBCdriftDiffusionLR,0.5,0.0527592814898725,1.08550349644304,6.05711754072926,3.59841540022683,0.5,75.0242154107523,20.05319291274287,CBCsimpleRW_CBCdriftDiffusionLR,0.8292682926829268,0.91,4,6,48.10638582548574,55.243144361158784,52.10638582548574,62.8115236289953
CBC_1011,2,aud,CBCsimpleRW,CBCdriftDiffusionLR,0.5,0.205728743004476,1.0996147140208,4.27648452872573,4.23354715608655,0.5,60.2038948814314,11.119278948745002,CBCsimpleRW_CBCdriftDiffusionLR,0.9047619047619048,0.95,4,6,30.238557897490004,37.37531643316305,34.238557897490004,44.94369570099957
CBC_1013,1,aud,CBCsimpleRW,CBCdriftDiffusionLR,0.5,1,0.942320549242185,0.304546263741863,2.17399702182239,0.5,66.707882087616,27.379559777382266,CBCsimpleRW_CBCdriftDiffusionLR,0.7045454545454546,0.95,4,6,62.75911955476453,69.89587809043758,66.75911955476454,77.4642573582741
CBC_1013,2,tac,CBCsimpleRW,CBCdriftDiffusionLR,0.5,0.00168349135327373,1.09812274423247,0.0520305787512285,2.2441839053621,0.5,70.2549414055393,30.500576558693254,CBCsimpleRW_CBCdriftDiffusionLR,0.5227272727272727,0.95,4,6,69.00115311738651,76.13791165305955,73.00115311738651,83.70629092089607
CBC_1013,3,aud,CBCsimpleRW,CBCdriftDiffusionLR,0.5,0.136917638137294,0.907541080921755,2.21003263603667,2.51155220586844,0.5,72.0932685531034,22.562269821731086,CBCsimpleRW_CBCdriftDiffusionLR,0.8409090909090909,0.95,4,6,53.12453964346217,60.26129817913522,57.12453964346217,67.82967744697174
CBC_1013,4,tac,CBCsimpleRW,CBCdriftDiffusionLR,0.5,0.0764531608263459,1.09979321259182,1.70089220472271,2.66208833815144,0.5,81.1203118443661,29.407453627119224,CBCsimpleRW_CBCdriftDiffusionLR,0.5909090909090909,0.95,4,6,66.81490725423845,73.95166578991149,70.81490725423845,81.520045057748
CBC_1014,1,tac,CBCsimpleRW,CBCdriftDiffusionLR,0.5,0.054532931632446,1.09790379585494,0.876071080248738,2.83226850169195,0.5,86.0952277541161,28.79057866623333,CBCsimpleRW_CBCdriftDiffusionLR,0.5952380952380952,0.95,4,6,65.58115733246666,72.7179158681397,69.58115733246666,80.28629513597622
CBC_1014,2,tac,CBCsimpleRW,CBCdriftDiffusionLR,0.5,0.0116743540624676,1.09952005141321,0.057942730026207,2.78448408510482,0.5,81.0158221252027,29.796069128450906,CBCsimpleRW_CBCdriftDiffusionLR,0.46511627906976744,0.95,4,6,67.59213825690182,74.72889679257486,71.59213825690182,82.29727606041138
CBC_1014,3,aud,CBCsimpleRW,CBCdriftDiffusionLR,0.5,0.108229011126714,0.3,2.54435542248436,3.06441109132404,0.5,142.962327433534,20.59508698096536,CBCsimpleRW_CBCdriftDiffusionLR,0.7272727272727273,0.95,4,6,49.19017396193072,56.326932497603764,53.19017396193072,63.89531176544028
CBC_1014,4,aud,CBCsimpleRW,CBCdriftDiffusionLR,0.5,0.00961217329380815,0.35384935934102,5.64967657425361,3.00035471550304,0.5,90.5458662892358,28.19215556949927,CBCsimpleRW_CBCdriftDiffusionLR,0.5853658536585366,0.95,4,6,64.38431113899854,71.52106967467158,68.38431113899854,79.08944894250811
CBC_1015,1,aud,CBCsimpleRW,CBCdriftDiffusionLR,0.5,0.147059369574087,0.657079438121265,7.89372595684213,2.56312509122275,0.5,32.891896461325,7.790085903952267,CBCsimpleRW_CBCdriftDiffusionLR,0.9302325581395349,0.95,4,6,23.580171807904534,30.71693034357758,27.580171807904534,38.2853096114141
CBC_1015,2,tac,CBCsimpleRW,CBCdriftDiffusionLR,0.5,0.023921416565174,0.89574132859777,8.1735011841485,2.57176797005264,0.5,75.4466145159456,25.39279124368366,CBCsimpleRW_CBCdriftDiffusionLR,0.7674418604651163,0.95,4,6,58.78558248736732,65.92234102304036,62.78558248736732,73.49072029087688
CBC_1015,3,aud,CBCsimpleRW,CBCdriftDiffusionLR,0.5,0.0714331628987029,0.687718814566479,14.2082575471125,2.67404120633389,0.5,34.0608565432367,8.97586277138122,CBCsimpleRW_CBCdriftDiffusionLR,0.9302325581395349,0.91,4,6,25.95172554276244,33.088484078435485,29.95172554276244,40.656863346272004
CBC_1015,4,tac,CBCsimpleRW,CBCdriftDiffusionLR,0.5,0.208318832665867,1.05622047023501,0.634932050334376,2.65410234723471,0.5,82.7403646120708,28.611193019510814,CBCsimpleRW_CBCdriftDiffusionLR,0.5813953488372093,0.95,4,6,65.22238603902163,72.35914457469467,69.22238603902163,79.9275238425312
CBC_1016,1,tac,CBCsimpleRW,CBCdriftDiffusionLR,0.5,0.0201956926447933,0.986493827040533,11.1764525400716,2.49693661644499,0.5,71.9872159398552,25.727779770950725,CBCsimpleRW_CBCdriftDiffusionLR,0.7727272727272727,0.95,4,6,59.45555954190145,66.59231807757449,63.45555954190145,74.16069734541102
CBC_1016,2,aud,CBCsimpleRW,CBCdriftDiffusionLR,0.5,0.0406714749666556,0.666372022450683,12.6903828958279,2.59099999619707,0.5,52.1824055055661,15.304842712336535,CBCsimpleRW_CBCdriftDiffusionLR,0.9090909090909091,0.95,4,6,38.609685424673074,45.74644396034611,42.609685424673074,53.31482322818263
CBC_1016,3,tac,CBCsimpleRW,CBCdriftDiffusionLR,0.5,0.0254053473563387,0.901389955294274,8.26114261082397,2.37773706619489,0.5,73.3601674914133,26.732087782730463,CBCsimpleRW_CBCdriftDiffusionLR,0.7272727272727273,0.95,4,6,61.46417556546093,68.60093410113397,65.46417556546092,76.16931336897049
CBC_1016,4,aud,CBCsimpleRW,CBCdriftDiffusionLR,0.5,0.4266569186264,0.817369165009118,2.26295503803652,2.61746301334409,0.5,58.464216262133,15.855455718974033,CBCsimpleRW_CBCdriftDiffusionLR,0.8863636363636364,0.95,4,6,39.71091143794807,46.84766997362111,43.71091143794807,54.41604924145763
CBC_1017,1,tac,CBCsimpleRW,CBCdriftDiffusionLR,0.5,0.370865598645437,1.08646332461112,3.50085362005299,3.0284893436639,0.5,56.361915019985,14.613628300346821,CBCsimpleRW_CBCdriftDiffusionLR,0.9318181818181818,0.91,4,6,37.22725660069364,44.36401513636669,41.22725660069364,51.93239440420321
CBC_1017,2,aud,CBCsimpleRW,CBCdriftDiffusionLR,0.5,0.0680141034276227,0.995716193935507,9.05348895066692,2.43963513162843,0.5,47.7326170295616,12.430406520456762,CBCsimpleRW_CBCdriftDiffusionLR,0.9090909090909091,0.95,4,6,32.86081304091353,39.997571576586566,36.86081304091353,47.565950844423085
CBC_1017,3,aud,CBCsimpleRW,CBCdriftDiffusionLR,0.5,0.0643721918791946,0.715126743103879,7.00965140650811,2.71420700343644,0.5,66.8617859000395,17.100115475284753,CBCsimpleRW_CBCdriftDiffusionLR,0.8636363636363636,0.91,4,6,42.200230950569505,49.33698948624255,46.200230950569505,56.90536875407907
CBC_1017,4,tac,CBCsimpleRW,CBCdriftDiffusionLR,0.5,0.0829147717852959,1.07308832351886,5.52625370491283,3.05678084082012,0.5,81.4650468223854,23.060363892779346,CBCsimpleRW_CBCdriftDiffusionLR,0.75,0.82,4,6,54.12072778555869,61.25748632123174,58.12072778555869,68.82586558906826
CBC_1018,1,tac,CBCsimpleRW,CBCdriftDiffusionLR,0.5,0.0130937346797632,0.808117740264505,2.96611108081351,2.81606780613126,0.5,90.0716970047854,29.61196265653903,CBCsimpleRW_CBCdriftDiffusionLR,0.5581395348837209,0.95,4,6,67.22392531307807,74.36068384875111,71.22392531307807,81.92906311658763
CBC_1018,2,aud,CBCsimpleRW,CBCdriftDiffusionLR,0.5,0.00867027911392815,0.845318313595395,9.07450781578718,2.34408843151338,0.5,73.4959327240809,28.57470914960308,CBCsimpleRW_CBCdriftDiffusionLR,0.5476190476190477,0.95,4,6,65.14941829920616,72.2861768348792,69.14941829920616,79.85455610271572
CBC_1018,3,aud,CBCsimpleRW,CBCdriftDiffusionLR,0.5,0.956632483699172,0.92903710335918,0.0971549880967895,2.33660186472717,0.5,75.1498272917152,28.94932364193976,CBCsimpleRW_CBCdriftDiffusionLR,0.5,0.95,4,6,65.89864728387951,73.03540581955257,69.89864728387951,80.60378508738908
CBC_1018,4,tac,CBCsimpleRW,CBCdriftDiffusionLR,0.5,0.454956539764798,0.355943826672937,0.260103117965729,3.01004088052047,0.5,96.0513496296637,29.018784955479003,CBCsimpleRW_CBCdriftDiffusionLR,0.5581395348837209,0.95,4,6,66.03756991095801,73.17432844663105,70.03756991095801,80.74270771446757
CBC_1019,1,aud,CBCsimpleRW,CBCdriftDiffusionLR,0.5,0.0407637130215364,0.87128924652449,7.24517280756524,2.26972798145463,0.5,63.0281118815181,21.47647935493694,CBCsimpleRW_CBCdriftDiffusionLR,0.8181818181818182,0.95,4,6,50.95295870987388,58.08971724554693,54.95295870987388,65.65809651338344
CBC_1019,2,tac,CBCsimpleRW,CBCdriftDiffusionLR,0.5,0.0297190327033188,0.98306567213574,14.2244033147531,2.48896194076204,0.5,66.5775809481386,22.087276710477067,CBCsimpleRW_CBCdriftDiffusionLR,0.7441860465116279,0.91,4,6,52.17455342095413,59.31131195662718,56.17455342095413,66.8796912244637
CBC_1019,3,aud,CBCsimpleRW,CBCdriftDiffusionLR,0.5,0.0914115665569327,1.01330805803582,6.66760944909761,2.37195422194813,0.5,53.4225033239996,14.327907615070123,CBCsimpleRW_CBCdriftDiffusionLR,0.9090909090909091,0.91,4,6,36.65581523014025,43.79257376581329,40.65581523014025,51.36095303364981
CBC_1019,4,tac,CBCsimpleRW,CBCdriftDiffusionLR,0.5,0.0433659793370219,0.793095149431967,11.0914716565588,3.14333765761816,0.5,64.490920730899,12.007758761932157,CBCsimpleRW_CBCdriftDiffusionLR,0.8863636363636364,0.91,4,6,32.01551752386432,39.15227605953736,36.01551752386432,46.720655327373876
CBC_1020,1,tac,CBCsimpleRW,CBCdriftDiffusionLR,0.5,0.00934215950978534,1.0968840425096,0.00752527305903139,2.60063755749863,0.5,75.8478413024671,30.50187632506899,CBCsimpleRW_CBCdriftDiffusionLR,0.38636363636363635,0.95,4,6,69.00375265013798,76.14051118581102,73.00375265013798,83.70889045364754
CBC_1020,2,aud,CBCsimpleRW,CBCdriftDiffusionLR,0.5,0.310293337041529,0.751331971763767,4.3871761755465,2.29148809139136,0.5,40.365870949611,9.918623454239233,CBCsimpleRW_CBCdriftDiffusionLR,0.9772727272727273,0.91,4,6,27.837246908478466,34.97400544415151,31.837246908478466,42.542384711988035
CBC_1020,3,tac,CBCsimpleRW,CBCdriftDiffusionLR,0.5,0.0129133258011583,1.07748172410093,10.6152016757387,2.67576877763133,0.5,76.346133532802,28.2238584173406,CBCsimpleRW_CBCdriftDiffusionLR,0.7045454545454546,0.95,4,6,64.4477168346812,71.58447537035424,68.4477168346812,79.15285463819077
CBC_1020,4,aud,CBCsimpleRW,CBCdriftDiffusionLR,0.5,0.996537106768953,0.803509477825307,0.254257635805607,2.59218376004063,0.5,128.110138425259,28.544326586892186,CBCsimpleRW_CBCdriftDiffusionLR,0.4883720930232558,0.82,4,6,65.08865317378437,72.22541170945742,69.08865317378437,79.79379097729394
CBC_1021,1,aud,CBCsimpleRW,CBCdriftDiffusionLR,0.5,0.00465388269068223,1.09654101250974,0.076258756512575,2.24925485225745,0.5,71.0751440696949,30.501326498139175,CBCsimpleRW_CBCdriftDiffusionLR,0.5,0.95,4,6,69.00265299627836,76.1394115319514,73.00265299627836,83.70779079978792
CBC_1021,2,tac,CBCsimpleRW,CBCdriftDiffusionLR,0.5,0.99661025266192,0.804019840761278,0.544034929484145,2.83470032779799,0.5,82.4848767077006,27.225744520426694,CBCsimpleRW_CBCdriftDiffusionLR,0.6818181818181818,0.95,4,6,62.45148904085339,69.58824757652643,66.45148904085339,77.15662684436296
CBC_1021,3,aud,CBCsimpleRW,CBCdriftDiffusionLR,0.5,0.00544942479135635,0.977303341196155,0.0220294532896964,2.17171402608505,0.5,72.3410232095076,29.80543620332628,CBCsimpleRW_CBCdriftDiffusionLR,0.3953488372093023,0.95,4,6,67.61087240665256,74.7476309423256,71.61087240665256,82.31601021016212
CBC_1021,4,tac,CBCsimpleRW,CBCdriftDiffusionLR,0.5,0.080202169607711,0.53780162694681,2.7046133437199,2.4699175219906,0.5,74.2025835627428,27.744594966738713,CBCsimpleRW_CBCdriftDiffusionLR,0.5909090909090909,0.95,4,6,63.48918993347743,70.62594846915047,67.48918993347743,78.19432773698699
CBC_1022,1,tac,CBCsimpleRW,CBCdriftDiffusionLR,0.5,0.258159292333053,0.492735366964581,0.122235354644115,2.94118284362152,0.5,92.5709102165741,29.052731218239742,CBCsimpleRW_CBCdriftDiffusionLR,0.5,0.95,4,6,66.10546243647948,73.24222097215252,70.10546243647948,80.81060023998904
CBC_1022,2,aud,CBCsimpleRW,CBCdriftDiffusionLR,0.5,0.00347433367910921,1.09997913246497,0.00355874423259173,2.52202014659978,0.5,74.0828770576068,30.50335931417912,CBCsimpleRW_CBCdriftDiffusionLR,0.4318181818181818,0.95,4,6,69.00671862835824,76.14347716403128,73.00671862835824,83.7118564318678
CBC_1022,3,tac,CBCsimpleRW,CBCdriftDiffusionLR,0.5,0.954223324234233,1.09540711148757,0.31995911249256,2.64356770610947,0.5,73.8301875426407,28.19827962111613,CBCsimpleRW_CBCdriftDiffusionLR,0.5952380952380952,0.95,4,6,64.39655924223226,71.5333177779053,68.39655924223226,79.10169704574182
CBC_1024,1,tac,CBCsimpleRW,CBCdriftDiffusionLR,0.5,0.656561192294281,1.09957255273124,0.646057783819762,3.10851334545022,0.5,88.1599573728578,26.56587240533104,CBCsimpleRW_CBCdriftDiffusionLR,0.6818181818181818,0.95,4,6,61.13174481066208,68.26850334633512,65.13174481066207,75.83688261417164
CBC_1024,2,aud,CBCsimpleRW,CBCdriftDiffusionLR,0.5,0.0149342332140084,1.08847429831657,13.136765095034,2.80914750816699,0.5,77.7085849110092,24.23597175711461,CBCsimpleRW_CBCdriftDiffusionLR,0.7441860465116279,0.95,4,6,56.47194351422922,63.60870204990226,60.47194351422922,71.17708131773878
CBC_1024,3,tac,CBCsimpleRW,CBCdriftDiffusionLR,0.5,0.946632233413343,0.93230194754364,0.0481529378755552,2.49774593331621,0.5,79.0701140119611,27.70230608087358,CBCsimpleRW_CBCdriftDiffusionLR,0.475,0.95,4,6,63.40461216174716,70.5413706974202,67.40461216174717,78.10974996525673
CBC_1024,4,aud,CBCsimpleRW,CBCdriftDiffusionLR,0.5,0.335473113098909,1.09626185873553,1.39941764715196,2.88595020614919,0.5,78.4206706658652,20.99273892706176,CBCsimpleRW_CBCdriftDiffusionLR,0.7954545454545454,0.95,4,6,49.98547785412352,57.12223638979657,53.98547785412352,64.69061565763309
CBC_1026,1,tac,CBCsimpleRW,CBCdriftDiffusionLR,0.5,0.00256214881372907,1.07956263561608,0.108776430484198,3.0011772028269,0.5,86.6132020507911,29.110489478579115,CBCsimpleRW_CBCdriftDiffusionLR,0.40476190476190477,0.95,4,6,66.22097895715822,73.35773749283128,70.22097895715822,80.9261167606678
CBC_1026,2,aud,CBCsimpleRW,CBCdriftDiffusionLR,0.5,0.0142779741839658,1.04977864544311,0.0236156107202046,2.65359951419404,0.5,78.8490898817922,29.112422694346506,CBCsimpleRW_CBCdriftDiffusionLR,0.5238095238095238,0.95,4,6,66.22484538869301,73.36160392436605,70.22484538869301,80.92998319220257
CBC_1026,3,tac,CBCsimpleRW,CBCdriftDiffusionLR,0.5,0.00901164909943408,1.09979753588347,0.00354099750559489,2.77144276081725,0.5,74.9835716379025,27.73647211083165,CBCsimpleRW_CBCdriftDiffusionLR,0.3,0.95,4,6,63.4729442216633,70.60970275733634,67.4729442216633,78.17808202517287
CBC_1026,4,aud,CBCsimpleRW,CBCdriftDiffusionLR,0.5,0.0107291997451627,1.08668010322003,14.4733207102451,2.89105125894285,0.5,79.2443109218058,26.791252892630133,CBCsimpleRW_CBCdriftDiffusionLR,0.627906976744186,0.95,4,6,61.58250578526027,68.7192643209333,65.58250578526027,76.28764358876984
CBC_1027,1,aud,CBCsimpleRW,CBCdriftDiffusionLR,0.5,0.986040038497345,0.903420504158944,0.614509162046837,2.07703701157444,0.5,66.1719256728975,27.55157719390663,CBCsimpleRW_CBCdriftDiffusionLR,0.6818181818181818,0.95,4,6,63.10315438781326,70.2399129234863,67.10315438781326,77.80829219132283
CBC_1027,2,tac,CBCsimpleRW,CBCdriftDiffusionLR,0.5,0.32417122654868,0.658283388271389,1.91363827181996,2.50788181810066,0.5,68.4814553776865,21.433830691507293,CBCsimpleRW_CBCdriftDiffusionLR,0.8181818181818182,0.95,4,6,50.867661383014585,58.00441991868763,54.867661383014585,65.57279918652415
CBC_1027,3,aud,CBCsimpleRW,CBCdriftDiffusionLR,0.5,0.0713687063803505,0.655033089960405,5.31804913014445,2.35874013349286,0.5,63.5384809051098,21.85683242602893,CBCsimpleRW_CBCdriftDiffusionLR,0.7727272727272727,0.95,4,6,51.71366485205786,58.850423387730906,55.71366485205786,66.41880265556742
CBC_1027,4,tac,CBCsimpleRW,CBCdriftDiffusionLR,0.5,0.028856711241288,1.09140840146529,9.34759038649567,2.72685888482046,0.5,70.9286253509117,23.592491433076624,CBCsimpleRW_CBCdriftDiffusionLR,0.75,0.91,4,6,55.18498286615325,62.321741401826294,59.18498286615325,69.89012066966282
CBC_1028,1,tac,CBCsimpleRW,CBCdriftDiffusionLR,0.5,0.956497830817215,0.980248470224555,0.165186477084482,2.55846104743374,0.5,83.751296588975,28.759673331437508,CBCsimpleRW_CBCdriftDiffusionLR,0.5952380952380952,0.95,4,6,65.51934666287502,72.65610519854806,69.51934666287502,80.22448446638458
CBC_1028,2,aud,CBCsimpleRW,CBCdriftDiffusionLR,0.5,0.00350106588412979,0.343847807250169,0.0899904014814132,2.71104487815385,0.5,91.0093895828288,30.507991854863878,CBCsimpleRW_CBCdriftDiffusionLR,0.4772727272727273,0.95,4,6,69.01598370972775,76.1527422454008,73.01598370972775,83.72112151323732
CBC_1028,3,tac,CBCsimpleRW,CBCdriftDiffusionLR,0.5,0.839478994501956,0.86742074061038,0.115398421163169,1.84702175660211,0.5,54.6350607562976,28.498057181052026,CBCsimpleRW_CBCdriftDiffusionLR,0.5365853658536586,0.95,4,6,64.99611436210405,72.13287289777709,68.99611436210405,79.70125216561362
CBC_1029,1,aud,CBCsimpleRW,CBCdriftDiffusionLR,0.5,0.0543386571098096,1.09755969779884,1.11296300672949,2.47346073446187,0.5,81.6919317021102,30.069529337765726,CBCsimpleRW_CBCdriftDiffusionLR,0.6136363636363636,0.95,4,6,68.13905867553146,75.2758172112045,72.13905867553146,82.84419647904102
CBC_1029,2,tac,CBCsimpleRW,CBCdriftDiffusionLR,0.5,0.00439609173027589,1.04174879270792,0.0811663451868011,2.29376692591454,0.5,79.2321227817648,30.47904202567174,CBCsimpleRW_CBCdriftDiffusionLR,0.5227272727272727,0.95,4,6,68.95808405134348,76.09484258701652,72.95808405134348,83.66322185485305
CBC_1029,3,aud,CBCsimpleRW,CBCdriftDiffusionLR,0.5,0.00857226597466187,0.82616318967264,14.2272985270192,2.24284379536273,0.5,70.7671437466603,29.06431252989113,CBCsimpleRW_CBCdriftDiffusionLR,0.6363636363636364,0.95,4,6,66.12862505978225,73.2653835954553,70.12862505978225,80.83376286329182
CBC_1029,4,tac,CBCsimpleRW,CBCdriftDiffusionLR,0.5,0.021673052272997,0.59771500683709,8.14826869294117,3.16077027445952,0.5,93.3590782156906,24.872029369544563,CBCsimpleRW_CBCdriftDiffusionLR,0.8181818181818182,0.95,4,6,57.74405873908913,64.88081727476217,61.74405873908913,72.44919654259868
CBC_1030,1,tac,CBCsimpleRW,CBCdriftDiffusionLR,0.5,0.0257367669896844,1.09920228860019,5.68884110291366,3.40081583066827,0.5,92.5264101693973,26.917498258966585,CBCsimpleRW_CBCdriftDiffusionLR,0.7441860465116279,0.95,4,6,61.83499651793317,68.97175505360622,65.83499651793318,76.54013432144274
CBC_1030,2,aud,CBCsimpleRW,CBCdriftDiffusionLR,0.5,0.0260586340298622,1.09901731127413,8.88072377401252,2.39158186131554,0.5,68.0314650773389,24.814850223135657,CBCsimpleRW_CBCdriftDiffusionLR,0.813953488372093,0.95,4,6,57.629700446271315,64.76645898194435,61.629700446271315,72.33483824978089
CBC_1030,3,tac,CBCsimpleRW,CBCdriftDiffusionLR,0.5,0.013221444622657,1.08822644921041,6.2574747058247,3.15475692239036,0.5,89.6026525425098,27.504906117526343,CBCsimpleRW_CBCdriftDiffusionLR,0.6585365853658537,0.95,4,6,63.009812235052685,70.14657077072573,67.00981223505269,77.71495003856225
CBC_1031,1,aud,CBCsimpleRW,CBCdriftDiffusionLR,0.5,0.375151915367208,0.326164098380006,0.232087221475256,2.97925766609394,0.5,96.8655533089841,28.7908582302101,CBCsimpleRW_CBCdriftDiffusionLR,0.5238095238095238,0.95,4,6,65.58171646042021,72.71847499609325,69.58171646042021,80.28685426392977
CBC_1031,2,tac,CBCsimpleRW,CBCdriftDiffusionLR,0.5,0.00315835423800348,0.867002968027059,0.0625,2.98232912904846,0.5,130.235531748268,27.026387166478756,CBCsimpleRW_CBCdriftDiffusionLR,0.4358974358974359,0.95,4,6,62.05277433295751,69.18953286863055,66.05277433295751,76.75791213646707
CBC_1031,3,aud,CBCsimpleRW,CBCdriftDiffusionLR,0.5,0.259085699765338,0.846494641612188,0.73479146991842,2.23055595740713,0.5,74.3932115239118,28.56440650798414,CBCsimpleRW_CBCdriftDiffusionLR,0.6818181818181818,0.95,4,6,65.12881301596828,72.26557155164132,69.12881301596828,79.83395081947785
CBC_1033,1,aud,CBCsimpleRW,CBCdriftDiffusionLR,0.5,0.322315784605957,0.57333973097547,7.02199664631247,2.80237862373168,0.5,23.8784438395453,3.791277364243661,CBCsimpleRW_CBCdriftDiffusionLR,1,0.95,4,6,15.582554728487322,22.719313264160366,19.582554728487324,30.28769253199689
CBC_1033,2,tac,CBCsimpleRW,CBCdriftDiffusionLR,0.5,0.0364680707292924,1.05482195989047,7.50209059160986,2.17513969812029,0.5,64.0189805028913,21.489245461175347,CBCsimpleRW_CBCdriftDiffusionLR,0.7441860465116279,0.95,4,6,50.978490922350694,58.11524945802374,54.978490922350694,65.68362872586026
CBC_1033,3,aud,CBCsimpleRW,CBCdriftDiffusionLR,0.5,0.0378598594457088,0.850266539802061,14.8967856427814,2.85313559665628,0.5,57.3865508211294,14.23553782490017,CBCsimpleRW_CBCdriftDiffusionLR,0.8863636363636364,0.91,4,6,36.47107564980034,43.607834185473386,40.47107564980034,51.176213453309906
CBC_1034,1,tac,CBCsimpleRW,CBCdriftDiffusionLR,0.5,0.0328520577793189,0.644637365169296,1.25096167453721,2.67153484625921,0.5,88.1575589659815,30.2826711989549,CBCsimpleRW_CBCdriftDiffusionLR,0.45454545454545453,0.95,4,6,68.5653423979098,75.70210093358284,72.5653423979098,83.27048020141936
CBC_1034,2,aud,CBCsimpleRW,CBCdriftDiffusionLR,0.5,0.0179450194712141,0.967664480010104,2.79610699472802,2.38406703504296,0.5,80.9121103971584,30.23337084921564,CBCsimpleRW_CBCdriftDiffusionLR,0.4772727272727273,0.95,4,6,68.46674169843128,75.60350023410432,72.46674169843128,83.17187950194085
CBC_1035,1,tac,CBCsimpleRW,CBCdriftDiffusionLR,0.5,0.0183698944298726,0.764348519781313,9.61693685668372,3.07798212502134,0.5,79.8261531366713,23.251059404990716,CBCsimpleRW_CBCdriftDiffusionLR,0.6923076923076923,0.95,4,6,54.50211880998143,61.63887734565448,58.50211880998143,69.207256613491
CBC_1035,2,aud,CBCsimpleRW,CBCdriftDiffusionLR,0.5,0.245937947526882,1.09322260382132,0.27804821185516,2.63361469135642,0.5,86.7369704451461,29.40771710502073,CBCsimpleRW_CBCdriftDiffusionLR,0.5116279069767442,0.95,4,6,66.81543421004146,73.9521927457145,70.81543421004146,81.52057201355103
CBC_1036,1,tac,CBCsimpleRW,CBCdriftDiffusionLR,0.5,0.0193739550801585,0.819803552674979,12.2019369662938,2.69722638264789,0.5,77.5618435880011,25.56192555824015,CBCsimpleRW_CBCdriftDiffusionLR,0.6666666666666666,0.95,4,6,59.1238511164803,66.26060965215335,63.1238511164803,73.82898891998987
CBC_1036,2,aud,CBCsimpleRW,CBCdriftDiffusionLR,0.5,0.120689678842209,0.85763649926185,3.0525023856798,2.20694309761841,0.5,62.9552396994888,24.76219307467224,CBCsimpleRW_CBCdriftDiffusionLR,0.75,0.95,4,6,57.52438614934448,64.66114468501752,61.52438614934448,72.22952395285404
CBC_1036,3,tac,CBCsimpleRW,CBCdriftDiffusionLR,0.5,0.985427599822098,1.09503053683497,0.38132780887018,2.39057962905236,0.5,73.6135460792794,28.758968613127717,CBCsimpleRW_CBCdriftDiffusionLR,0.5681818181818182,0.95,4,6,65.51793722625544,72.65469576192848,69.51793722625544,80.223075029765
CBC_1037,1,aud,CBCsimpleRW,CBCdriftDiffusionLR,0.5,0.0254276630826682,0.905633989651483,9.05543955755522,2.60231263710288,0.5,79.3349567202979,23.82957693334442,CBCsimpleRW_CBCdriftDiffusionLR,0.75,0.95,4,6,55.65915386668884,62.795912402361886,59.65915386668884,70.36429167019841
CBC_1037,2,tac,CBCsimpleRW,CBCdriftDiffusionLR,0.5,0.976179730961274,1.09910011642186,0.139984934087539,2.98404334030573,0.5,83.8634474584573,28.19791395057805,CBCsimpleRW_CBCdriftDiffusionLR,0.5121951219512195,0.91,4,6,64.39582790115611,71.53258643682915,68.39582790115611,79.10096570466567
CBC_1038,1,aud,CBCsimpleRW,CBCdriftDiffusionLR,0.5,0.0122430694321577,0.653286844676845,0.501589549603098,2.18223049057832,0.5,64.6878981799477,25.654171825495723,CBCsimpleRW_CBCdriftDiffusionLR,0.5135135135135135,0.95,4,6,59.308343650991446,66.44510218666449,63.308343650991446,74.013481454501
CBC_1038,2,tac,CBCsimpleRW,CBCdriftDiffusionLR,0.5,0.0103531543720164,0.655552922081867,14.9608881227309,2.27224610088555,0.5,62.061622016519,26.541373663038858,CBCsimpleRW_CBCdriftDiffusionLR,0.6341463414634146,0.95,4,6,61.082747326077715,68.21950586175076,65.08274732607771,75.78788512958728
CBC_1040,1,tac,CBCsimpleRW,CBCdriftDiffusionLR,0.5,0.0209146708486118,1.09474694757652,14.9881128352775,3.04347684512945,0.5,70.2638724845306,20.994367047336574,CBCsimpleRW_CBCdriftDiffusionLR,0.7954545454545454,0.91,4,6,49.98873409467315,57.125492630346194,53.98873409467315,64.69387189818272
CBC_1040,2,aud,CBCsimpleRW,CBCdriftDiffusionLR,0.5,0.395361310474518,1.09329748795157,3.65971401044853,3.33415088038113,0.5,48.996203096358,13.841031361629012,CBCsimpleRW_CBCdriftDiffusionLR,0.9090909090909091,0.91,4,6,35.68206272325803,42.81882125893107,39.68206272325803,50.387200526767586
CBC_1041,1,tac,CBCsimpleRW,CBCdriftDiffusionLR,0.5,0.0277373763561749,0.921725204948925,2.12257047133259,2.81339852338828,0.5,86.6742116974106,28.008045856553224,CBCsimpleRW_CBCdriftDiffusionLR,0.6097560975609756,0.95,4,6,64.01609171310645,71.15285024877949,68.01609171310645,78.721229516616
CBC_1041,2,aud,CBCsimpleRW,CBCdriftDiffusionLR,0.5,0.053173011420897,0.757572888883205,1.14429920028278,2.50256884264654,0.5,82.4573639403566,28.00131002070316,CBCsimpleRW_CBCdriftDiffusionLR,0.6097560975609756,0.95,4,6,64.00262004140632,71.13937857707936,68.00262004140632,78.70775784491588
CBC_1042,1,tac,CBCsimpleRW,CBCdriftDiffusionLR,0.5,0.685004763423816,1.09874037903233,0.507760887550978,2.92147237475446,0.5,79.2848293485701,27.576115409910795,CBCsimpleRW_CBCdriftDiffusionLR,0.6511627906976745,0.95,4,6,63.15223081982159,70.28898935549464,67.1522308198216,77.85736862333115
CBC_1042,2,aud,CBCsimpleRW,CBCdriftDiffusionLR,0.5,5.03636708224509e-5,1.09969554177368,0.0352728121983231,2.32820027164792,0.5,72.4274055105715,29.816882829227474,CBCsimpleRW_CBCdriftDiffusionLR,0.4883720930232558,0.95,4,6,67.63376565845495,74.77052419412799,71.63376565845495,82.33890346196452
CBC_1044,1,aud,CBCsimpleRW,CBCdriftDiffusionLR,0.5,0.033333388269827,0.954833669724047,13.4306797143009,1.73455173196824,0.5,38.8553133642381,22.49515725835137,CBCsimpleRW_CBCdriftDiffusionLR,0.7045454545454546,0.95,4,6,52.99031451670274,60.127073052375785,56.99031451670274,67.6954523202123
CBC_1044,2,tac,CBCsimpleRW,CBCdriftDiffusionLR,0.5,0.227900293732329,0.938209016586706,4.81706769028645,1.9064117384057,0.5,33.449356238064,14.37239564658286,CBCsimpleRW_CBCdriftDiffusionLR,0.926829268292683,0.95,4,6,36.74479129316572,43.881549828838764,40.74479129316572,51.449929096675284
CBC_1045,1,aud,CBCsimpleRW,CBCdriftDiffusionLR,0.5,0.999406469013953,1.09990247480071,0.164650016035023,3.02889135656145,0.5,74.7667247510407,25.261874519025447,CBCsimpleRW_CBCdriftDiffusionLR,0.4594594594594595,0.95,4,6,58.523749038050894,65.66050757372393,62.523749038050894,73.22888684156047
CBC_1045,2,tac,CBCsimpleRW,CBCdriftDiffusionLR,0.5,0.0258301202126384,1.09829293022709,4.51437224213404,2.9266685321874,0.5,74.9350893187812,26.926258262903737,CBCsimpleRW_CBCdriftDiffusionLR,0.5897435897435898,0.95,4,6,61.852516525807474,68.98927506148051,65.85251652580747,76.55765432931705
CBC_1048,1,tac,CBCsimpleRW,CBCdriftDiffusionLR,0.5,0.0208365633868841,1.07303030208848,6.86189027909816,2.77911080343533,0.5,77.6683328998221,26.95101999435984,CBCsimpleRW_CBCdriftDiffusionLR,0.6976744186046512,0.95,4,6,61.90203998871968,69.03879852439272,65.90203998871968,76.60717779222924
CBC_1048,2,aud,CBCsimpleRW,CBCdriftDiffusionLR,0.5,0.576158038752002,0.569166993637604,1.79218463932612,3.1563225258691,0.5,73.8423686493816,14.865678290803283,CBCsimpleRW_CBCdriftDiffusionLR,0.8636363636363636,0.95,4,6,37.73135658160656,44.86811511727961,41.73135658160656,52.436494385116134
CBC_1051,1,aud,CBCsimpleRW,CBCdriftDiffusionLR,0.5,0.00482388718985494,0.876863200969022,0.0417072806659503,2.33913687663023,0.5,77.787698532201,29.119639015652485,CBCsimpleRW_CBCdriftDiffusionLR,0.4523809523809524,0.95,4,6,66.23927803130496,73.37603656697802,70.23927803130496,80.94441583481454
CBC_1051,2,tac,CBCsimpleRW,CBCdriftDiffusionLR,0.5,0.36765757236098,1.09764769848938,2.25132343581469,3.11526627405633,0.5,68.2550307657128,20.390107894401094,CBCsimpleRW_CBCdriftDiffusionLR,0.813953488372093,0.95,4,6,48.78021578880219,55.916974324475234,52.78021578880219,63.48535359231175
CBC_1051,3,aud,CBCsimpleRW,CBCdriftDiffusionLR,0.5,0.0109465813185466,0.587156074166125,2.28096949627612,2.79766452376324,0.5,91.5697036359504,29.70959991431425,CBCsimpleRW_CBCdriftDiffusionLR,0.5116279069767442,0.95,4,6,67.4191998286285,74.55595836430155,71.4191998286285,82.12433763213807
CBC_1054,1,tac,CBCsimpleRW,CBCdriftDiffusionLR,0.5,0.0462259681416144,1.0941421025249,3.16489793989891,2.24779552994436,0.5,72.7908677893749,27.671170705257314,CBCsimpleRW_CBCdriftDiffusionLR,0.6666666666666666,0.95,4,6,63.34234141051463,70.47909994618767,67.34234141051462,78.0474792140242
CBC_1054,2,aud,CBCsimpleRW,CBCdriftDiffusionLR,0.5,0.168748651104159,1.09980190033981,3.36599969684808,2.73177932259363,0.5,59.2712350132165,17.781046928107358,CBCsimpleRW_CBCdriftDiffusionLR,0.813953488372093,0.95,4,6,43.562093856214716,50.69885239188776,47.562093856214716,58.26723165972428
CBC_1058,1,tac,CBCsimpleRW,CBCdriftDiffusionLR,0.5,0.154682585853279,0.89399008039021,5.3366360055258,2.96297403781836,0.5,58.9376474091144,11.632438032373978,CBCsimpleRW_CBCdriftDiffusionLR,0.8863636363636364,0.91,4,6,31.264876064747956,38.401634600421,35.26487606474795,45.970013868257524
CBC_1058,2,aud,CBCsimpleRW,CBCdriftDiffusionLR,0.5,0.104378637069357,0.690472653949999,7.1077764577534,2.80128755349838,0.5,50.4311636820121,7.150617881323933,CBCsimpleRW_CBCdriftDiffusionLR,0.9534883720930233,0.91,4,6,22.301235762647867,29.43799429832091,26.301235762647867,37.006373566157436
CBC_1059,1,tac,CBCsimpleRW,CBCdriftDiffusionLR,0.5,0.0642924979602735,1.08446246010334,4.9274393864092,3.28932134680135,0.5,83.5603247312027,22.73282651175974,CBCsimpleRW_CBCdriftDiffusionLR,0.75,0.91,4,6,53.46565302351948,60.602411559192525,57.46565302351948,68.17079082702904
CBC_1059,2,aud,CBCsimpleRW,CBCdriftDiffusionLR,0.5,0.0317026112237963,1.0958565060634,11.0598685145673,2.91535530488573,0.5,66.403409789033,19.010129820360696,CBCsimpleRW_CBCdriftDiffusionLR,0.7727272727272727,0.91,4,6,46.02025964072139,53.15701817639444,50.02025964072139,60.72539744423096
CBC_1064,1,tac,CBCsimpleRW,CBCdriftDiffusionLR,0.5,0.0312160233136605,1.09639683654332,3.43228291369849,2.7138128774014,0.5,79.1559535286937,30.206501040937823,CBCsimpleRW_CBCdriftDiffusionLR,0.5681818181818182,0.95,4,6,68.41300208187565,75.54976061754869,72.41300208187565,83.1181398853852
CBC_1064,2,aud,CBCsimpleRW,CBCdriftDiffusionLR,0.5,0.00879737666205982,1.08293941983464,0.0477211691366338,2.48820585021698,0.5,71.152062937886,29.807199652047,CBCsimpleRW_CBCdriftDiffusionLR,0.4883720930232558,0.95,4,6,67.61439930409401,74.75115783976705,71.61439930409401,82.31953710760357
CBC_1064,3,aud,CBCsimpleRW,CBCdriftDiffusionLR,0.5,0.61494594688831,1.08282726069707,1.04895525886811,2.45748915755505,0.5,71.6970372572259,23.779673755049405,CBCsimpleRW_CBCdriftDiffusionLR,0.75,0.95,4,6,55.55934751009881,62.696106045771856,59.55934751009881,70.26448531360838
CBC_1071,1,tac,CBCsimpleRW,CBCdriftDiffusionLR,0.5,0.623544028623842,1.08526590278263,1.49233487783356,3.28044264939848,0.5,120.412035989168,22.59859680598583,CBCsimpleRW_CBCdriftDiffusionLR,0.7906976744186046,0.95,4,6,53.19719361197166,60.33395214764471,57.19719361197166,67.90233141548123
CBC_1071,2,aud,CBCsimpleRW,CBCdriftDiffusionLR,0.5,0.00526281194797318,0.712137944135594,9.97806276251053,2.56550595722035,0.5,84.8341887594785,30.14281877553072,CBCsimpleRW_CBCdriftDiffusionLR,0.5909090909090909,0.95,4,6,68.28563755106144,75.42239608673448,72.28563755106144,82.99077535457101
CBC_1072,1,tac,CBCsimpleRW,CBCdriftDiffusionLR,0.5,0.00629834949403096,1.09961357243116,0.00392339558984411,2.22399155444057,0.5,71.1990739924587,30.49494701238095,CBCsimpleRW_CBCdriftDiffusionLR,0.4090909090909091,0.95,4,6,68.9898940247619,76.12665256043495,72.9898940247619,83.69503182827147
CBC_1072,2,aud,CBCsimpleRW,CBCdriftDiffusionLR,0.5,0.0200511359731712,1.1,5.56991359965626,2.46716117490086,0.5,73.312328586787,28.49630656946483,CBCsimpleRW_CBCdriftDiffusionLR,0.6511627906976745,0.95,4,6,64.99261313892967,72.12937167460271,68.99261313892967,79.69775094243923
CBC_1075,1,aud,CBCsimpleRW,CBCdriftDiffusionLR,0.5,0.108037454483824,0.7414069144471,0.824994596073976,2.73722397287677,0.5,93.9862432272205,29.502411049623724,CBCsimpleRW_CBCdriftDiffusionLR,0.5681818181818182,0.95,4,6,67.00482209924745,74.14158063492049,71.00482209924745,81.70995990275702
CBC_1075,2,tac,CBCsimpleRW,CBCdriftDiffusionLR,0.5,0.340851157865455,0.968831046730066,0.78507475912799,2.94230108485317,0.5,90.1112443675238,27.734050670928482,CBCsimpleRW_CBCdriftDiffusionLR,0.5454545454545454,0.95,4,6,63.468101341856965,70.60485987753,67.46810134185696,78.17323914536652
CBC_1076,1,tac,CBCsimpleRW,CBCdriftDiffusionLR,0.5,0.0193360826272897,1.02075810317834,1.08455829851114,1.99758317726206,0.5,59.4500259828404,27.706919172526433,CBCsimpleRW_CBCdriftDiffusionLR,0.5,0.91,4,6,63.413838345052866,70.5505968807259,67.41383834505287,78.11897614856244
CBC_1076,2,aud,CBCsimpleRW,CBCdriftDiffusionLR,0.5,0.0311512462958559,0.874703301766209,6.82698798921924,2.45743089664033,0.5,65.6660627541042,23.435003763107677,CBCsimpleRW_CBCdriftDiffusionLR,0.5945945945945946,0.95,4,6,54.87000752621535,62.0067660618884,58.87000752621535,69.57514532972492
CBC_1087,1,aud,CBCsimpleRW,CBCdriftDiffusionLR,0.5,0.985303146300964,0.933416715938197,0.202352556786765,1.84103706009879,0.5,61.103911581731,29.438445152798423,CBCsimpleRW_CBCdriftDiffusionLR,0.5348837209302325,0.91,4,6,66.87689030559685,74.01364884126988,70.87689030559685,81.5820281091064
CBC_1087,2,tac,CBCsimpleRW,CBCdriftDiffusionLR,0.5,0.00320764671189533,0.877411558812617,0.100551214690637,2.05372830251265,0.5,68.7409246164845,29.809879495245767,CBCsimpleRW_CBCdriftDiffusionLR,0.37209302325581395,0.95,4,6,67.61975899049153,74.75651752616457,71.61975899049153,82.32489679400109
CBC_1087,3,aud,CBCsimpleRW,CBCdriftDiffusionLR,0.5,0.958882578754729,0.893439256181205,0.463438874414443,1.98621333971149,0.5,61.5093245488697,28.456485472322232,CBCsimpleRW_CBCdriftDiffusionLR,0.6046511627906976,0.95,4,6,64.91297094464446,72.04972948031751,68.91297094464446,79.61810874815403
CBC_1090,1,tac,CBCsimpleRW,CBCdriftDiffusionLR,0.5,0.210646077350467,1.09128570760206,3.37267850495823,3.00531304332786,0.5,63.2085872775596,14.976779916098716,CBCsimpleRW_CBCdriftDiffusionLR,0.9069767441860465,0.91,4,6,37.95355983219743,45.090318367870474,41.95355983219743,52.658697635707
CBC_1090,2,aud,CBCsimpleRW,CBCdriftDiffusionLR,0.5,0.132352848557309,0.670163023547413,3.70373794251131,2.72951910383615,0.5,76.115804242326,20.326805087737036,CBCsimpleRW_CBCdriftDiffusionLR,0.8837209302325582,0.82,4,6,48.65361017547407,55.79036871114712,52.65361017547407,63.35874797898364
CBC_1093,1,aud,CBCsimpleRW,CBCdriftDiffusionLR,0.5,0.113188646790387,0.968467122187952,5.09434225237177,2.90008534166547,0.5,60.198902860351,13.33547403391959,CBCsimpleRW_CBCdriftDiffusionLR,0.8780487804878049,0.95,4,6,34.67094806783918,41.80770660351222,38.67094806783918,49.37608587134875
CBC_1093,2,tac,CBCsimpleRW,CBCdriftDiffusionLR,0.5,1,0.807137008746668,5.61392549920381e-4,2.5695032986862,0.5,79.9255686028608,27.031367484404186,CBCsimpleRW_CBCdriftDiffusionLR,0.35,0.95,4,6,62.06273496880837,69.19949350448141,66.06273496880837,76.76787277231793
CBC_1102,1,tac,CBCsimpleRW,CBCdriftDiffusionLR,0.5,0.539183634914173,1.0941616755827,0.200066809769279,2.80990789880409,0.5,76.5100070212329,27.851652573132736,CBCsimpleRW_CBCdriftDiffusionLR,0.5,0.95,4,6,63.70330514626547,70.84006368193852,67.70330514626548,78.40844294977504
CBC_1102,2,aud,CBCsimpleRW,CBCdriftDiffusionLR,0.5,0.973218224207662,0.871212443282238,0.23173118172866,2.5224691274599,0.5,80.5986902959353,28.731631527878694,CBCsimpleRW_CBCdriftDiffusionLR,0.627906976744186,0.95,4,6,65.46326305575738,72.60002159143043,69.46326305575738,80.16840085926695
CBC_1108,1,tac,CBCsimpleRW,CBCdriftDiffusionLR,0.5,0.0389922207770791,1.099150253955,4.17638094747494,2.76839643285915,0.5,80.4565038048656,26.845676890222663,CBCsimpleRW_CBCdriftDiffusionLR,0.6190476190476191,0.95,4,6,61.691353780445326,68.82811231611836,65.69135378044533,76.39649158395488
CBC_1108,2,aud,CBCsimpleRW,CBCdriftDiffusionLR,0.5,0.33623198453629,0.440723329317092,0.243569887400047,2.85405458633605,0.5,138.547542842705,30.310611237679424,CBCsimpleRW_CBCdriftDiffusionLR,0.6136363636363636,0.82,4,6,68.62122247535885,75.75798101103189,72.62122247535885,83.3263602788684
CBC_1109,1,aud,CBCsimpleRW,CBCdriftDiffusionLR,0.5,0.196762623659518,1.08901462775934,1.41563575798701,2.49124487031703,0.5,74.0155780531293,24.72539351294488,CBCsimpleRW_CBCdriftDiffusionLR,0.7857142857142857,0.95,4,6,57.45078702588976,64.5875455615628,61.45078702588976,72.15592482939932
CBC_1109,2,tac,CBCsimpleRW,CBCdriftDiffusionLR,0.5,0.0144814416801218,0.819815400086456,7.56333554662647,2.91926880912396,0.5,91.1832393001452,28.062214803575714,CBCsimpleRW_CBCdriftDiffusionLR,0.6511627906976745,0.95,4,6,64.12442960715143,71.26118814282447,68.12442960715143,78.82956741066099
CBC_1110,1,aud,CBCsimpleRW,CBCdriftDiffusionLR,0.5,0.00940023728906825,1.09793779565682,7.50134513237627,3.03520056643526,0.5,88.2818861405795,28.605368830500286,CBCsimpleRW_CBCdriftDiffusionLR,0.5,0.95,4,6,65.21073766100056,72.34749619667362,69.21073766100056,79.91587546451014
CBC_1110,2,tac,CBCsimpleRW,CBCdriftDiffusionLR,0.5,0.906608149308306,1.09699877710342,0.113799037391353,3.09774175537372,0.5,82.921255902592,26.019311982276598,CBCsimpleRW_CBCdriftDiffusionLR,0.5789473684210527,0.95,4,6,60.038623964553196,67.17538250022623,64.0386239645532,74.74376176806277
CBC_1111,1,aud,CBCsimpleRW,CBCdriftDiffusionLR,0.5,0.110366959492971,0.3,1.87423932716581,3.42076799593414,0.5,95.3057193347135,26.068707917979378,CBCsimpleRW_CBCdriftDiffusionLR,0.7619047619047619,0.95,4,6,60.137415835958755,67.2741743716318,64.13741583595876,74.84255363946832
CBC_1111,2,tac,CBCsimpleRW,CBCdriftDiffusionLR,0.5,0.0142356520371385,0.839790436424214,13.6117164108099,2.63322899913212,0.5,64.898684817038,22.206632222164515,CBCsimpleRW_CBCdriftDiffusionLR,0.5555555555555556,0.95,4,6,52.41326444432903,59.550022980002076,56.41326444432903,67.11840224783859
CBC_1112,1,tac,CBCsimpleRW,CBCdriftDiffusionLR,0.5,0.0637970243678814,0.897944266004427,2.86431363104886,3.13602028174164,0.5,89.9444122990205,24.73059434310665,CBCsimpleRW_CBCdriftDiffusionLR,0.7619047619047619,0.95,4,6,57.4611886862133,64.59794722188634,61.4611886862133,72.16632648972286
CBC_1112,2,aud,CBCsimpleRW,CBCdriftDiffusionLR,0.5,0.022773549817474,0.867116971340841,8.46007175374614,2.59244741317949,0.5,79.8818479215634,25.973518756917635,CBCsimpleRW_CBCdriftDiffusionLR,0.6976744186046512,0.95,4,6,59.94703751383527,67.08379604950831,63.94703751383527,74.65217531734484
CBC_1114,1,tac,CBCsimpleRW,CBCdriftDiffusionLR,0.5,0.00768880112816983,1.08897782050277,7.83206788705817,2.60766663418912,0.5,75.9832157574058,26.073553021203384,CBCsimpleRW_CBCdriftDiffusionLR,0.5789473684210527,0.95,4,6,60.14710604240677,67.28386457807981,64.14710604240676,74.85224384591633
CBC_1114,2,aud,CBCsimpleRW,CBCdriftDiffusionLR,0.5,0.067586967382755,0.922286689946033,0.478718065192872,2.05059587067383,0.5,60.4439019829305,29.08312949538978,CBCsimpleRW_CBCdriftDiffusionLR,0.5476190476190477,0.95,4,6,66.16625899077957,73.3030175264526,70.16625899077957,80.87139679428913
CBC_1115,1,aud,CBCsimpleRW,CBCdriftDiffusionLR,0.5,0.0144464325658876,0.790886074767637,10.6270681851146,2.93691480984542,0.5,80.424989483264,24.017287227101782,CBCsimpleRW_CBCdriftDiffusionLR,0.6842105263157895,0.91,4,6,56.034574454203565,63.17133298987661,60.034574454203565,70.73971225771314
CBC_1115,2,tac,CBCsimpleRW,CBCdriftDiffusionLR,0.5,0.0222364446186071,0.300287307242299,8.70493426798972,3.24789291027651,0.5,96.3036202639645,18.182556608854227,CBCsimpleRW_CBCdriftDiffusionLR,0.8055555555555556,0.95,4,6,44.365113217708455,51.5018717533815,48.365113217708455,59.07025102121802
CBC_1117,1,aud,CBCsimpleRW,CBCdriftDiffusionLR,0.5,1,1.09010198352175,0.0129627677544619,2.75662529732422,0.5,82.1049600029042,29.983712368033682,CBCsimpleRW_CBCdriftDiffusionLR,0.4318181818181818,0.91,4,6,67.96742473606736,75.10418327174041,71.96742473606736,82.67256253957693
CBC_1117,2,tac,CBCsimpleRW,CBCdriftDiffusionLR,0.5,0.361469300081409,1.01729033026992,2.01226596590376,2.89116863103529,0.5,72.8382011765881,21.411319394942893,CBCsimpleRW_CBCdriftDiffusionLR,0.8604651162790697,0.95,4,6,50.82263878988579,57.95939732555883,54.82263878988579,65.52777659339534
CBC_1119,1,tac,CBCsimpleRW,CBCdriftDiffusionLR,0.5,0.104936489995003,0.548018983089827,7.8612655100784,2.19348466821628,0.5,35.5511095558241,12.907018153888364,CBCsimpleRW_CBCdriftDiffusionLR,0.9090909090909091,0.91,4,6,33.81403630777673,40.95079484344977,37.81403630777673,48.51917411128629
CBC_1119,2,aud,CBCsimpleRW,CBCdriftDiffusionLR,0.5,0.0531130333150631,0.572723035974143,7.45000653952995,2.19780102959478,0.5,54.3181248471562,20.937224034046515,CBCsimpleRW_CBCdriftDiffusionLR,0.75,0.91,4,6,49.87444806809303,57.01120660376608,53.87444806809303,64.5795858716026
CBC_1122,1,aud,CBCsimpleRW,CBCdriftDiffusionLR,0.5,0.046891615292711,1.09720276764968,2.32860085632957,2.43789409302039,0.5,73.7585330610322,27.686230410470536,CBCsimpleRW_CBCdriftDiffusionLR,0.5365853658536586,0.95,4,6,63.37246082094107,70.50921935661411,67.37246082094107,78.07759862445064
CBC_1122,2,tac,CBCsimpleRW,CBCdriftDiffusionLR,0.5,0.246554809115306,1.09967339071708,0.221209009929193,2.59737158590636,0.5,69.6940813089153,27.430025549507366,CBCsimpleRW_CBCdriftDiffusionLR,0.525,0.95,4,6,62.86005109901473,69.99680963468778,66.86005109901473,77.5651889025243
CBC_1127,1,aud,CBCsimpleRW,CBCdriftDiffusionLR,0.5,0.624477099303,1.07527382351549,0.981248647077698,3.14271135423485,0.5,79.784895099424,23.955544592435118,CBCsimpleRW_CBCdriftDiffusionLR,0.7674418604651163,0.91,4,6,55.911089184870235,63.04784772054328,59.911089184870235,70.6162269883798
CBC_1127,2,tac,CBCsimpleRW,CBCdriftDiffusionLR,0.5,0.105895834310335,1.09406177697769,4.24956747796869,3.2886632922365,0.5,67.2932386050062,21.072769928079964,CBCsimpleRW_CBCdriftDiffusionLR,0.75,0.95,4,6,50.14553985615993,57.282298391832974,54.14553985615993,64.85067765966949
CBC_1129,1,aud,CBCsimpleRW,CBCdriftDiffusionLR,0.5,0.00679945494014833,1.08713389068347,1.23910966564091,2.46030260774372,0.5,71.8598195235852,29.804112283643533,CBCsimpleRW_CBCdriftDiffusionLR,0.5581395348837209,0.95,4,6,67.60822456728707,74.7449831029601,71.60822456728707,82.31336237079663
CBC_1129,2,tac,CBCsimpleRW,CBCdriftDiffusionLR,0.5,0.0184674400761426,1.09750896794821,12.475745880808,2.91748225047315,0.5,75.5669262119791,26.02039853650426,CBCsimpleRW_CBCdriftDiffusionLR,0.6666666666666666,0.91,4,6,60.04079707300852,67.17755560868156,64.04079707300852,74.74593487651808
CBC_1136,1,tac,CBCsimpleRW,CBCdriftDiffusionLR,0.5,0.0207639900768347,1.08968079796301,12.9512970382084,3.41488709335205,0.5,75.4385025266672,19.280941551262003,CBCsimpleRW_CBCdriftDiffusionLR,0.8604651162790697,0.95,4,6,46.56188310252401,53.69864163819705,50.56188310252401,61.26702090603357
CBC_1136,2,aud,CBCsimpleRW,CBCdriftDiffusionLR,0.5,0.139200007842599,1.09434592164439,1.94724855455049,2.79225552865376,0.5,78.2512358647317,24.815577272790005,CBCsimpleRW_CBCdriftDiffusionLR,0.6428571428571429,0.95,4,6,57.63115454558001,64.76791308125306,61.63115454558001,72.33629234908958
CBC_1138,1,tac,CBCsimpleRW,CBCdriftDiffusionLR,0.5,0.0206670827525217,0.980000385354776,1.16016263503498,2.87901821272858,0.5,85.334813995918,26.291374681796572,CBCsimpleRW_CBCdriftDiffusionLR,0.47368421052631576,0.95,4,6,60.582749363593145,67.71950789926619,64.58274936359314,75.28788716710271
CBC_1138,2,aud,CBCsimpleRW,CBCdriftDiffusionLR,0.5,1,1.09952077138407,0.0222949375106766,2.80278382225695,0.5,81.5838040447807,30.021512319236233,CBCsimpleRW_CBCdriftDiffusionLR,0.3181818181818182,0.95,4,6,68.04302463847247,75.17978317414551,72.04302463847247,82.74816244198203
CBC_1139,1,aud,CBCsimpleRW,CBCdriftDiffusionLR,0.5,0.00860521316841278,1.07857131373083,14.517244537214,2.7133370637625,0.5,78.5455769104602,28.658979581519876,CBCsimpleRW_CBCdriftDiffusionLR,0.6590909090909091,0.95,4,6,65.31795916303975,72.4547176987128,69.31795916303975,80.02309696654932
CBC_1139,2,tac,CBCsimpleRW,CBCdriftDiffusionLR,0.5,0.0154613157161037,1.09159824480184,0.318641714619064,2.60959873171698,0.5,76.7958545518471,30.50717294837644,CBCsimpleRW_CBCdriftDiffusionLR,0.5454545454545454,0.95,4,6,69.01434589675287,76.15110443242592,73.01434589675287,83.71948370026244
CBC_1143,1,tac,CBCsimpleRW,CBCdriftDiffusionLR,0.5,0.262823485580158,0.710031262854238,5.51022857678568,4.07910175747672,0.5,55.0095494849564,3.750821070858026,CBCsimpleRW_CBCdriftDiffusionLR,1,0.91,4,6,15.50164214171605,22.638400677389097,19.50164214171605,30.206779945225616
CBC_1143,2,aud,CBCsimpleRW,CBCdriftDiffusionLR,0.5,0.43355175123414,0.802760211453307,3.24534255637925,2.49538291811856,0.5,41.8536181648286,9.9970139320231,CBCsimpleRW_CBCdriftDiffusionLR,0.8863636363636364,0.95,4,6,27.9940278640462,35.13078639971924,31.9940278640462,42.69916566755576
CBC_1143,3,tac,CBCsimpleRW,CBCdriftDiffusionLR,0.5,0.0625672441289893,0.947370520220574,9.81676184486152,2.83546157337306,0.5,67.4071348254474,14.281250622661858,CBCsimpleRW_CBCdriftDiffusionLR,0.8409090909090909,0.82,4,6,36.562501245323716,43.69925978099676,40.562501245323716,51.26763904883328
CBC_1146,1,aud,CBCsimpleRW,CBCdriftDiffusionLR,0.5,0.0548733546359003,0.898098568891884,2.69374671363214,2.78915830803793,0.5,86.6757419962279,25.530064728963936,CBCsimpleRW_CBCdriftDiffusionLR,0.813953488372093,0.95,4,6,59.06012945792787,66.19688799360091,63.06012945792787,73.76526726143743
CBC_1146,2,tac,CBCsimpleRW,CBCdriftDiffusionLR,0.5,0.00936562183974665,1.09625725042683,3.28697913177785,2.96455586564669,0.5,81.8798684945235,28.41689008332147,CBCsimpleRW_CBCdriftDiffusionLR,0.5365853658536586,0.95,4,6,64.83378016664294,71.97053870231598,68.83378016664294,79.53891797015251
