ID,session,percModel,respModel,sim_startBelief,sim_alpha1,sim_nonDecisionTime,sim_weight,sim_startingBoundary,sim_startingPoint,fit_startBelief,fit_alpha1,fit_nonDecisionTime,fit_weight,fit_startingBoundary,fit_startingPoint,fit_NLL,accuracy,probFB,model
101,1,CBCsimpleRW,CBCdriftDiffusionLR,0.5,0.0194752414876246,0.444215751101415,6.94827789747517,3.89973571676859,0.5,0.5,0.0485991157013321,0.6266232091255,2.4243051895146,3.59574186206503,0.5,116.971399828633,0.6136363636363636,0.95,CBCsimpleRW_CBCdriftDiffusionLR
101,1,CBCsimpleRW,CBCdriftDiffusionLR_pwBelief,0.5,0.616018385072651,0.749454968115903,5.42225313304803,1.67526919434181,0.5,0.5,0.536413255438252,0.761385579997947,6.19775320926382,1.80206458252649,0.5,-41.9808786155425,0.9090909090909091,0.95,CBCsimpleRW_CBCdriftDiffusionLR_pwBelief
102,1,CBCsimpleRW,CBCdriftDiffusionLR,0.5,0.575558541055235,0.826953881146471,4.77280790980571,1.87201350108208,0.5,0.5,0.604268240636759,0.846239319486041,5.29475029393611,1.79652240660932,0.5,3.0015439002674,0.8409090909090909,0.95,CBCsimpleRW_CBCdriftDiffusionLR
102,1,CBCsimpleRW,CBCdriftDiffusionLR_pwBelief,0.5,0.14491946190451,0.409187610604435,13.9440767152537,4.82423305619315,0.5,0.5,0.139251493643034,0.388481731086732,13.397732337267101,4.60580406587564,0.5,-16.3290635920704,0.9318181818181818,0.95,CBCsimpleRW_CBCdriftDiffusionLR_pwBelief
103,1,CBCsimpleRW,CBCdriftDiffusionLR,0.5,0.298707876365892,0.556297959751345,0.415989911375325,2.6906398985854,0.5,0.5,0.203571490430712,0.637589930708571,1.29130297170354,2.5614330590585,0.5,82.0302498482527,0.7272727272727273,0.95,CBCsimpleRW_CBCdriftDiffusionLR
103,1,CBCsimpleRW,CBCdriftDiffusionLR_pwBelief,0.5,0.330482108866196,0.500294571385075,9.64378907755019,2.13608634792302,0.5,0.5,0.401771088143519,0.498356724801407,9.9237558769797,2.2114067879365,0.5,-54.9605242976492,0.9545454545454546,0.95,CBCsimpleRW_CBCdriftDiffusionLR_pwBelief
104,1,CBCsimpleRW,CBCdriftDiffusionLR,0.5,0.648734074484719,0.32238105040033,4.19785172240639,1.96397180748944,0.5,0.5,0.387827691159389,0.3,5.83643642861246,2.0012525053149,0.5,16.077745387478,0.9090909090909091,0.95,CBCsimpleRW_CBCdriftDiffusionLR
104,1,CBCsimpleRW,CBCdriftDiffusionLR_pwBelief,0.5,0.71003349333612,1.0813847072314,7.58263912979568,4.0182320664938604,0.5,0.5,0.641720798596831,1.08782050127431,7.79222830144003,3.90678281197314,0.5,-28.3818430304319,0.8863636363636364,0.95,CBCsimpleRW_CBCdriftDiffusionLR_pwBelief
105,1,CBCsimpleRW,CBCdriftDiffusionLR,0.5,0.347737211648981,1.09666263516345,9.38645008247693,4.76950384921038,0.5,0.5,0.527268760805821,1.09296566483471,8.44077858719979,4.99736744937304,0.5,14.7078729845844,0.9545454545454546,1,CBCsimpleRW_CBCdriftDiffusionLR
105,1,CBCsimpleRW,CBCdriftDiffusionLR_pwBelief,0.5,0.691218977711084,0.901951636326139,14.450679389071,3.31953108980349,0.5,0.5,0.75386019572044,0.882014130090614,14.7835169310446,3.94970422150965,0.5,-77.7250227442196,0.9545454545454546,1,CBCsimpleRW_CBCdriftDiffusionLR_pwBelief
106,1,CBCsimpleRW,CBCdriftDiffusionLR,0.5,0.217505336095561,0.355187419632098,12.0260901942981,4.29346122772474,0.5,0.5,0.241781412931216,0.371552039150135,12.552603307708,4.52771424320934,0.5,19.0443355998225,1,0.95,CBCsimpleRW_CBCdriftDiffusionLR
106,1,CBCsimpleRW,CBCdriftDiffusionLR_pwBelief,0.5,0.458451998059575,1.08526039083834,6.8681217863577,2.00202367734873,0.5,0.5,0.443727545327907,1.09114803250578,7.2757155350980796,1.96633085439131,0.5,-40.9352267038306,0.9772727272727273,0.95,CBCsimpleRW_CBCdriftDiffusionLR_pwBelief
107,1,CBCsimpleRW,CBCdriftDiffusionLR,0.5,0.443835528258099,0.451129590120469,10.6649644321632,2.64804826950982,0.5,0.5,0.499605300063307,0.486938220060734,8.81456106320291,2.17192121941259,0.5,-5.17093233632881,0.9090909090909091,0.95,CBCsimpleRW_CBCdriftDiffusionLR
107,1,CBCsimpleRW,CBCdriftDiffusionLR_pwBelief,0.5,0.19612435308216,0.556878021846171,13.3575569577265,3.40943078909698,0.5,0.5,0.290686239933285,0.50309024469729,10.5104787377318,4.43701894356868,0.5,-27.3394347251723,0.8863636363636364,0.95,CBCsimpleRW_CBCdriftDiffusionLR_pwBelief
108,1,CBCsimpleRW,CBCdriftDiffusionLR,0.5,0.122098448029666,0.970738395514082,1.17806681344196,1.62822794484528,0.5,0.5,0.682136811576141,0.964425297412403,0.206474396202618,1.43567740481173,0.5,41.3353643526223,0.5227272727272727,0.91,CBCsimpleRW_CBCdriftDiffusionLR
108,1,CBCsimpleRW,CBCdriftDiffusionLR_pwBelief,0.5,0.924039942941592,1.0486224033412,13.8847771226144,2.427006509712,0.5,0.5,0.834343559252797,1.0408008402238,14.5380690766901,2.81921369892156,0.5,-76.8121703522324,0.8409090909090909,0.91,CBCsimpleRW_CBCdriftDiffusionLR_pwBelief
109,1,CBCsimpleRW,CBCdriftDiffusionLR,0.5,0.250141179892726,0.907796073377039,11.6735836309659,4.1108299422271,0.5,0.5,0.217472628065682,0.952646780230467,13.5146955920248,3.88304988868064,0.5,8.92078291148927,0.9545454545454546,1,CBCsimpleRW_CBCdriftDiffusionLR
109,1,CBCsimpleRW,CBCdriftDiffusionLR_pwBelief,0.5,0.810528616108615,0.467914384015936,1.24459844447116,3.37792388279599,0.5,0.5,0.886267741892389,0.431505378143077,1.49879450375431,3.7463141042527,0.5,52.7894208855647,0.9318181818181818,1,CBCsimpleRW_CBCdriftDiffusionLR_pwBelief
110,1,CBCsimpleRW,CBCdriftDiffusionLR,0.5,0.984803445392719,0.628957115996124,13.4618522475509,3.1409699999461,0.5,0.5,0.99972448629491,0.624675495682126,14.9947729476963,3.68116996557924,0.5,-47.1171262192232,0.8863636363636364,0.95,CBCsimpleRW_CBCdriftDiffusionLR
110,1,CBCsimpleRW,CBCdriftDiffusionLR_pwBelief,0.5,0.204088670164262,0.909480688744029,9.28403639938614,2.17570670212463,0.5,0.5,0.200831338377097,0.935647256089564,8.9801594161993,1.78283713593786,0.5,-42.1782226386935,1,0.95,CBCsimpleRW_CBCdriftDiffusionLR_pwBelief
111,1,CBCsimpleRW,CBCdriftDiffusionLR,0.5,0.124270646338035,1.09718452452597,10.8046017596026,3.11024375075888,0.5,0.5,0.106818168737396,1.08773365456822,12.6934778608361,3.33692529616872,0.5,50.61666259891,0.8863636363636364,0.82,CBCsimpleRW_CBCdriftDiffusionLR
111,1,CBCsimpleRW,CBCdriftDiffusionLR_pwBelief,0.5,0.445136311073737,0.671536732904146,11.6284841867351,3.56932157047962,0.5,0.5,0.475658993693104,0.621721569393209,10.9717101568795,4.40782913984491,0.5,-15.0182671386586,0.8409090909090909,0.82,CBCsimpleRW_CBCdriftDiffusionLR_pwBelief
112,1,CBCsimpleRW,CBCdriftDiffusionLR,0.5,0.856236803499095,0.532627340126594,1.07238631727256,2.66805214681915,0.5,0.5,0.988462146457551,0.50047629574099906,1.06061564370783,2.80845676741573,0.5,72.2011949442722,0.8181818181818182,1,CBCsimpleRW_CBCdriftDiffusionLR
112,1,CBCsimpleRW,CBCdriftDiffusionLR_pwBelief,0.5,0.137092018359665,0.641672290127584,9.14857974259066,2.87034680035512,0.5,0.5,0.128589634180787,0.655737014573614,10.464149828861,2.49613722352156,0.5,-21.058795389495,0.9545454545454546,1,CBCsimpleRW_CBCdriftDiffusionLR_pwBelief
113,1,CBCsimpleRW,CBCdriftDiffusionLR,0.5,0.376262061971479,0.748852893505249,13.0507640142827,3.76127829412494,0.5,0.5,0.346334936157573,0.79108875928497,13.2881088703528,3.20761672932534,0.5,-11.6179014932043,0.8863636363636364,0.95,CBCsimpleRW_CBCdriftDiffusionLR
113,1,CBCsimpleRW,CBCdriftDiffusionLR_pwBelief,0.5,0.174614369293546,0.96243872027188,14.6340801908103,2.24437785849588,0.5,0.5,0.164125130848478,1.01138810273958,14.9946168451398,1.59399455838344,0.5,-53.012766834711,0.9318181818181818,0.95,CBCsimpleRW_CBCdriftDiffusionLR_pwBelief
114,1,CBCsimpleRW,CBCdriftDiffusionLR,0.5,0.424596401273505,0.738974275794345,7.1493227838574,3.75990875039844,0.5,0.5,0.357168183618281,0.82646445813732194,8.48442588133682,3.33901206349277,0.5,16.9621488896329,0.8636363636363636,0.95,CBCsimpleRW_CBCdriftDiffusionLR
114,1,CBCsimpleRW,CBCdriftDiffusionLR_pwBelief,0.5,0.0228132634693599,0.390031116408747,0.483815506583817,4.66232587492359,0.5,0.5,0.0867723908483816,0.510819020018043,0.31869797268112,4.04875449935085,0.5,127.198192826903,0.6136363636363636,0.95,CBCsimpleRW_CBCdriftDiffusionLR_pwBelief
115,1,CBCsimpleRW,CBCdriftDiffusionLR,0.5,0.775961065591034,0.460394835948953,14.5416312179571,3.61615631271195,0.5,0.5,0.81358767775524,0.483352935154017,14.9507636178048,3.38024232452878,0.5,-41.0119937875946,0.8636363636363636,0.95,CBCsimpleRW_CBCdriftDiffusionLR
115,1,CBCsimpleRW,CBCdriftDiffusionLR_pwBelief,0.5,0.569627520009624,0.62610286905666,1.81250580060468,2.77533671319232,0.5,0.5,0.391795572072916,0.571648157835015,1.84140528328016,2.73489476250709,0.5,37.995125263104804,0.9545454545454546,0.95,CBCsimpleRW_CBCdriftDiffusionLR_pwBelief
116,1,CBCsimpleRW,CBCdriftDiffusionLR,0.5,0.848814340295035,0.316768050532442,6.77454909286027,1.39430249436617,0.5,0.5,0.984880795157133,0.354504078953588,6.53993696190579,1.21486800750279,0.5,-17.7773112238097,0.9090909090909091,0.95,CBCsimpleRW_CBCdriftDiffusionLR
116,1,CBCsimpleRW,CBCdriftDiffusionLR_pwBelief,0.5,0.442137841609239,0.338311865934582,7.43779160780563,3.0560773016085,0.5,0.5,0.451323756359912,0.370131980953751,9.28526526907568,3.09268467810892,0.5,-29.8310926792624,0.8863636363636364,0.95,CBCsimpleRW_CBCdriftDiffusionLR_pwBelief
117,1,CBCsimpleRW,CBCdriftDiffusionLR,0.5,0.451530639370875,0.963564218318321,2.65661556393147,3.2487763291752,0.5,0.5,0.347497714594529,0.894556450805171,3.19894274366186,3.61951386047673,0.5,67.700286235014,0.9318181818181818,1,CBCsimpleRW_CBCdriftDiffusionLR
117,1,CBCsimpleRW,CBCdriftDiffusionLR_pwBelief,0.5,0.767047769210467,1.0986183891833,4.89880455964774,2.66007204280842,0.5,0.5,0.595786558926088,1.09870021188605,4.27575002371265,2.31003645738248,0.5,-18.5998152566808,0.9090909090909091,1,CBCsimpleRW_CBCdriftDiffusionLR_pwBelief
118,1,CBCsimpleRW,CBCdriftDiffusionLR,0.5,0.165891585542916,0.520212092526882,4.93161539879834,2.47872233225444,0.5,0.5,0.425404317409018,0.578963689835715,3.15700411868004,2.40286726095562,0.5,45.5025873909354,0.8863636363636364,1,CBCsimpleRW_CBCdriftDiffusionLR
118,1,CBCsimpleRW,CBCdriftDiffusionLR_pwBelief,0.5,0.543003029859604,0.426251852738026,13.457010217722,3.08635402959873,0.5,0.5,0.498817139470126,0.461532017408665,14.0713441026032,2.25,0.5,-77.6483908442668,0.9318181818181818,1,CBCsimpleRW_CBCdriftDiffusionLR_pwBelief
119,1,CBCsimpleRW,CBCdriftDiffusionLR,0.5,0.719653574298868,0.591913723694167,9.00085487083567,4.63613594689468,0.5,0.5,0.810809906255978,0.577989758788974,9.44938225405425,4.93733815524104,0.5,15.8124271008505,1,1,CBCsimpleRW_CBCdriftDiffusionLR
119,1,CBCsimpleRW,CBCdriftDiffusionLR_pwBelief,0.5,0.798296109632523,0.346400774023405,11.5164922133427,2.74163186707007,0.5,0.5,0.682786520417092,0.355478618849504,11.8600469066818,2.42105434164124,0.5,-74.6171688898362,0.9772727272727273,1,CBCsimpleRW_CBCdriftDiffusionLR_pwBelief
120,1,CBCsimpleRW,CBCdriftDiffusionLR,0.5,0.436902077121208,0.945213324535864,13.3943366928,1.56611485804388,0.5,0.5,0.48778361942045,0.939586836115793,14.8889841910426,1.77629530026681,0.5,-35.1751077220762,0.9090909090909091,0.95,CBCsimpleRW_CBCdriftDiffusionLR
120,1,CBCsimpleRW,CBCdriftDiffusionLR_pwBelief,0.5,0.779366196574102,0.977080027304478,5.31340189194766,3.1093116862837,0.5,0.5,0.708883899480179,0.925321085718645,5.78914217196102,3.82314270558322,0.5,-10.5126999566452,0.8863636363636364,0.95,CBCsimpleRW_CBCdriftDiffusionLR_pwBelief
121,1,CBCsimpleRW,CBCdriftDiffusionLR,0.5,0.338828026228898,0.955809439746922,11.8122691672855,1.46868211668555,0.5,0.5,0.365643747629083,0.96007450418062,12.0912908983742,1.48125631902839,0.5,-26.7615503734847,0.9318181818181818,0.95,CBCsimpleRW_CBCdriftDiffusionLR
121,1,CBCsimpleRW,CBCdriftDiffusionLR_pwBelief,0.5,0.692622566518473,0.3050818711129,8.98709000467689,4.6669742044381,0.5,0.5,0.667539777973989,0.355292313554151,8.84195940950477,3.60011361849165,0.5,-34.5617328867806,0.8636363636363636,0.95,CBCsimpleRW_CBCdriftDiffusionLR_pwBelief
122,1,CBCsimpleRW,CBCdriftDiffusionLR,0.5,0.125393758450096,0.365503054472937,6.94052752417092,3.09003817117942,0.5,0.5,0.204372126725028,0.381894434726497,4.60685085908464,3.07352534626613,0.5,61.1895309713223,0.9318181818181818,0.95,CBCsimpleRW_CBCdriftDiffusionLR
122,1,CBCsimpleRW,CBCdriftDiffusionLR_pwBelief,0.5,0.520172070931207,0.861493669406626,11.2177921846076,1.08562552424559,0.5,0.5,0.3338050646738,0.853738681599484,14.242500702834,1.38315553879538,0.5,-88.7588891665417,0.9545454545454546,0.95,CBCsimpleRW_CBCdriftDiffusionLR_pwBelief
123,1,CBCsimpleRW,CBCdriftDiffusionLR,0.5,0.664053902527294,0.877024582457191,11.4785313593677,4.5969402878842,0.5,0.5,0.683483541588384,0.914542540111589,13.7535891720788,4.96635656195739,0.5,-8.81537447260101,0.9318181818181818,0.95,CBCsimpleRW_CBCdriftDiffusionLR
123,1,CBCsimpleRW,CBCdriftDiffusionLR_pwBelief,0.5,0.219075954362551,0.649414817700974,1.80690295583874,4.63987603425409,0.5,0.5,0.166095238544767,0.810080329486355,2.01617008199931,4.22021467512044,0.5,70.2914268478466,0.9318181818181818,0.95,CBCsimpleRW_CBCdriftDiffusionLR_pwBelief
124,1,CBCsimpleRW,CBCdriftDiffusionLR,0.5,0.572693664926122,1.06900496705048,1.16126164696258,3.78740481178549,0.5,0.5,0.689224467887455,1.0754277057042,0.757413245636803,3.38810950677806,0.5,104.148079168424,0.6136363636363636,0.73,CBCsimpleRW_CBCdriftDiffusionLR
124,1,CBCsimpleRW,CBCdriftDiffusionLR_pwBelief,0.5,0.266203938019317,0.512659159325492,1.50769271626196,4.00042277413864,0.5,0.5,0.469513926400005,0.721317806225233,1.52816658953823,3.57181181075153,0.5,87.7126154015872,0.7045454545454546,0.73,CBCsimpleRW_CBCdriftDiffusionLR_pwBelief
125,1,CBCsimpleRW,CBCdriftDiffusionLR,0.5,0.67188112701815,1.08775285245241,8.04486359548571,1.53131932263365,0.5,0.5,0.617105441770156,1.06246777850635,8.97995282381662,1.81593829466263,0.5,-26.2912358315579,0.9318181818181818,1,CBCsimpleRW_CBCdriftDiffusionLR
125,1,CBCsimpleRW,CBCdriftDiffusionLR_pwBelief,0.5,0.795361548758739,0.834036292672158,11.7923037140058,4.16060822896073,0.5,0.5,0.786647012781958,0.818525441320797,11.6809044909877,4.63217561509509,0.5,-58.7139065709975,0.9545454545454546,1,CBCsimpleRW_CBCdriftDiffusionLR_pwBelief
126,1,CBCsimpleRW,CBCdriftDiffusionLR,0.5,0.950494163426001,0.4179302288763,12.2330625980836,3.35038154778791,0.5,0.5,0.998434733115354,0.431033728281219,12.0440637588031,3.28514871512234,0.5,-30.6041701649674,0.9090909090909091,1,CBCsimpleRW_CBCdriftDiffusionLR
126,1,CBCsimpleRW,CBCdriftDiffusionLR_pwBelief,0.5,0.317222298225068,0.868912089423157,12.5365470785795,3.66858861223126,0.5,0.5,0.422162420118427,0.845745050732915,11.7277584862656,4.37266954579679,0.5,-50.2049397387289,0.9318181818181818,1,CBCsimpleRW_CBCdriftDiffusionLR_pwBelief
127,1,CBCsimpleRW,CBCdriftDiffusionLR,0.5,0.920296557916233,0.84995135563544,9.52305988408594,3.0149083158572,0.5,0.5,0.973385581776989,0.890695717476042,10.0446535272807,2.46180108266764,0.5,-34.3399123304106,0.8181818181818182,0.91,CBCsimpleRW_CBCdriftDiffusionLR
127,1,CBCsimpleRW,CBCdriftDiffusionLR_pwBelief,0.5,0.812105051746117,0.716048738642252,9.68958128309607,4.0014473070817,0.5,0.5,0.838274861868322,0.721566036558887,9.52431711273175,4.07198864607074,0.5,-42.9050345709318,0.8636363636363636,0.91,CBCsimpleRW_CBCdriftDiffusionLR_pwBelief
128,1,CBCsimpleRW,CBCdriftDiffusionLR,0.5,0.943523559782194,1.03683432107284,9.36071432547037,4.80259114030202,0.5,0.5,0.877070524878796,1.02291292486691,9.52317800572172,4.81672080622431,0.5,-11.9962632327528,0.8409090909090909,0.95,CBCsimpleRW_CBCdriftDiffusionLR
128,1,CBCsimpleRW,CBCdriftDiffusionLR_pwBelief,0.5,0.527688161755289,0.806538956586596,10.0644893792141,2.39995106728801,0.5,0.5,0.461335930544156,0.81789786222724,10.6907744428672,2.25324303522118,0.5,-64.4409827950759,0.9545454545454546,0.95,CBCsimpleRW_CBCdriftDiffusionLR_pwBelief
129,1,CBCsimpleRW,CBCdriftDiffusionLR,0.5,0.170879133381534,0.589777523350211,3.54871517517365,1.4471378710386,0.5,0.5,0.524420833372619,0.573121847656241,1.07728740045663,1.39793237385425,0.5,30.6073944729164,0.6136363636363636,0.95,CBCsimpleRW_CBCdriftDiffusionLR
129,1,CBCsimpleRW,CBCdriftDiffusionLR_pwBelief,0.5,0.165200419677672,0.912134835450076,12.2851005973011,1.86174399319142,0.5,0.5,0.291609105503373,0.88248983604571,9.81813881598744,2.32206075040999,0.5,-48.1380354021761,1,0.95,CBCsimpleRW_CBCdriftDiffusionLR_pwBelief
130,1,CBCsimpleRW,CBCdriftDiffusionLR,0.5,0.961920274284115,0.5157974548862,9.01843137039908,1.44975131950152,0.5,0.5,0.993827091431624,0.510489397140188,8.44605459101599,1.41322199997379,0.5,-39.2932693839139,0.5681818181818182,0.73,CBCsimpleRW_CBCdriftDiffusionLR
130,1,CBCsimpleRW,CBCdriftDiffusionLR_pwBelief,0.5,0.854842028960438,1.0464540470817,13.3594629228904,2.55885333123512,0.5,0.5,0.907021752550014,1.05963496449255,14.767237150091,2.46649683659194,0.5,-51.7593126256725,0.5909090909090909,0.73,CBCsimpleRW_CBCdriftDiffusionLR_pwBelief
131,1,CBCsimpleRW,CBCdriftDiffusionLR,0.5,0.195879521736047,0.965475201130362,4.68553279683288,1.87319031889116,0.5,0.5,0.939927030246312,0.982816014731212,1.50776648035568,1.8929445334158,0.5,39.3146812005757,0.8181818181818182,1,CBCsimpleRW_CBCdriftDiffusionLR
131,1,CBCsimpleRW,CBCdriftDiffusionLR_pwBelief,0.5,0.743979459737547,0.71542802777002,2.60026792766989,2.79788414209466,0.5,0.5,0.593006227169782,0.71708843312754,3.28349052495849,3.21998481486997,0.5,5.20603662208186,0.9772727272727273,1,CBCsimpleRW_CBCdriftDiffusionLR_pwBelief
132,1,CBCsimpleRW,CBCdriftDiffusionLR,0.5,0.0556023349008653,0.355525754671594,10.8133663055848,4.48092063319066,0.5,0.5,0.0871330140136658,0.568564465654237,7.90473818564067,4.0805802294669,0.5,93.9135212108243,0.7954545454545454,0.82,CBCsimpleRW_CBCdriftDiffusionLR
132,1,CBCsimpleRW,CBCdriftDiffusionLR_pwBelief,0.5,0.186398093898285,0.939722592409791,5.55673623871669,3.21936154062499,0.5,0.5,0.25035855347484,1.03043577055317,5.65941492040722,2.88432306911977,0.5,23.4787800707652,0.8636363636363636,0.82,CBCsimpleRW_CBCdriftDiffusionLR_pwBelief
133,1,CBCsimpleRW,CBCdriftDiffusionLR,0.5,0.621356539875671,0.835791326546216,13.1877021280696,1.26898412735832,0.5,0.5,0.788817101715218,0.82967443895869,11.0101668286231,1.40309093930803,0.5,-43.3457415270124,0.9318181818181818,1,CBCsimpleRW_CBCdriftDiffusionLR
133,1,CBCsimpleRW,CBCdriftDiffusionLR_pwBelief,0.5,0.43750496513652,1.090139673278,3.10334914163965,4.27937719413078,0.5,0.5,0.641091193378832,1.07580831887279,3.00222775097401,4.71336976703915,0.5,20.6759560482571,0.9318181818181818,1,CBCsimpleRW_CBCdriftDiffusionLR_pwBelief
134,1,CBCsimpleRW,CBCdriftDiffusionLR,0.5,0.604741037316483,0.375164095933421,0.371181505787529,4.55005482327824,0.5,0.5,0.888566139555059,0.351852042594833,0.36767139064341,4.15245439576244,0.5,124.001391256172,0.6818181818181818,1,CBCsimpleRW_CBCdriftDiffusionLR
134,1,CBCsimpleRW,CBCdriftDiffusionLR_pwBelief,0.5,0.571660328633271,0.504369041052903,12.109779042034,4.46230824625866,0.5,0.5,0.520995142518853,0.510468204313803,10.2179221443052,3.80231039956482,0.5,-44.3527849866288,0.9090909090909091,1,CBCsimpleRW_CBCdriftDiffusionLR_pwBelief
135,1,CBCsimpleRW,CBCdriftDiffusionLR,0.5,0.765780955831248,0.821079841998349,8.60771676232797,1.24376349806603,0.5,0.5,0.788699385795163,0.810088917423659,7.98559534388815,1.18985409814865,0.5,-39.172026947653,0.7727272727272727,0.82,CBCsimpleRW_CBCdriftDiffusionLR
135,1,CBCsimpleRW,CBCdriftDiffusionLR_pwBelief,0.5,0.845299017515695,0.93571046768026,6.4478807933948,2.42066353430804,0.5,0.5,0.920819781872597,0.948403963446576,5.74469363184986,2.24127005940945,0.5,-19.6569592346428,0.7045454545454546,0.82,CBCsimpleRW_CBCdriftDiffusionLR_pwBelief
136,1,CBCsimpleRW,CBCdriftDiffusionLR,0.5,0.0644508764531019,0.888370753164432,10.4167826196294,1.57687673822815,0.5,0.5,0.104602185989124,0.933963418952461,6.62423703388965,1.3008991104218,0.5,17.6638066710443,0.7045454545454546,0.95,CBCsimpleRW_CBCdriftDiffusionLR
136,1,CBCsimpleRW,CBCdriftDiffusionLR_pwBelief,0.5,0.733610349832332,0.483175514445923,12.2616017889819,2.51589331799073,0.5,0.5,0.766280737237161,0.469423551032676,11.7003122724886,2.81180593484202,0.5,-62.4711086308992,0.8636363636363636,0.95,CBCsimpleRW_CBCdriftDiffusionLR_pwBelief
137,1,CBCsimpleRW,CBCdriftDiffusionLR,0.5,0.682840291743109,0.538464375057611,10.8701113831813,2.9785682266841502,0.5,0.5,0.67756999223681,0.54611357722544,11.8314948450082,3.25826590784336,0.5,-10.9541982131173,0.8181818181818182,0.91,CBCsimpleRW_CBCdriftDiffusionLR
137,1,CBCsimpleRW,CBCdriftDiffusionLR_pwBelief,0.5,0.324534587621111,0.840578659176741,5.62519675739969,1.41108645822205,0.5,0.5,0.378592222120123,0.866584852517443,3.91047101544164,1.02640381780644,0.5,-27.9195615208275,0.8636363636363636,0.91,CBCsimpleRW_CBCdriftDiffusionLR_pwBelief
138,1,CBCsimpleRW,CBCdriftDiffusionLR,0.5,0.38121147445345,0.808382929937709,6.4012447894598,3.88784934480848,0.5,0.5,0.414290206248699,0.84871094317367,7.2972159338587,3.92213190514199,0.5,38.5528326037908,0.7272727272727273,0.82,CBCsimpleRW_CBCdriftDiffusionLR
138,1,CBCsimpleRW,CBCdriftDiffusionLR_pwBelief,0.5,0.0925401293426384,0.549718420187147,1.10092492097908,1.49154610462122,0.5,0.5,0.0193543938608369,0.588487167057024,0.00570366860580729,1.33592062920903,0.5,33.9979830345402,0.4090909090909091,0.82,CBCsimpleRW_CBCdriftDiffusionLR_pwBelief
139,1,CBCsimpleRW,CBCdriftDiffusionLR,0.5,0.387905150580936,1.01453693869078,11.1580276804276,2.69935371709444,0.5,0.5,0.275807148396957,1.01063842152138,13.8308673421409,3.06185762061985,0.5,-5.66214960116879,0.9090909090909091,1,CBCsimpleRW_CBCdriftDiffusionLR
139,1,CBCsimpleRW,CBCdriftDiffusionLR_pwBelief,0.5,0.8118407942439,0.636306270576285,9.42170853078525,4.76487961117688,0.5,0.5,0.89885050089852,0.686253160924057,8.918603891901,3.71905825638516,0.5,-38.0519653988548,0.9090909090909091,1,CBCsimpleRW_CBCdriftDiffusionLR_pwBelief
140,1,CBCsimpleRW,CBCdriftDiffusionLR,0.5,0.940764776842629,0.638297632012512,2.20415509081536,2.78981399854952,0.5,0.5,0.979291539064838,0.703911141775344,1.74866541479028,2.24043061380986,0.5,47.6246192266703,0.8181818181818182,1,CBCsimpleRW_CBCdriftDiffusionLR
140,1,CBCsimpleRW,CBCdriftDiffusionLR_pwBelief,0.5,0.428515152111612,0.50704759514116,8.83639448715578,4.70693615518231,0.5,0.5,0.480242071964035,0.520106414090179,6.89297038399369,3.78214259330714,0.5,-25.4899413424305,0.9318181818181818,1,CBCsimpleRW_CBCdriftDiffusionLR_pwBelief
141,1,CBCsimpleRW,CBCdriftDiffusionLR,0.5,0.983809771814336,0.791482694651706,0.48241974001494897,2.61330247562153,0.5,0.5,1,0.769279879146541,0.508778455784299,2.57089981569016,0.5,78.4375980493543,0.6818181818181818,0.95,CBCsimpleRW_CBCdriftDiffusionLR
141,1,CBCsimpleRW,CBCdriftDiffusionLR_pwBelief,0.5,0.677858300356445,0.339009481476681,12.965207747204,4.67585874688554,0.5,0.5,0.594594585871577,0.398184098897318,12.8130961357002,3.04372379444814,0.5,-56.0317653633977,0.8863636363636364,0.95,CBCsimpleRW_CBCdriftDiffusionLR_pwBelief
142,1,CBCsimpleRW,CBCdriftDiffusionLR,0.5,0.941845262812797,0.906953086661102,10.7963100261294,4.75246665798499,0.5,0.5,0.997860508211346,0.903991300635836,9.14347930356433,4.73936299348996,0.5,-14.7159975747096,0.7727272727272727,0.91,CBCsimpleRW_CBCdriftDiffusionLR
142,1,CBCsimpleRW,CBCdriftDiffusionLR_pwBelief,0.5,0.618895450892122,0.406099377939799,12.5259205258419,3.02862469992219,0.5,0.5,0.642449818816164,0.360861756942235,10.5644512482475,3.57262615882076,0.5,-44.1327358976028,0.8409090909090909,0.91,CBCsimpleRW_CBCdriftDiffusionLR_pwBelief
143,1,CBCsimpleRW,CBCdriftDiffusionLR,0.5,0.655197226203401,0.711229846880322,3.12284241282746,4.60453735496882,0.5,0.5,0.626521201278703,0.87481153982774,3.66589141230977,4.4030093872739,0.5,65.2904245917374,0.7272727272727273,0.82,CBCsimpleRW_CBCdriftDiffusionLR
143,1,CBCsimpleRW,CBCdriftDiffusionLR_pwBelief,0.5,0.34547428916232,0.757308068589399,5.27238127727108,3.779617929482,0.5,0.5,0.26753308109789,0.668935391148627,6.53307964196909,4.59735464233366,0.5,36.6059715774376,0.8409090909090909,0.82,CBCsimpleRW_CBCdriftDiffusionLR_pwBelief
144,1,CBCsimpleRW,CBCdriftDiffusionLR,0.5,0.309744016819602,0.488480158120494,2.29329284586552,1.15812579884355,0.5,0.5,0.976073216342731,0.540412956395114,1.11663185546982,1.12735306756014,0.5,13.5518597138336,0.6818181818181818,1,CBCsimpleRW_CBCdriftDiffusionLR
144,1,CBCsimpleRW,CBCdriftDiffusionLR_pwBelief,0.5,0.611308469398733,0.729737387192827,14.0851954849281,1.81524167069073,0.5,0.5,0.719652375948709,0.708665162285408,14.0444338326873,2.49511662309205,0.5,-89.5536587543208,0.9772727272727273,1,CBCsimpleRW_CBCdriftDiffusionLR_pwBelief
145,1,CBCsimpleRW,CBCdriftDiffusionLR,0.5,0.680023056294831,0.514813879751984,4.84779358917065,2.52505978032682,0.5,0.5,0.497707213003717,0.471625671675305,5.42780385610908,2.78595354456471,0.5,30.0785261501998,0.9545454545454546,0.95,CBCsimpleRW_CBCdriftDiffusionLR
145,1,CBCsimpleRW,CBCdriftDiffusionLR_pwBelief,0.5,0.637799875241579,0.680001802323631,11.75442875522,4.0189816064896,0.5,0.5,0.589945480772281,0.691454043906068,10.7742314728957,3.2381783137891,0.5,-47.9694186532653,0.8863636363636364,0.95,CBCsimpleRW_CBCdriftDiffusionLR_pwBelief
146,1,CBCsimpleRW,CBCdriftDiffusionLR,0.5,0.91072583190185,0.606501669482998,0.784019520092343,3.11738274512859,0.5,0.5,0.996089205478977,0.753213240163977,0.71503760049986,2.84422808628821,0.5,83.2967971125236,0.75,1,CBCsimpleRW_CBCdriftDiffusionLR
146,1,CBCsimpleRW,CBCdriftDiffusionLR_pwBelief,0.5,0.497161093875873,0.575005570832088,4.71954785359276,3.57931311456125,0.5,0.5,0.378396952058306,0.615453809953834,5.38728705746209,3.00455352196221,0.5,-15.4025786675393,0.9772727272727273,1,CBCsimpleRW_CBCdriftDiffusionLR_pwBelief
147,1,CBCsimpleRW,CBCdriftDiffusionLR,0.5,0.156240789464365,0.71933309108546,5.34315471184275,4.05171994426999,0.5,0.5,0.124190496330811,0.63554630577743,6.75174661104462,3.8548825195992,0.5,77.3614348449591,0.75,0.82,CBCsimpleRW_CBCdriftDiffusionLR
147,1,CBCsimpleRW,CBCdriftDiffusionLR_pwBelief,0.5,0.864288425075202,0.571868574377059,13.0682735887473,1.87787221359691,0.5,0.5,0.890629686805324,0.560861260722391,13.1063865047133,2.11782137841602,0.5,-69.695387518476707,0.7272727272727273,0.82,CBCsimpleRW_CBCdriftDiffusionLR_pwBelief
148,1,CBCsimpleRW,CBCdriftDiffusionLR,0.5,0.44050596979264,0.634622929947774,10.6440837989533,2.60177474539685,0.5,0.5,0.438161663712295,0.635811758113028,11.8739984153201,2.69500997165334,0.5,-18.4720993857278,0.8863636363636364,0.95,CBCsimpleRW_CBCdriftDiffusionLR
148,1,CBCsimpleRW,CBCdriftDiffusionLR_pwBelief,0.5,0.358569096861965,1.01294017814484,10.2918176810543,1.78415253471926,0.5,0.5,0.282644446450952,1.00674423954019,9.95867817521449,1.63468249753683,0.5,-61.1379273142894,0.9545454545454546,0.95,CBCsimpleRW_CBCdriftDiffusionLR_pwBelief
149,1,CBCsimpleRW,CBCdriftDiffusionLR,0.5,0.967340160667451,0.787961363800059,11.7685166733622,2.23459473320669,0.5,0.5,0.951883592793135,0.764040755296892,13.675810037498,2.92744947135107,0.5,-48.2255067855913,0.8409090909090909,0.91,CBCsimpleRW_CBCdriftDiffusionLR
149,1,CBCsimpleRW,CBCdriftDiffusionLR_pwBelief,0.5,0.918752489036648,0.751667823424864,13.0276402464935,2.40340693766066,0.5,0.5,0.987405350876895,0.762284164698243,11.1825911638325,1.89681411561866,0.5,-73.7713608744668,0.8181818181818182,0.91,CBCsimpleRW_CBCdriftDiffusionLR_pwBelief
150,1,CBCsimpleRW,CBCdriftDiffusionLR,0.5,0.572937578472531,1.05823472292862,4.62790325842739,1.72023347679416,0.5,0.5,0.465103449125707,1.07578515754814,5.65697293150121,1.37847105954374,0.5,11.0797541239042,0.7272727272727273,0.82,CBCsimpleRW_CBCdriftDiffusionLR
150,1,CBCsimpleRW,CBCdriftDiffusionLR_pwBelief,0.5,0.0839149497401835,0.89912493613478806,7.24212511433488,4.63759409492582,0.5,0.5,0.119649554312398,0.868077814903811,6.59450341115607,4.94798679281975,0.5,53.6101834629055,0.8863636363636364,0.82,CBCsimpleRW_CBCdriftDiffusionLR_pwBelief
151,1,CBCsimpleRW,CBCdriftDiffusionLR,0.5,0.452880739897992,0.510611000837335,7.6242768443461,2.23533605131642,0.5,0.5,0.492030783854357,0.456009993203074,7.84978899094532,2.66152641805499,0.5,2.83318287936715,0.8863636363636364,0.95,CBCsimpleRW_CBCdriftDiffusionLR
151,1,CBCsimpleRW,CBCdriftDiffusionLR_pwBelief,0.5,0.577514460867384,0.790210543865381,6.45065064010935,1.00259401237283,0.5,0.5,0.697191424900051,0.773417532511887,5.94034798259924,1.17985482365011,0.5,-57.6806812758229,0.8863636363636364,0.95,CBCsimpleRW_CBCdriftDiffusionLR_pwBelief
152,1,CBCsimpleRW,CBCdriftDiffusionLR,0.5,0.361168701299343,0.492902436586291,1.49820870553251,3.02063654250198,0.5,0.5,0.378683886817753,0.544271938710331,1.44124279327973,3.02012011876721,0.5,86.4943315006963,0.7727272727272727,0.95,CBCsimpleRW_CBCdriftDiffusionLR
152,1,CBCsimpleRW,CBCdriftDiffusionLR_pwBelief,0.5,0.674062161397516,0.814996174392078,4.26983598047126,1.12875549420799,0.5,0.5,0.661082421280105,0.847716379508089,5.36982133536096,1.05619588230883,0.5,-51.4440837875475,0.9090909090909091,0.95,CBCsimpleRW_CBCdriftDiffusionLR_pwBelief
153,1,CBCsimpleRW,CBCdriftDiffusionLR,0.5,0.231349031191127,0.985632342076933,3.53298189086987,3.98223793501616,0.5,0.5,0.615556994625332,0.988060565131543,2.15155468669429,3.98032283302432,0.5,79.6485193337551,0.8636363636363636,1,CBCsimpleRW_CBCdriftDiffusionLR
153,1,CBCsimpleRW,CBCdriftDiffusionLR_pwBelief,0.5,0.81230334250071,0.519080611835665,2.24468905410329,4.36779964183233,0.5,0.5,0.995171694342147,0.571235343563403,2.62396353490026,4.66855237920254,0.5,29.6841998268192,0.9318181818181818,1,CBCsimpleRW_CBCdriftDiffusionLR_pwBelief
154,1,CBCsimpleRW,CBCdriftDiffusionLR,0.5,0.269469816486871,0.341447075976641,9.70101354156274,1.20568375247133,0.5,0.5,0.186925889800115,0.342586925675748,13.8584105660307,1.2089861246596,0.5,-27.4520328465818,0.8636363636363636,0.95,CBCsimpleRW_CBCdriftDiffusionLR
154,1,CBCsimpleRW,CBCdriftDiffusionLR_pwBelief,0.5,0.23910798886101,0.335592929546309,6.16811119723025,4.56040245631699,0.5,0.5,0.262557672090534,0.362363507057629,6.68491201031138,4.4004848427746,0.5,-1.67288852777213,0.9772727272727273,0.95,CBCsimpleRW_CBCdriftDiffusionLR_pwBelief
155,1,CBCsimpleRW,CBCdriftDiffusionLR,0.5,0.697387848984408,0.54049403342116,5.24726716942257,2.58198369837397,0.5,0.5,0.692912342262613,0.496825428701126,5.85041823985843,3.3323803546888,0.5,16.197615631697,0.8863636363636364,0.95,CBCsimpleRW_CBCdriftDiffusionLR
155,1,CBCsimpleRW,CBCdriftDiffusionLR_pwBelief,0.5,0.0113458151177274,1.04212350694909,13.8358805538232,3.3319330059027,0.5,0.5,0.144342936317912,1.08035493678837,1.27466815015043,3.05227399605051,0.5,82.0889024933688,0.7954545454545454,0.95,CBCsimpleRW_CBCdriftDiffusionLR_pwBelief
156,1,CBCsimpleRW,CBCdriftDiffusionLR,0.5,0.317723366438686,0.488709214645896,3.99867793410366,4.39410330028083,0.5,0.5,0.24334714917359,0.643226160702751,5.16734449231821,3.91383420868423,0.5,70.7431959793906,0.7954545454545454,0.82,CBCsimpleRW_CBCdriftDiffusionLR
156,1,CBCsimpleRW,CBCdriftDiffusionLR_pwBelief,0.5,0.135995739468633,0.442888359162221,13.618881703768,3.19152913471902,0.5,0.5,0.138856789975111,0.490639992436916,13.9819234936152,2.9415372173098,0.5,-3.03392277962167,0.8181818181818182,0.82,CBCsimpleRW_CBCdriftDiffusionLR_pwBelief
157,1,CBCsimpleRW,CBCdriftDiffusionLR,0.5,0.239730083796819,0.614916027613185,0.776106055202433,2.41640997245557,0.5,0.5,0.0373101607805285,0.623281568928354,3.4659571077575,2.1412957949824,0.5,69.9982631831967,0.5909090909090909,0.95,CBCsimpleRW_CBCdriftDiffusionLR
157,1,CBCsimpleRW,CBCdriftDiffusionLR_pwBelief,0.5,0.587009617420313,1.06323507887931,1.2949848875915,1.85717598167136,0.5,0.5,0.915242590305415,1.08484689557314,1.22485971912368,1.59141626027772,0.5,27.232043905598,0.7272727272727273,0.95,CBCsimpleRW_CBCdriftDiffusionLR_pwBelief
158,1,CBCsimpleRW,CBCdriftDiffusionLR,0.5,0.0846886880459415,0.524475671960509,11.859997679239,1.10968832547936,0.5,0.5,0.150339179257817,0.524662175850587,6.39685370226583,1.07370471979498,0.5,-2.39646837717039,0.6818181818181818,1,CBCsimpleRW_CBCdriftDiffusionLR
158,1,CBCsimpleRW,CBCdriftDiffusionLR_pwBelief,0.5,0.911707684733125,0.396726010228418,3.39858300800928,3.83139076136941,0.5,0.5,0.565295450996669,0.457630251134636,3.78803081164042,3.63597238953947,0.5,4.6252344571607,0.9772727272727273,1,CBCsimpleRW_CBCdriftDiffusionLR_pwBelief
159,1,CBCsimpleRW,CBCdriftDiffusionLR,0.5,0.874722740970413,0.94465615209591,3.30631341989171,4.18432409855105,0.5,0.5,0.896654867077711,0.959130488466812,3.42851082943905,4.29667301258883,0.5,43.3916804288984,0.8636363636363636,0.95,CBCsimpleRW_CBCdriftDiffusionLR
159,1,CBCsimpleRW,CBCdriftDiffusionLR_pwBelief,0.5,0.99771944612333,0.533165052157637,1.66109888150021,2.50115799722987,0.5,0.5,0.88085289376793,0.561271289299,1.74954595942494,2.31713809542131,0.5,32.4086084316375,0.8636363636363636,0.95,CBCsimpleRW_CBCdriftDiffusionLR_pwBelief
160,1,CBCsimpleRW,CBCdriftDiffusionLR,0.5,0.697058009923025,0.379847956231159,6.18163784467798,4.32358605604454,0.5,0.5,0.746338720079663,0.35066911398171,5.60828074288586,4.54362726572543,0.5,35.1739227435662,0.6136363636363636,0.73,CBCsimpleRW_CBCdriftDiffusionLR
160,1,CBCsimpleRW,CBCdriftDiffusionLR_pwBelief,0.5,0.537770213200648,0.338793411056195,2.58175723637285,1.78827617297393,0.5,0.5,0.390016101698121,0.341526062233146,3.17967745641137,1.80890579767789,0.5,26.6763069812283,0.7954545454545454,0.73,CBCsimpleRW_CBCdriftDiffusionLR_pwBelief
161,1,CBCsimpleRW,CBCdriftDiffusionLR,0.5,0.256748143878967,0.463827450341043,2.09374716049112,4.64274840537302,0.5,0.5,0.136221776195169,0.396737905717888,3.54640433299434,4.43420385516949,0.5,93.9331770753315,0.8181818181818182,1,CBCsimpleRW_CBCdriftDiffusionLR
161,1,CBCsimpleRW,CBCdriftDiffusionLR_pwBelief,0.5,0.355864872785801,0.761167514826728,13.370989942642,4.74449106534217,0.5,0.5,0.272962710712434,0.788486824311517,14.0451440472443,3.7322857940975,0.5,-53.9427693786563,0.9545454545454546,1,CBCsimpleRW_CBCdriftDiffusionLR_pwBelief
162,1,CBCsimpleRW,CBCdriftDiffusionLR,0.5,0.716471152965011,0.967906352408974,9.46703032974422,3.07830787734786,0.5,0.5,0.700510830147911,0.964247984307534,9.03324061711084,2.86107595047755,0.5,-5.41420738093855,0.7954545454545454,0.82,CBCsimpleRW_CBCdriftDiffusionLR
162,1,CBCsimpleRW,CBCdriftDiffusionLR_pwBelief,0.5,0.58256928714729,0.907247158345344,0.399053051277397,1.39781032153709,0.5,0.5,1,0.866573767385099,0.425144505861487,1.6262185619254,0.5,39.6120793825094,0.6136363636363636,0.82,CBCsimpleRW_CBCdriftDiffusionLR_pwBelief
163,1,CBCsimpleRW,CBCdriftDiffusionLR,0.5,0.544269951246206,1.00675545322087,10.8674491085599,3.37281230563209,0.5,0.5,0.572478772721045,1.01637632436287,9.16521723452873,3.21737701380499,0.5,25.66635327579,0.7045454545454546,0.73,CBCsimpleRW_CBCdriftDiffusionLR
163,1,CBCsimpleRW,CBCdriftDiffusionLR_pwBelief,0.5,0.50821048100986,0.399879324303385,3.20529940222617,2.82237805016827,0.5,0.5,0.4832032427608,0.382382379508441,5.00025493262677,3.42912223698588,0.5,37.5433712996528,0.6818181818181818,0.73,CBCsimpleRW_CBCdriftDiffusionLR_pwBelief
164,1,CBCsimpleRW,CBCdriftDiffusionLR,0.5,0.41808964473494997,0.746258308284643,2.03486139347923,3.74798191546504,0.5,0.5,0.0760385325350696,0.829129731590347,7.29231848850708,3.23669473905258,0.5,99.7209372183332,0.7045454545454546,0.73,CBCsimpleRW_CBCdriftDiffusionLR
164,1,CBCsimpleRW,CBCdriftDiffusionLR_pwBelief,0.5,0.835534691658661,0.303902603109536,6.31462990544833,1.34096989270749,0.5,0.5,0.912183174686813,0.308699366241382,6.06270878493666,1.25274509548199,0.5,-40.1041143680951,0.6590909090909091,0.73,CBCsimpleRW_CBCdriftDiffusionLR_pwBelief
165,1,CBCsimpleRW,CBCdriftDiffusionLR,0.5,0.225221051111915,0.830970431913346,11.793719606445,4.1305849839407,0.5,0.5,0.206481391637514,0.969126811385623,11.9886626925534,3.30428149125443,0.5,13.7343240046335,0.9772727272727273,1,CBCsimpleRW_CBCdriftDiffusionLR
165,1,CBCsimpleRW,CBCdriftDiffusionLR_pwBelief,0.5,0.721565963601084,0.439153825555345,12.4136250803614,2.12134220700193,0.5,0.5,0.940831673721111,0.442851563597706,14.3350996712731,2.43921408353625,0.5,-86.599667010386,0.9090909090909091,1,CBCsimpleRW_CBCdriftDiffusionLR_pwBelief
166,1,CBCsimpleRW,CBCdriftDiffusionLR,0.5,0.381934020517659,1.0357126871801,3.63157764915659,4.375355778563,0.5,0.5,0.637638315281395,0.936227592567999,2.89422993028834,3.97241736851116,0.5,64.0479726248344,0.8863636363636364,0.95,CBCsimpleRW_CBCdriftDiffusionLR
166,1,CBCsimpleRW,CBCdriftDiffusionLR_pwBelief,0.5,0.0617426005160108,0.494947583455115,9.82069721994126,3.50636915833293,0.5,0.5,0.0972925779761245,0.478667477046164,5.31523295490161,3.01794182665074,0.5,38.5338717756631,0.8863636363636364,0.95,CBCsimpleRW_CBCdriftDiffusionLR_pwBelief
167,1,CBCsimpleRW,CBCdriftDiffusionLR,0.5,0.764863565590875,1.05630274477069,7.15961111224284,4.03666601135992,0.5,0.5,0.826433796053335,1.07879334027851,7.48958701494985,4.24715257563208,0.5,7.07318002032841,0.9318181818181818,0.95,CBCsimpleRW_CBCdriftDiffusionLR
167,1,CBCsimpleRW,CBCdriftDiffusionLR_pwBelief,0.5,0.806691550557946,0.73323075050083,5.11713126883723,3.77098470153246,0.5,0.5,0.68012354084923,0.759085631367226,5.68069469959248,3.81862719497209,0.5,-15.8102387899291,0.9090909090909091,0.95,CBCsimpleRW_CBCdriftDiffusionLR_pwBelief
168,1,CBCsimpleRW,CBCdriftDiffusionLR,0.5,0.946508767484596,0.748388261420533,11.3698772016285,3.62598074811412,0.5,0.5,0.899287230185827,0.730356092002368,11.5111301671536,3.91338378016023,0.5,-17.2862934485969,0.9090909090909091,1,CBCsimpleRW_CBCdriftDiffusionLR
168,1,CBCsimpleRW,CBCdriftDiffusionLR_pwBelief,0.5,0.523004888500681,0.604897556581129,8.2804729494031,1.93677848618275,0.5,0.5,0.517152639075616,0.613604422968956,7.61246740070229,1.68658056490531,0.5,-56.1622129471092,0.9090909090909091,1,CBCsimpleRW_CBCdriftDiffusionLR_pwBelief
169,1,CBCsimpleRW,CBCdriftDiffusionLR,0.5,0.110009551020422,0.876216971765523,4.95254825247938,2.89084452851241,0.5,0.5,0.0813507726675019,0.861711750678907,7.270667072222,3.10425612432597,0.5,84.6091009822659,0.8636363636363636,0.73,CBCsimpleRW_CBCdriftDiffusionLR
169,1,CBCsimpleRW,CBCdriftDiffusionLR_pwBelief,0.5,0.258349062082642,0.46911027827592,2.42181210928086,1.59786967108274,0.5,0.5,0.0232898974643193,0.454769835641183,14.9794945463405,1.6384157232238,0.5,37.1077689312334,0.7045454545454546,0.73,CBCsimpleRW_CBCdriftDiffusionLR_pwBelief
170,1,CBCsimpleRW,CBCdriftDiffusionLR,0.5,0.286706894996625,1.01804090225149,9.57434441549724,3.43256784380252,0.5,0.5,0.23333700226242,1.01243858908414,11.2188435276753,3.65751449883826,0.5,13.1246913685654,0.9090909090909091,1,CBCsimpleRW_CBCdriftDiffusionLR
170,1,CBCsimpleRW,CBCdriftDiffusionLR_pwBelief,0.5,0.858491747005346,0.589082365103772,3.85786364070601,2.53263953038145,0.5,0.5,0.854551139609309,0.515040714746121,3.81654670729725,3.00963345190455,0.5,2.84480110584915,0.8409090909090909,1,CBCsimpleRW_CBCdriftDiffusionLR_pwBelief
171,1,CBCsimpleRW,CBCdriftDiffusionLR,0.5,0.250347233033358,1.09901237515107,12.8690451621997,3.03924811635533,0.5,0.5,0.312123120685636,1.09676959998073,13.2673459679189,3.37338887907383,0.5,1.95855308062181,0.9545454545454546,0.95,CBCsimpleRW_CBCdriftDiffusionLR
171,1,CBCsimpleRW,CBCdriftDiffusionLR_pwBelief,0.5,0.152380028292149,0.924574917107692,4.62529063941315,3.37115024288378,0.5,0.5,0.217756627290028,0.965517939317249,3.56110204115979,3.05937260793733,0.5,23.5505486692733,0.9545454545454546,0.95,CBCsimpleRW_CBCdriftDiffusionLR_pwBelief
172,1,CBCsimpleRW,CBCdriftDiffusionLR,0.5,0.0166440350856173,0.330017272776562,6.94650398869959,3.34418070916672,0.5,0.5,0.946692249131613,0.514108724407007,0.441102316898244,2.92296992854004,0.5,97.300508655021,0.6363636363636364,0.95,CBCsimpleRW_CBCdriftDiffusionLR
172,1,CBCsimpleRW,CBCdriftDiffusionLR_pwBelief,0.5,0.472993744807139,0.667394787431334,13.840067936764,2.24002125766746,0.5,0.5,0.467391099387959,0.670001500338494,13.508861816992,2.00380742758156,0.5,-74.029112146272,0.9090909090909091,0.95,CBCsimpleRW_CBCdriftDiffusionLR_pwBelief
173,1,CBCsimpleRW,CBCdriftDiffusionLR,0.5,0.784106609740024,0.600119819637285,6.07433224457636,3.43129262795649,0.5,0.5,0.74750807900563,0.574742247446713,7.15727701722784,3.85289024533445,0.5,14.4760479740232,0.7272727272727273,0.82,CBCsimpleRW_CBCdriftDiffusionLR
173,1,CBCsimpleRW,CBCdriftDiffusionLR_pwBelief,0.5,0.0415160831083089,1.03506466217658,13.7948298084973,3.8306098572261,0.5,0.5,0.0503792850170914,1.09979338477932,11.1802977574567,3.64972330299298,0.5,46.8623852513794,0.9318181818181818,0.82,CBCsimpleRW_CBCdriftDiffusionLR_pwBelief
174,1,CBCsimpleRW,CBCdriftDiffusionLR,0.5,0.278674716796172,1.08564278840735,8.83357271360236,3.87288183858797,0.5,0.5,0.139957868251372,1.09923812355285,10.734002790407,3.76256321595231,0.5,31.133460838182,0.9772727272727273,0.95,CBCsimpleRW_CBCdriftDiffusionLR
174,1,CBCsimpleRW,CBCdriftDiffusionLR_pwBelief,0.5,0.876883482193201,0.462185722770076,4.99265304501662,4.26053219305383,0.5,0.5,0.826352147050289,0.450588092537959,5.04419774038651,4.44656455635923,0.5,-5.6053751155287,0.9090909090909091,0.95,CBCsimpleRW_CBCdriftDiffusionLR_pwBelief
175,1,CBCsimpleRW,CBCdriftDiffusionLR,0.5,0.35869461988723,0.52526397764396,9.57317146367151,2.45730664194027,0.5,0.5,0.360001572325785,0.560903856148754,12.0418141474098,2.42074700233531,0.5,8.82325704711708,0.8636363636363636,0.82,CBCsimpleRW_CBCdriftDiffusionLR
175,1,CBCsimpleRW,CBCdriftDiffusionLR_pwBelief,0.5,0.408894750285115,0.481400881567192,5.5920664705331,1.21217799927622,0.5,0.5,0.489270306959055,0.488324069015603,5.12849298767903,1.11813540792205,0.5,-28.0006244703873,0.8409090909090909,0.82,CBCsimpleRW_CBCdriftDiffusionLR_pwBelief
176,1,CBCsimpleRW,CBCdriftDiffusionLR,0.5,0.594333941541461,0.934060792560375,10.5686738752196,1.15051027955544,0.5,0.5,0.52680709726530806,0.935583194633661,12.4194614047114,1.14937432460857,0.5,-47.3606351521512,0.8409090909090909,0.82,CBCsimpleRW_CBCdriftDiffusionLR
176,1,CBCsimpleRW,CBCdriftDiffusionLR_pwBelief,0.5,0.470440526592965,0.358986502620999,14.5398269984174,2.2071998810887,0.5,0.5,0.545662282995032,0.343525571427081,13.4857903734395,2.49734207883305,0.5,-51.1554856836821,0.7954545454545454,0.82,CBCsimpleRW_CBCdriftDiffusionLR_pwBelief
177,1,CBCsimpleRW,CBCdriftDiffusionLR,0.5,0.0680732545689186,0.3407552394037,3.00126007628802,2.10245032306151,0.5,0.5,0.192798022441479,0.341637922232298,1.38609054599375,2.13069300244173,0.5,69.8468011904712,0.5454545454545454,0.95,CBCsimpleRW_CBCdriftDiffusionLR
177,1,CBCsimpleRW,CBCdriftDiffusionLR_pwBelief,0.5,0.913821385878028,0.985837545310029,2.99716368015128,3.21421690475672,0.5,0.5,0.997192113670407,0.954038656545485,3.15798840344599,3.28188530004129,0.5,5.88484510726565,0.9318181818181818,0.95,CBCsimpleRW_CBCdriftDiffusionLR_pwBelief
178,1,CBCsimpleRW,CBCdriftDiffusionLR,0.5,0.566388031718135,0.541755044364176,2.24186101689078,3.67083981409854,0.5,0.5,0.486806575943062,0.81862013051278,3.173748862037,3.4340120358755,0.5,74.2491524257452,0.8181818181818182,0.82,CBCsimpleRW_CBCdriftDiffusionLR
178,1,CBCsimpleRW,CBCdriftDiffusionLR_pwBelief,0.5,0.206870110025061,0.755051549470002,12.921483563781,2.77569070408506,0.5,0.5,0.193795184591446,0.719067194721586,14.9489763323772,3.82906162472958,0.5,-15.2914666135414,0.9545454545454546,0.82,CBCsimpleRW_CBCdriftDiffusionLR_pwBelief
179,1,CBCsimpleRW,CBCdriftDiffusionLR,0.5,0.135651716811885,0.85194116908904,6.97820322168438,2.486454367413,0.5,0.5,0.530129689978595,0.889561785190889,3.81114423541877,2.65250661205847,0.5,30.6331229366929,0.8409090909090909,0.95,CBCsimpleRW_CBCdriftDiffusionLR
179,1,CBCsimpleRW,CBCdriftDiffusionLR_pwBelief,0.5,0.152633777777591,0.302223474957168,4.32380414710254,4.19399081508807,0.5,0.5,0.210189012759403,0.394648670238093,3.6558067874633,3.68902331694258,0.5,35.8532227181304,0.9318181818181818,0.95,CBCsimpleRW_CBCdriftDiffusionLR_pwBelief
180,1,CBCsimpleRW,CBCdriftDiffusionLR,0.5,0.658665770370034,0.710931536026009,0.0899278971202583,1.0577423307212,0.5,0.5,0.928393115400013,0.726338245272104,0.356352603194214,1.1801694828803,0.5,20.0382121617415,0.5681818181818182,1,CBCsimpleRW_CBCdriftDiffusionLR
180,1,CBCsimpleRW,CBCdriftDiffusionLR_pwBelief,0.5,0.477485709218776,0.509159164109989,12.1854278146501,3.53178211048907,0.5,0.5,0.672880154400191,0.520112504658561,13.0498678003194,3.65003864789225,0.5,-64.1098033792251,0.9318181818181818,1,CBCsimpleRW_CBCdriftDiffusionLR_pwBelief
181,1,CBCsimpleRW,CBCdriftDiffusionLR,0.5,0.903167346308354,0.679530649879745,1.32958188371601,1.76617012018928,0.5,0.5,0.694161250881954,0.654010338474409,2.83833255361545,1.9730377691133,0.5,28.3468255347698,0.8636363636363636,1,CBCsimpleRW_CBCdriftDiffusionLR
181,1,CBCsimpleRW,CBCdriftDiffusionLR_pwBelief,0.5,0.629679033086602,0.53415776487856,1.4911410252536,3.86345249884903,0.5,0.5,0.835748167736068,0.678610464688227,1.57309852867845,3.50326787625883,0.5,43.7148035147396,0.9772727272727273,1,CBCsimpleRW_CBCdriftDiffusionLR_pwBelief
182,1,CBCsimpleRW,CBCdriftDiffusionLR,0.5,0.689636917991832,0.930847028714892,10.1822931824811,4.60329588224976,0.5,0.5,0.644556778313551,0.972112359722308,11.6971895467585,4.15833614978763,0.5,3.67296137280528,0.9318181818181818,0.95,CBCsimpleRW_CBCdriftDiffusionLR
182,1,CBCsimpleRW,CBCdriftDiffusionLR_pwBelief,0.5,0.100988659252086,0.838796279372239,11.2223932753834,4.52335748051558,0.5,0.5,0.0852368614681555,0.873217691306601,12.7839433476566,4.63942901040345,0.5,8.76527043487421,0.9318181818181818,0.95,CBCsimpleRW_CBCdriftDiffusionLR_pwBelief
183,1,CBCsimpleRW,CBCdriftDiffusionLR,0.5,0.192547295163157,0.860044190861362,3.6462114035171602,3.54439862070365,0.5,0.5,0.132128640860028,1.05540470259099,6.40465388300855,3.55479629950135,0.5,61.9123737756426,0.8636363636363636,0.95,CBCsimpleRW_CBCdriftDiffusionLR
183,1,CBCsimpleRW,CBCdriftDiffusionLR_pwBelief,0.5,0.667784266019829,1.01529492829186,12.9079177518953,1.70743141700286,0.5,0.5,0.720810023489618,0.987269226817282,13.9833040965996,2.63663816860205,0.5,-81.307024511907,0.9318181818181818,0.95,CBCsimpleRW_CBCdriftDiffusionLR_pwBelief
184,1,CBCsimpleRW,CBCdriftDiffusionLR,0.5,0.375111833301864,0.453220917088974,12.5750355959629,4.4327709009954,0.5,0.5,0.369820070782044,0.502968943328937,11.9805548178804,4.03170587166665,0.5,38.9129473207841,0.7272727272727273,0.73,CBCsimpleRW_CBCdriftDiffusionLR
184,1,CBCsimpleRW,CBCdriftDiffusionLR_pwBelief,0.5,0.0751160572913319,0.876072673365988,6.29975018248081,1.10209177621032,0.5,0.5,0.110103223127751,0.856756384421332,5.08001547329691,1.19523488223779,0.5,9.84230658692421,0.7727272727272727,0.73,CBCsimpleRW_CBCdriftDiffusionLR_pwBelief
185,1,CBCsimpleRW,CBCdriftDiffusionLR,0.5,0.431014023908205,0.79857580833938,1.00689555629816,3.19868679116186,0.5,0.5,0.910381367503256,0.675605013396027,0.497311029942302,3.47096809219869,0.5,104.514510069541,0.6818181818181818,0.95,CBCsimpleRW_CBCdriftDiffusionLR
185,1,CBCsimpleRW,CBCdriftDiffusionLR_pwBelief,0.5,0.464481516805569,0.715630922670032,12.6913426159721,3.70716422984277,0.5,0.5,0.420529455599999,0.734877403981203,14.8263931654255,3.76558796156369,0.5,-61.2347304074842,0.9318181818181818,0.95,CBCsimpleRW_CBCdriftDiffusionLR_pwBelief
186,1,CBCsimpleRW,CBCdriftDiffusionLR,0.5,0.294376965945566,0.813501065525434,0.33354617441857,2.40467548360683,0.5,0.5,0.0349025091024402,0.765519082346528,6.24253885527015,2.38208261641021,0.5,77.6246995239923,0.6363636363636364,0.95,CBCsimpleRW_CBCdriftDiffusionLR
186,1,CBCsimpleRW,CBCdriftDiffusionLR_pwBelief,0.5,0.418596926015819,0.9935926222794,9.43941839742874,4.65798965784534,0.5,0.5,0.526576729817425,0.961496649437269,8.28882004124964,4.75922167740831,0.5,-29.9272088403475,0.9545454545454546,0.95,CBCsimpleRW_CBCdriftDiffusionLR_pwBelief
187,1,CBCsimpleRW,CBCdriftDiffusionLR,0.5,0.663793511546538,0.467939447910131,14.3306159222872,2.60251409980972,0.5,0.5,0.616065734912248,0.503270585454525,12.6610322840841,2.14857433832547,0.5,-21.237444428534,0.9318181818181818,0.95,CBCsimpleRW_CBCdriftDiffusionLR
187,1,CBCsimpleRW,CBCdriftDiffusionLR_pwBelief,0.5,0.724103553915613,0.63493042482945,5.28224749215897,3.62192622424076,0.5,0.5,0.639847402199731,0.680619686093706,6.10508374918394,3.33743490527189,0.5,-20.7548586472539,0.9090909090909091,0.95,CBCsimpleRW_CBCdriftDiffusionLR_pwBelief
188,1,CBCsimpleRW,CBCdriftDiffusionLR,0.5,0.565112282241048,0.441455719375257,13.8088141065492,2.30690722139265,0.5,0.5,0.571226735444261,0.473682024684112,14.945522847723,2.04552494415381,0.5,-37.8522838650887,0.8409090909090909,0.91,CBCsimpleRW_CBCdriftDiffusionLR
188,1,CBCsimpleRW,CBCdriftDiffusionLR_pwBelief,0.5,0.209278965173322,0.460597084931895,12.8908295489331,4.15309533539437,0.5,0.5,0.199110031907905,0.497977320970847,11.0517677129852,3.1058392694339,0.5,-20.7552528840558,0.8863636363636364,0.91,CBCsimpleRW_CBCdriftDiffusionLR_pwBelief
189,1,CBCsimpleRW,CBCdriftDiffusionLR,0.5,0.882115218288795,0.569274652649442,1.9094245708295,1.95729094569186,0.5,0.5,0.983499065075268,0.553590783405911,1.58943264137313,2.02149124398979,0.5,40.2637082757601,0.75,0.95,CBCsimpleRW_CBCdriftDiffusionLR
189,1,CBCsimpleRW,CBCdriftDiffusionLR_pwBelief,0.5,0.632091993228738,0.660595133937534,11.927388151158,2.80746369015283,0.5,0.5,0.598283632743175,0.655320697843456,13.3209063832026,3.18348114161366,0.5,-62.4442087246701,0.9090909090909091,0.95,CBCsimpleRW_CBCdriftDiffusionLR_pwBelief
190,1,CBCsimpleRW,CBCdriftDiffusionLR,0.5,0.623102948638457,0.332760981277817,12.3452701142152,1.3794507801062,0.5,0.5,0.83730291445306,0.336771606101655,9.49096783426916,1.22917913661779,0.5,-48.9464107164662,0.9090909090909091,1,CBCsimpleRW_CBCdriftDiffusionLR
190,1,CBCsimpleRW,CBCdriftDiffusionLR_pwBelief,0.5,0.808368399129718,1.0808197841206,11.9463761507538,4.84013464760364,0.5,0.5,0.829820519179944,1.09872009456006,13.4724241357807,4.80832730371504,0.5,-59.2582714682547,0.9318181818181818,1,CBCsimpleRW_CBCdriftDiffusionLR_pwBelief
191,1,CBCsimpleRW,CBCdriftDiffusionLR,0.5,0.244152265614867,0.503378237782694,2.65303968868461,1.94102059875778,0.5,0.5,0.101527171770059,0.437025309643048,4.3926404267958,2.26965237469116,0.5,63.4511683867396,0.7727272727272727,0.95,CBCsimpleRW_CBCdriftDiffusionLR
191,1,CBCsimpleRW,CBCdriftDiffusionLR_pwBelief,0.5,0.23669238028996,0.70645091676803,7.82084510506262,3.46250214672607,0.5,0.5,0.277610373856296,0.683456902365633,8.11156258333753,4.38602439282179,0.5,-13.0804941870555,0.9318181818181818,0.95,CBCsimpleRW_CBCdriftDiffusionLR_pwBelief
192,1,CBCsimpleRW,CBCdriftDiffusionLR,0.5,0.322984893637257,0.799917317646354,10.1578533656962,4.7868900777088,0.5,0.5,0.511243876910296,0.818699272549442,7.69813777095505,4.30635443627117,0.5,26.7049522416907,0.9318181818181818,1,CBCsimpleRW_CBCdriftDiffusionLR
192,1,CBCsimpleRW,CBCdriftDiffusionLR_pwBelief,0.5,0.826564050815526,0.925061761594405,6.29974121643282,2.17839261515084,0.5,0.5,0.9826371793233,0.943219157636249,5.15760454390887,1.75961428457374,0.5,-42.6254375615788,0.9545454545454546,1,CBCsimpleRW_CBCdriftDiffusionLR_pwBelief
193,1,CBCsimpleRW,CBCdriftDiffusionLR,0.5,0.16662818404817,0.987688997357602,10.5245303054785,3.34721117529167,0.5,0.5,0.1260622586812,0.956553029727309,12.0289365117618,3.50510492799135,0.5,31.5552231419173,0.9318181818181818,0.95,CBCsimpleRW_CBCdriftDiffusionLR
193,1,CBCsimpleRW,CBCdriftDiffusionLR_pwBelief,0.5,0.419975401899527,0.722293213513528,5.18226476422879,3.46395047751765,0.5,0.5,0.435692605086734,0.793160287704652,5.36609487158379,3.03417386047923,0.5,-9.92818210688769,0.9090909090909091,0.95,CBCsimpleRW_CBCdriftDiffusionLR_pwBelief
194,1,CBCsimpleRW,CBCdriftDiffusionLR,0.5,0.379212791382768,0.533033880099872,4.58385924243591,1.70797711132652,0.5,0.5,0.24566889568672,0.550113788818039,6.09060962789988,1.62213651547908,0.5,10.8241712779528,0.8863636363636364,1,CBCsimpleRW_CBCdriftDiffusionLR
194,1,CBCsimpleRW,CBCdriftDiffusionLR_pwBelief,0.5,0.648435476153849,0.932688710298206,0.763431214902541,3.58895011050437,0.5,0.5,0.348105687110259,1.08671913758604,1.08178215278753,3.29904237127667,0.5,71.8770450850762,0.8636363636363636,1,CBCsimpleRW_CBCdriftDiffusionLR_pwBelief
195,1,CBCsimpleRW,CBCdriftDiffusionLR,0.5,0.397165148355597,0.336920629536738,10.8713718446723,4.92442130967722,0.5,0.5,0.417920184970642,0.396577581076315,11.3951091422078,4.52276650869357,0.5,4.54815848749843,0.9090909090909091,0.95,CBCsimpleRW_CBCdriftDiffusionLR
195,1,CBCsimpleRW,CBCdriftDiffusionLR_pwBelief,0.5,0.0935721005494379,0.491893082601212,8.60471540041703,4.07659715139565,0.5,0.5,0.0543163085412102,0.462561583606964,13.066326843446,4.07215862777246,0.5,34.5394884486547,0.8636363636363636,0.95,CBCsimpleRW_CBCdriftDiffusionLR_pwBelief
196,1,CBCsimpleRW,CBCdriftDiffusionLR,0.5,0.940846488165358,0.840684081224361,8.91238306344597,2.24203705906687,0.5,0.5,0.973482214705093,0.814815284046022,8.87578798191634,2.65507062558161,0.5,-22.7033911387599,0.9090909090909091,0.95,CBCsimpleRW_CBCdriftDiffusionLR
196,1,CBCsimpleRW,CBCdriftDiffusionLR_pwBelief,0.5,0.807821540185971,0.378006635573626,3.1001309476831,1.10554442194604,0.5,0.5,0.65879122426913,0.364144877943969,3.10381679258257,1.16911027565964,0.5,-26.0078038552645,0.8181818181818182,0.95,CBCsimpleRW_CBCdriftDiffusionLR_pwBelief
197,1,CBCsimpleRW,CBCdriftDiffusionLR,0.5,0.076916101318694,0.364329414953851,9.56094648301402,2.20470481823846,0.5,0.5,0.285407051404461,0.411866121961811,5.14247985619417,1.97564631890094,0.5,43.7797411952212,0.6818181818181818,0.82,CBCsimpleRW_CBCdriftDiffusionLR
197,1,CBCsimpleRW,CBCdriftDiffusionLR_pwBelief,0.5,0.104994054036981,0.318840137749362,12.9365252371947,3.42109607562568,0.5,0.5,0.105528541876784,0.383743939055813,14.7760813500207,3.17949978803804,0.5,9.43529739909046,0.7954545454545454,0.82,CBCsimpleRW_CBCdriftDiffusionLR_pwBelief
198,1,CBCsimpleRW,CBCdriftDiffusionLR,0.5,0.528287654151807,0.33083396866694,5.14651003708874,1.42194100798902,0.5,0.5,0.482337325732775,0.340574252146045,7.40723079364585,1.4443046780168,0.5,-10.9487033628591,0.9318181818181818,0.95,CBCsimpleRW_CBCdriftDiffusionLR
198,1,CBCsimpleRW,CBCdriftDiffusionLR_pwBelief,0.5,0.581189793146132,0.53967298115112,12.844164859457,4.36760299635415,0.5,0.5,0.548863342757476,0.52626012363628,14.2406555196851,4.99403543451775,0.5,-54.2638171450053,0.8863636363636364,0.95,CBCsimpleRW_CBCdriftDiffusionLR_pwBelief
199,1,CBCsimpleRW,CBCdriftDiffusionLR,0.5,0.655880894904516,0.315211595771578,14.3462756621019,2.66522737512396,0.5,0.5,0.592299537992523,0.325364627919223,14.8538930168928,2.46297644882938,0.5,-33.4556905933682,0.9772727272727273,1,CBCsimpleRW_CBCdriftDiffusionLR
199,1,CBCsimpleRW,CBCdriftDiffusionLR_pwBelief,0.5,0.671423286366052,0.311998625355821,6.05996278306479,3.0579255107832,0.5,0.5,0.505482105676952,0.341479441668492,7.82391863549399,3.00732471856073,0.5,-43.6771986101256,1,1,CBCsimpleRW_CBCdriftDiffusionLR_pwBelief
200,1,CBCsimpleRW,CBCdriftDiffusionLR,0.5,0.71166014350965,0.840343693135608,0.561127951332293,4.91153381248194,0.5,0.5,0.451918433065062,1.04128027471403,0.605620363668007,4.10229677218385,0.5,121.15581842515,0.7272727272727273,1,CBCsimpleRW_CBCdriftDiffusionLR
200,1,CBCsimpleRW,CBCdriftDiffusionLR_pwBelief,0.5,0.849369088775543,0.367493261929615,10.8172330886724,2.54887656967994,0.5,0.5,0.771812638991204,0.371477680171907,10.1465442661932,2.38515740000124,0.5,-55.4903574285744,0.8636363636363636,1,CBCsimpleRW_CBCdriftDiffusionLR_pwBelief
