trials_runs.thisRepN,trials_runs.thisTrialN,trials_runs.thisN,trials_runs.thisIndex,Intro_image.started,Intro_image.stopped,instruction.started,instruction.stopped,key_resp.keys,key_resp.rt,key_resp.started,key_resp.stopped,fixationCross_9.started,fixationCross_9.stopped,trigger.keys,trigger.rt,trigger.started,trigger.stopped,fixationCross_7.started,fixationCross_7.stopped,cue_yes_8.started,cue_yes_8.stopped,cue_no_8.started,cue_no_8.stopped,trials_runs.visual_stim,trials_runs.tactile_stim,trials_runs.correct_comb,trials_runs.rewardAccurate,trials_runs.presentationFrequency,trials_runs.ISI,trials_runs.ITI,fixationCross_8.started,fixationCross_8.stopped,cue_yes_9.started,cue_yes_9.stopped,cue_no_9.started,cue_no_9.stopped,image_3.started,tactile.started,response.keys,allKeys.keys,response.rt,allKeys.rt,fixationCross_11.started,fixationCross_11.stopped,cue_yes_10.started,cue_yes_10.stopped,cue_no_10.started,cue_no_10.stopped,response2.keys,response2.started,response2.stopped,get_keys_8.keys,get_keys_8.started,get_keys_8.stopped,response_runs.keys,response_runs.rt,trials_runs.correct_answer,trials_runs.feedback_given,trials_runs.running_mean,feedback_3.started,feedback_3.stopped,cue_yes_11.started,cue_yes_11.stopped,cue_no_11.started,cue_no_11.stopped,get_keys_7.keys,get_keys_7.started,get_keys_7.stopped,response2.rt,get_keys_8.rt,get_keys_7.rt,fixationCross_10.started,fixationCross_10.stopped,final_image.started,final_image.stopped,final_message.started,final_message.stopped,end_experiment.keys,end_experiment.started,end_experiment.stopped,trials_runs.rewardProb,trials_runs.yesKey,trials_runs.noKey,trials_runs.stimulusDur,trials_runs.feedbackDur,trials_runs.durTactile,trials_runs.durVisual,trials_runs.mean_acc_1stThird,trials_runs.mean_acc_2ndThird,trials_runs.mean_acc_3rdThird,participant,session,visual set [set1-4 / set5-8],tactile set [set1-4],trial structure [0-3],FB probability,date,expName,psychopyVersion,frameRate,
,,,,22.91726920000019,None,22.91726920000019,None,z,1.7573990999999296,23.110052099999848,None,,,,,,,,,,,,,,,,,,,,,,,,,,,,,,,,,,,,,,,,,,,,,,,,,,,,,,,,,,,,,,,,,,,,,,,,,,,,,,,,CBC_P021,002,set1,set2,0,0.9,2023-04-02_11h48.26.525,TV_prob,2022.1.1,60.00488439789009,
,,,,,,,,,,,,24.893524099999922,None,t,42.94829850000042,24.893524099999922,None,,,,,,,,,,,,,,,,,,,,,,,,,,,,,,,,,,,,,,,,,,,,,,,,,,,,,,,,,,,,,,,,,,,,,,,,,,CBC_P021,002,set1,set2,0,0.9,2023-04-02_11h48.26.525,TV_prob,2022.1.1,60.00488439789009,
0,0,0,0,,,,,,,,,,,,,,,67.86004869999942,None,67.86004869999942,None,67.86004869999942,None,0,1,0,1,0.35,3.50182449656669,1.75396267962373,68.89913249999972,None,68.89913249999972,None,68.89913249999972,None,70.66015462000004,70.67669521999969,z,['z'],1.7570498999994015,[1.7570498999994015],72.66735569999946,None,72.66735569999946,None,72.66735569999946,None,None,72.66735569999946,None,None,72.66735569999946,None,z,1.7570498999994015,0,0,0.0,76.23962029999984,None,76.23962029999984,None,76.23962029999984,None,None,76.23962029999984,None,,,,,,,,,,,,,,,,,,,,,,,CBC_P021,002,set1,set2,0,0.9,2023-04-02_11h48.26.525,TV_prob,2022.1.1,60.00488439789009,
1,0,1,0,,,,,,,,,,,,,,,,,,,,,2,2,1,1,0.5,2.24205805775432,2.10833202116216,78.2924667999996,None,78.2924667999996,None,78.2924667999996,None,80.41062011999938,80.42725791999973,None,[],,,82.41566539999985,None,82.41566539999985,None,82.41566539999985,None,z,82.41566539999985,None,None,82.41566539999985,None,z,2.4363902999994025,1,1,0.5,84.69486749999942,None,84.69486749999942,None,84.69486749999942,None,None,84.69486749999942,None,0.4363902999994025,,,,,,,,,,,,,,,,,,,,,,CBC_P021,002,set1,set2,0,0.9,2023-04-02_11h48.26.525,TV_prob,2022.1.1,60.00488439789009,
2,0,2,0,,,,,,,,,,,,,,,,,,,,,1,1,1,0,0.5,1.556335756354144,1.91520730139263,86.72882089999985,None,86.72882089999985,None,86.72882089999985,None,88.6440239200002,88.65998281999973,None,[],,,90.64771509999991,None,90.64771509999991,None,90.64771509999991,None,b,90.64771509999991,None,None,90.64771509999991,None,b,2.0729733999996824,0,1,0.3333333333333333,92.24279959999967,None,92.24279959999967,None,92.24279959999967,None,None,92.24279959999967,None,0.07297339999968244,,,,,,,,,,,,,,,,,,,,,,CBC_P021,002,set1,set2,0,0.9,2023-04-02_11h48.26.525,TV_prob,2022.1.1,60.00488439789009,
3,0,3,0,,,,,,,,,,,,,,,,,,,,,2,2,1,1,0.5,2.2089046382315303,3.27666037293199,94.2630036999999,None,94.2630036999999,None,94.2630036999999,None,97.54398202000002,97.56054761999994,None,[],,,99.54901179999979,None,99.54901179999979,None,99.54901179999979,None,z,99.54901179999979,None,None,99.54901179999979,None,z,2.533393600000636,1,1,0.5,101.79399329999978,None,101.79399329999978,None,101.79399329999978,None,None,101.79399329999978,None,0.5333936000006361,,,,,,,,,,,,,,,,,,,,,,CBC_P021,002,set1,set2,0,0.9,2023-04-02_11h48.26.525,TV_prob,2022.1.1,60.00488439789009,
4,0,4,0,,,,,,,,,,,,,,,,,,,,,1,1,1,1,0.5,2.23248806235745,3.32142038400957,103.81178319999981,None,103.81178319999981,None,103.81178319999981,None,107.14398881999941,107.16174382000017,None,[],,,109.14793089999966,None,109.14793089999966,None,109.14793089999966,None,b,109.14793089999966,None,None,109.14793089999966,None,b,2.385636599999998,0,0,0.4,111.42899989999933,None,111.42899989999933,None,111.42899989999933,None,None,111.42899989999933,None,0.385636599999998,,,,,,,,,,,,,,,,,,,,,,CBC_P021,002,set1,set2,0,0.9,2023-04-02_11h48.26.525,TV_prob,2022.1.1,60.00488439789009,
5,0,5,0,,,,,,,,,,,,,,,,,,,,,2,0,0,1,0.35,1.887650177272661,1.29306073609301,113.4459826000002,None,113.4459826000002,None,113.4459826000002,None,114.7436782199994,114.76017531999977,None,[],,,116.7492642999996,None,116.7492642999996,None,116.7492642999996,None,b,116.7492642999996,None,None,116.7492642999996,None,b,2.7869087999997646,1,1,0.5,118.67918049999935,None,118.67918049999935,None,118.67918049999935,None,None,118.67918049999935,None,0.7869087999997646,,,,,,,,,,,,,,,,,,,,,,CBC_P021,002,set1,set2,0,0.9,2023-04-02_11h48.26.525,TV_prob,2022.1.1,60.00488439789009,
6,0,6,0,,,,,,,,,,,,,,,,,,,,,0,1,0,1,0.35,1.8749846827473111,1.08604824075189,120.7040863000002,None,120.7040863000002,None,120.7040863000002,None,121.79391012000005,121.81010121999961,None,[],,,123.79757449999943,None,123.79757449999943,None,123.79757449999943,None,z,123.79757449999943,None,None,123.79757449999943,None,z,2.284749699999338,0,0,0.42857142857142855,125.7109762,None,125.7109762,None,125.7109762,None,None,125.7109762,None,0.2847496999993382,,,,,,,,,,,,,,,,,,,,,,CBC_P021,002,set1,set2,0,0.9,2023-04-02_11h48.26.525,TV_prob,2022.1.1,60.00488439789009,
7,0,7,0,,,,,,,,,,,,,,,,,,,,,1,2,0,1,0.35,2.0784833561945097,1.2479618399002,127.73441759999969,None,127.73441759999969,None,127.73441759999969,None,128.99367441999956,129.01057121999938,None,[],,,131.00126079999973,None,131.00126079999973,None,131.00126079999973,None,b,131.00126079999973,None,None,131.00126079999973,None,b,2.691808900000069,1,1,0.5,133.13145219999933,None,133.13145219999933,None,133.13145219999933,None,None,133.13145219999933,None,0.6918089000000691,,,,,,,,,,,,,,,,,,,,,,CBC_P021,002,set1,set2,0,0.9,2023-04-02_11h48.26.525,TV_prob,2022.1.1,60.00488439789009,
8,0,8,0,,,,,,,,,,,,,,,,,,,,,0,0,1,1,0.5,3.62250581484608,2.3497497577282,135.14795909999975,None,135.14795909999975,None,135.14795909999975,None,137.51078091999997,137.52744361999984,None,[],,,139.51720709999972,None,139.51720709999972,None,139.51720709999972,None,z,139.51720709999972,None,None,139.51720709999972,None,z,2.490836599999966,1,1,0.5555555555555556,143.18078890000015,None,143.18078890000015,None,143.18078890000015,None,None,143.18078890000015,None,0.490836599999966,,,,,,,,,,,,,,,,,,,,,,CBC_P021,002,set1,set2,0,0.9,2023-04-02_11h48.26.525,TV_prob,2022.1.1,60.00488439789009,
9,0,9,0,,,,,,,,,,,,,,,,,,,,,2,2,1,1,0.5,1.595506577165096,2.5736109380813,145.1967337999995,None,145.1967337999995,None,145.1967337999995,None,147.77701731999977,147.79423311999935,None,[],,,149.78369250000014,None,149.78369250000014,None,149.78369250000014,None,b,149.78369250000014,None,None,149.78369250000014,None,b,2.2796637000001283,0,0,0.5,151.42923189999965,None,151.42923189999965,None,151.42923189999965,None,None,151.42923189999965,None,0.2796637000001283,,,,,,,,,,,,,,,,,,,,,,CBC_P021,002,set1,set2,0,0.9,2023-04-02_11h48.26.525,TV_prob,2022.1.1,60.00488439789009,
10,0,10,0,,,,,,,,,,,,,,,,,,,,,0,0,1,0,0.5,4.30975216432768,2.50277407648956,153.41950480000014,None,153.41950480000014,None,153.41950480000014,None,155.92608521999964,155.94322391999967,None,[],,,157.9229224999999,None,157.9229224999999,None,157.9229224999999,None,z,157.9229224999999,None,None,157.9229224999999,None,z,2.5521819999994477,1,0,0.5454545454545454,162.27734779999992,None,162.27734779999992,None,162.27734779999992,None,None,162.27734779999992,None,0.5521819999994477,,,,,,,,,,,,,,,,,,,,,,CBC_P021,002,set1,set2,0,0.9,2023-04-02_11h48.26.525,TV_prob,2022.1.1,60.00488439789009,
11,0,11,0,,,,,,,,,,,,,,,,,,,,,1,2,0,1,0.35,3.04482772403364,2.07121332922762,164.29656739999973,None,164.29656739999973,None,164.29656739999973,None,166.37749811999956,166.39415071999983,None,[],,,168.37628940000013,None,168.37628940000013,None,168.37628940000013,None,z,168.37628940000013,None,None,168.37628940000013,None,z,2.8411713000004966,0,0,0.5,171.45652309999969,None,171.45652309999969,None,171.45652309999969,None,None,171.45652309999969,None,0.8411713000004966,,,,,,,,,,,,,,,,,,,,,,CBC_P021,002,set1,set2,0,0.9,2023-04-02_11h48.26.525,TV_prob,2022.1.1,60.00488439789009,
12,0,12,0,,,,,,,,,,,,,,,,,,,,,2,1,0,1,0.15,1.758742575863891,0.971483558655564,173.47950570000012,None,173.47950570000012,None,173.47950570000012,None,174.46076211999943,174.47737272000003,None,[],,,176.4638869999999,None,176.4638869999999,None,176.4638869999999,None,z,176.4638869999999,None,None,176.4638869999999,None,z,2.7250857999997606,0,0,0.46153846153846156,178.25988589999997,None,178.25988589999997,None,178.25988589999997,None,None,178.25988589999997,None,0.7250857999997606,,,,,,,,,,,,,,,,,,,,,,CBC_P021,002,set1,set2,0,0.9,2023-04-02_11h48.26.525,TV_prob,2022.1.1,60.00488439789009,
13,0,13,0,,,,,,,,,,,,,,,,,,,,,1,0,0,1,0.15,3.88444949943153,2.7570014520733,180.28023049999956,None,180.28023049999956,None,180.28023049999956,None,183.04395761999976,183.06056821999945,None,[],,,185.0492905000001,None,185.0492905000001,None,185.0492905000001,None,b,185.0492905000001,None,None,185.0492905000001,None,b,3.3216057999998156,1,1,0.5,188.9510634999997,None,188.9510634999997,None,188.9510634999997,None,None,188.9510634999997,None,1.3216057999998156,,,,,,,,,,,,,,,,,,,,,,CBC_P021,002,set1,set2,0,0.9,2023-04-02_11h48.26.525,TV_prob,2022.1.1,60.00488439789009,
14,0,14,0,,,,,,,,,,,,,,,,,,,,,2,2,1,1,0.5,4.26803291533611,1.84422310959985,190.96546080000007,None,190.96546080000007,None,190.96546080000007,None,192.8101993199999,192.82717512000008,None,[],,,194.81758999999965,None,194.81758999999965,None,194.81758999999965,None,b,194.81758999999965,None,None,194.81758999999965,None,b,2.9373587999998563,0,0,0.4666666666666667,199.10374059999958,None,199.10374059999958,None,199.10374059999958,None,None,199.10374059999958,None,0.9373587999998563,,,,,,,,,,,,,,,,,,,,,,CBC_P021,002,set1,set2,0,0.9,2023-04-02_11h48.26.525,TV_prob,2022.1.1,60.00488439789009,
15,0,15,0,,,,,,,,,,,,,,,,,,,,,0,0,1,1,0.5,4.1766095715889495,2.93536812882172,201.1330171999998,None,201.1330171999998,None,201.1330171999998,None,204.07731661999978,204.09407331999964,None,[],,,206.08209420000003,None,206.08209420000003,None,206.08209420000003,None,z,206.08209420000003,None,None,206.08209420000003,None,z,2.6543021000006775,1,1,0.5,210.29936120000002,None,210.29936120000002,None,210.29936120000002,None,None,210.29936120000002,None,0.6543021000006775,,,,,,,,,,,,,,,,,,,,,,CBC_P021,002,set1,set2,0,0.9,2023-04-02_11h48.26.525,TV_prob,2022.1.1,60.00488439789009,
16,0,16,0,,,,,,,,,,,,,,,,,,,,,1,2,0,1,0.35,3.47854712582944,2.68488128149974,212.28692299999966,None,212.28692299999966,None,212.28692299999966,None,214.97729671999977,214.99397211999994,None,[],,,216.97609740000007,None,216.97609740000007,None,216.97609740000007,None,z,216.97609740000007,None,None,216.97609740000007,None,z,2.4667233999998643,0,0,0.47058823529411764,220.49455339999986,None,220.49455339999986,None,220.49455339999986,None,None,220.49455339999986,None,0.46672339999986434,,,,,,,,,,,,,,,,,,,,,,CBC_P021,002,set1,set2,0,0.9,2023-04-02_11h48.26.525,TV_prob,2022.1.1,60.00488439789009,
17,0,17,0,,,,,,,,,,,,,,,,,,,,,2,1,0,1,0.15,3.95666246474662,2.23439856631263,222.4838490000002,None,222.4838490000002,None,222.4838490000002,None,224.72647651999986,224.74270522000015,None,[],,,226.7221241999996,None,226.7221241999996,None,226.7221241999996,None,z,226.7221241999996,None,None,226.7221241999996,None,z,2.2783581000003323,0,0,0.4444444444444444,230.72135799999978,None,230.72135799999978,None,230.72135799999978,None,None,230.72135799999978,None,0.27835810000033234,,,,,,,,,,,,,,,,,,,,,,CBC_P021,002,set1,set2,0,0.9,2023-04-02_11h48.26.525,TV_prob,2022.1.1,60.00488439789009,
18,0,18,0,,,,,,,,,,,,,,,,,,,,,1,2,0,1,0.35,2.11780998338946,2.40738395932908,232.71943329999976,None,232.71943329999976,None,232.71943329999976,None,235.12620691999936,235.14300422000005,None,[],,,237.12297129999934,None,237.12297129999934,None,237.12297129999934,None,z,237.12297129999934,None,None,237.12297129999934,None,z,2.959906800000681,0,0,0.42105263157894735,239.27653809999993,None,239.27653809999993,None,239.27653809999993,None,None,239.27653809999993,None,0.959906800000681,,,,,,,,,,,,,,,,,,,,,,CBC_P021,002,set1,set2,0,0.9,2023-04-02_11h48.26.525,TV_prob,2022.1.1,60.00488439789009,
19,0,19,0,,,,,,,,,,,,,,,,,,,,,0,0,1,1,0.5,1.6105816849230599,1.48342455087402,241.30239769999935,None,241.30239769999935,None,241.30239769999935,None,242.79320071999982,242.80929291999936,None,[],,,244.78893489999973,None,244.78893489999973,None,244.78893489999973,None,z,244.78893489999973,None,None,244.78893489999973,None,z,2.716773199999807,1,1,0.45,246.44721140000001,None,246.44721140000001,None,246.44721140000001,None,None,246.44721140000001,None,0.7167731999998068,,,,,,,,,,,,,,,,,,,,,,CBC_P021,002,set1,set2,0,0.9,2023-04-02_11h48.26.525,TV_prob,2022.1.1,60.00488439789009,
20,0,20,0,,,,,,,,,,,,,,,,,,,,,2,2,1,1,0.5,2.67601812978374,0.977134614530179,248.46543500000007,None,248.46543500000007,None,248.46543500000007,None,249.44404322,249.4605454200001,None,[],,,251.44706700000006,None,251.44706700000006,None,251.44706700000006,None,z,251.44706700000006,None,None,251.44706700000006,None,z,3.1784484999998313,1,1,0.47619047619047616,254.16069499999958,None,254.16069499999958,None,254.16069499999958,None,None,254.16069499999958,None,1.1784484999998313,,,,,,,,,,,,,,,,,,,,,,CBC_P021,002,set1,set2,0,0.9,2023-04-02_11h48.26.525,TV_prob,2022.1.1,60.00488439789009,
21,0,21,0,,,,,,,,,,,,,,,,,,,,,1,1,1,1,0.5,2.27860294189526,1.08099245958022,256.18987990000005,None,256.18987990000005,None,256.18987990000005,None,257.2774924199995,257.29406672000016,None,[],,,259.28502899999967,None,259.28502899999967,None,259.28502899999967,None,z,259.28502899999967,None,None,259.28502899999967,None,z,2.7987771999996767,1,1,0.5,261.6111745999997,None,261.6111745999997,None,261.6111745999997,None,None,261.6111745999997,None,0.7987771999996767,,,,,,,,,,,,,,,,,,,,,,CBC_P021,002,set1,set2,0,0.9,2023-04-02_11h48.26.525,TV_prob,2022.1.1,60.00488439789009,
22,0,22,0,,,,,,,,,,,,,,,,,,,,,0,2,0,1,0.15,1.905730910449904,2.96222466864387,263.6145558999997,None,263.6145558999997,None,263.6145558999997,None,266.57744021999963,266.59416651999993,None,[],,,268.5764091000001,None,268.5764091000001,None,268.5764091000001,None,b,268.5764091000001,None,None,268.5764091000001,None,b,2.384134300000369,1,1,0.5217391304347826,270.52812409999933,None,270.52812409999933,None,270.52812409999933,None,None,270.52812409999933,None,0.38413430000036897,,,,,,,,,,,,,,,,,,,,,,CBC_P021,002,set1,set2,0,0.9,2023-04-02_11h48.26.525,TV_prob,2022.1.1,60.00488439789009,
23,0,23,0,,,,,,,,,,,,,,,,,,,,,1,1,1,1,0.5,4.33462955345931,1.55403782363402,272.55185509999956,None,272.55185509999956,None,272.55185509999956,None,274.1107101199997,274.12750702000005,None,[],,,276.1102992999995,None,276.1102992999995,None,276.1102992999995,None,z,276.1102992999995,None,None,276.1102992999995,None,z,2.1956538000004002,1,1,0.5416666666666666,280.4804589999994,None,280.4804589999994,None,280.4804589999994,None,None,280.4804589999994,None,0.19565380000040022,,,,,,,,,,,,,,,,,,,,,,CBC_P021,002,set1,set2,0,0.9,2023-04-02_11h48.26.525,TV_prob,2022.1.1,60.00488439789009,
24,0,24,0,,,,,,,,,,,,,,,,,,,,,2,0,0,0,0.35,1.326293484834196,1.14263865585167,282.50155730000006,None,282.50155730000006,None,282.50155730000006,None,283.6433584199996,283.65994041999977,b,['b'],1.803575699999783,[1.803575699999783],285.64086039999984,None,285.64086039999984,None,285.64086039999984,None,None,285.64086039999984,None,None,285.64086039999984,None,b,1.803575699999783,1,0,0.56,287.0110874000002,None,287.0110874000002,None,287.0110874000002,None,None,287.0110874000002,None,,,,,,,,,,,,,,,,,,,,,,,CBC_P021,002,set1,set2,0,0.9,2023-04-02_11h48.26.525,TV_prob,2022.1.1,60.00488439789009,
25,0,25,0,,,,,,,,,,,,,,,,,,,,,0,1,0,1,0.35,1.671897605000652,2.23299083390853,289.00162959999943,None,289.00162959999943,None,289.00162959999943,None,291.24338201999956,291.2602293199999,b,['b'],1.8665727999996307,[1.8665727999996307],293.2421072999996,None,293.2421072999996,None,293.2421072999996,None,None,293.2421072999996,None,None,293.2421072999996,None,b,1.8665727999996307,1,1,0.5769230769230769,294.9432201999998,None,294.9432201999998,None,294.9432201999998,None,None,294.9432201999998,None,,,,,,,,,,,,,,,,,,,,,,,CBC_P021,002,set1,set2,0,0.9,2023-04-02_11h48.26.525,TV_prob,2022.1.1,60.00488439789009,
26,0,26,0,,,,,,,,,,,,,,,,,,,,,2,0,0,1,0.35,2.94912276105146,1.88377296598415,296.9614252000001,None,296.9614252000001,None,296.9614252000001,None,298.86014592000004,298.87631191999947,None,[],,,300.85973639999975,None,300.85973639999975,None,300.85973639999975,None,b,300.85973639999975,None,None,300.85973639999975,None,b,3.344659899999897,1,1,0.5925925925925926,303.84396279999964,None,303.84396279999964,None,303.84396279999964,None,None,303.84396279999964,None,1.3446598999998969,,,,,,,,,,,,,,,,,,,,,,CBC_P021,002,set1,set2,0,0.9,2023-04-02_11h48.26.525,TV_prob,2022.1.1,60.00488439789009,
27,0,27,0,,,,,,,,,,,,,,,,,,,,,1,1,1,1,0.5,2.3725274662429303,3.27418780206312,305.8618574000002,None,305.8618574000002,None,305.8618574000002,None,309.1433583199997,309.1601633199999,None,[],,,311.14229689999956,None,311.14229689999956,None,311.14229689999956,None,z,311.14229689999956,None,None,311.14229689999956,None,z,2.2042246999999406,1,1,0.6071428571428571,313.5596697000001,None,313.5596697000001,None,313.5596697000001,None,None,313.5596697000001,None,0.20422469999994064,,,,,,,,,,,,,,,,,,,,,,CBC_P021,002,set1,set2,0,0.9,2023-04-02_11h48.26.525,TV_prob,2022.1.1,60.00488439789009,
28,0,28,0,,,,,,,,,,,,,,,,,,,,,0,0,1,1,0.5,1.2199655720291709,1.37809841776001,315.57539779999934,None,315.57539779999934,None,315.57539779999934,None,316.95987611999965,316.97617981999986,None,[],,,318.9569418000001,None,318.9569418000001,None,318.9569418000001,None,None,318.9569418000001,None,['z'],318.9569418000001,None,[],[],0,3,0.5862068965517241,320.1949461999993,None,320.1949461999993,None,320.1949461999993,None,['z'],320.1949461999993,None,,[0.8359847000001537],[0.9475586999997176],,,,,,,,,,,,,,,,,,,,CBC_P021,002,set1,set2,0,0.9,2023-04-02_11h48.26.525,TV_prob,2022.1.1,60.00488439789009,
29,0,29,0,,,,,,,,,,,,,,,,,,,,,1,1,1,1,0.5,2.74209998091573,3.26446861731854,322.18555990000004,None,322.18555990000004,None,322.18555990000004,None,325.4610020199999,325.47746151999957,None,[],,,327.4620501999998,None,327.4620501999998,None,327.4620501999998,None,z,327.4620501999998,None,None,327.4620501999998,None,z,2.25895010000022,1,1,0.6,330.24660779999977,None,330.24660779999977,None,330.24660779999977,None,None,330.24660779999977,None,0.2589501000002201,,,,,,,,,,,,,,,,,,,,,,CBC_P021,002,set1,set2,0,0.9,2023-04-02_11h48.26.525,TV_prob,2022.1.1,60.00488439789009,
30,0,30,0,,,,,,,,,,,,,,,,,,,,,2,0,0,1,0.35,3.86983191325091,1.73294357419019,332.24003989999983,None,332.24003989999983,None,332.24003989999983,None,333.9772873200001,333.99398612000016,None,[],,,335.98340069999995,None,335.98340069999995,None,335.98340069999995,None,b,335.98340069999995,None,None,335.98340069999995,None,b,2.844222200000331,1,1,0.6129032258064516,339.8676273000001,None,339.8676273000001,None,339.8676273000001,None,None,339.8676273000001,None,0.8442222000003312,,,,,,,,,,,,,,,,,,,,,,CBC_P021,002,set1,set2,0,0.9,2023-04-02_11h48.26.525,TV_prob,2022.1.1,60.00488439789009,
31,0,31,0,,,,,,,,,,,,,,,,,,,,,0,2,0,1,0.15,3.27810873521582,2.49579389304826,341.88243599999987,None,341.88243599999987,None,341.88243599999987,None,344.3776247199995,344.39448102000017,None,[],,,346.3820565999995,None,346.3820565999995,None,346.3820565999995,None,b,346.3820565999995,None,None,346.3820565999995,None,b,2.5322762999994666,1,1,0.625,349.6949593999998,None,349.6949593999998,None,349.6949593999998,None,None,349.6949593999998,None,0.5322762999994666,,,,,,,,,,,,,,,,,,,,,,CBC_P021,002,set1,set2,0,0.9,2023-04-02_11h48.26.525,TV_prob,2022.1.1,60.00488439789009,
32,0,32,0,,,,,,,,,,,,,,,,,,,,,1,1,1,1,0.5,1.543156518078604,0.789129602716002,351.7166041999999,None,351.7166041999999,None,351.7166041999999,None,352.5111691200001,352.52774601999965,None,[],,,354.51570749999973,None,354.51570749999973,None,354.51570749999973,None,z,354.51570749999973,None,None,354.51570749999973,None,z,2.0154219999994893,1,1,0.6363636363636364,356.0935604999995,None,356.0935604999995,None,356.0935604999995,None,None,356.0935604999995,None,0.015421999999489344,,,,,,,,,,,,,,,,,,,,,,CBC_P021,002,set1,set2,0,0.9,2023-04-02_11h48.26.525,TV_prob,2022.1.1,60.00488439789009,
33,0,33,0,,,,,,,,,,,,,,,,,,,,,0,0,1,1,0.5,2.91771467486041,1.53162701008885,358.0847071999997,None,358.0847071999997,None,358.0847071999997,None,359.6277045199996,359.6446121199998,None,[],,,361.6329633999994,None,361.6329633999994,None,361.6329633999994,None,z,361.6329633999994,None,None,361.6329633999994,None,z,2.51873599999999,1,1,0.6470588235294118,364.59437590000016,None,364.59437590000016,None,364.59437590000016,None,None,364.59437590000016,None,0.5187359999999899,,,,,,,,,,,,,,,,,,,,,,CBC_P021,002,set1,set2,0,0.9,2023-04-02_11h48.26.525,TV_prob,2022.1.1,60.00488439789009,
34,0,34,0,,,,,,,,,,,,,,,,,,,,,1,2,0,1,0.35,2.0889201672230797,1.31360018091897,366.61876909999955,None,366.61876909999955,None,366.61876909999955,None,367.9446095200002,367.96080621999965,None,[],,,369.95060769999964,None,369.95060769999964,None,369.95060769999964,None,b,369.95060769999964,None,None,369.95060769999964,None,b,2.730261900000187,1,1,0.6571428571428571,372.07598400000006,None,372.07598400000006,None,372.07598400000006,None,None,372.07598400000006,None,0.7302619000001869,,,,,,,,,,,,,,,,,,,,,,CBC_P021,002,set1,set2,0,0.9,2023-04-02_11h48.26.525,TV_prob,2022.1.1,60.00488439789009,
35,0,35,0,,,,,,,,,,,,,,,,,,,,,0,1,0,0,0.35,2.0845750455934002,2.78012240036799,374.10250019999967,None,374.10250019999967,None,374.10250019999967,None,376.89410752000015,376.9105517199997,b,['b'],1.6782314000001861,[1.6782314000001861],378.8989305999994,None,378.8989305999994,None,378.8989305999994,None,None,378.8989305999994,None,None,378.8989305999994,None,b,1.6782314000001861,1,0,0.6666666666666666,381.0009315999996,None,381.0009315999996,None,381.0009315999996,None,None,381.0009315999996,None,,,,,,,,,,,,,,,,,,,,,,,CBC_P021,002,set1,set2,0,0.9,2023-04-02_11h48.26.525,TV_prob,2022.1.1,60.00488439789009,
36,0,36,0,,,,,,,,,,,,,,,,,,,,,1,0,0,1,0.15,4.21669271035117,3.38809030570968,383.0161883999999,None,383.0161883999999,None,383.0161883999999,None,386.41085641999973,386.4276013199998,None,[],,,388.4162623000002,None,388.4162623000002,None,388.4162623000002,None,b,388.4162623000002,None,None,388.4162623000002,None,b,2.622074999999313,1,1,0.6756756756756757,392.6793625,None,392.6793625,None,392.6793625,None,None,392.6793625,None,0.6220749999993131,,,,,,,,,,,,,,,,,,,,,,CBC_P021,002,set1,set2,0,0.9,2023-04-02_11h48.26.525,TV_prob,2022.1.1,60.00488439789009,
37,0,37,0,,,,,,,,,,,,,,,,,,,,,2,2,1,1,0.5,3.58943852196035,2.64870493261766,394.69987539999966,None,394.69987539999966,None,394.69987539999966,None,397.36123392,397.37767671999984,None,[],,,399.3669513999994,None,399.3669513999994,None,399.3669513999994,None,z,399.3669513999994,None,None,399.3669513999994,None,z,2.5375190000004295,1,1,0.6842105263157895,402.99361229999977,None,402.99361229999977,None,402.99361229999977,None,None,402.99361229999977,None,0.5375190000004295,,,,,,,,,,,,,,,,,,,,,,CBC_P021,002,set1,set2,0,0.9,2023-04-02_11h48.26.525,TV_prob,2022.1.1,60.00488439789009,
38,0,38,0,,,,,,,,,,,,,,,,,,,,,0,0,1,1,0.5,4.19624908154748,1.41191114387976,405.0111216999994,None,405.0111216999994,None,405.0111216999994,None,406.42722371999946,406.4435828199995,None,[],,,408.42549019999933,None,408.42549019999933,None,408.42549019999933,None,z,408.42549019999933,None,None,408.42549019999933,None,z,2.5410305000004882,1,1,0.6923076923076923,412.65900749999946,None,412.65900749999946,None,412.65900749999946,None,None,412.65900749999946,None,0.5410305000004882,,,,,,,,,,,,,,,,,,,,,,CBC_P021,002,set1,set2,0,0.9,2023-04-02_11h48.26.525,TV_prob,2022.1.1,60.00488439789009,
39,0,39,0,,,,,,,,,,,,,,,,,,,,,2,2,1,1,0.5,1.109698721182561,1.44889042899439,414.6738260000002,None,414.6738260000002,None,414.6738260000002,None,416.12768981999955,416.1441072199997,None,[],,,418.1329201999997,None,418.1329201999997,None,418.1329201999997,None,z,418.1329201999997,None,None,418.1329201999997,None,z,2.586856799999623,1,1,0.7,419.2501951999993,None,419.2501951999993,None,419.2501951999993,None,None,419.2501951999993,None,0.586856799999623,,,,,,,,,,,,,,,,,,,,,,CBC_P021,002,set1,set2,0,0.9,2023-04-02_11h48.26.525,TV_prob,2022.1.1,60.00488439789009,
40,0,40,0,,,,,,,,,,,,,,,,,,,,,0,1,0,1,0.35,2.39750191607,2.12802719374523,421.2624595999996,None,421.2624595999996,None,421.2624595999996,None,423.3944837199998,423.4114264199999,b,['b'],1.559918099999777,[1.559918099999777],425.40061269999933,None,425.40061269999933,None,425.40061269999933,None,None,425.40061269999933,None,None,425.40061269999933,None,b,1.559918099999777,1,1,0.7073170731707317,427.8430607999999,None,427.8430607999999,None,427.8430607999999,None,None,427.8430607999999,None,,,,,,,,,,,,,,,,,,,,,,,CBC_P021,002,set1,set2,0,0.9,2023-04-02_11h48.26.525,TV_prob,2022.1.1,60.00488439789009,
41,0,41,0,,,,,,,,,,,,,,,,,,,,,1,2,0,1,0.35,1.899747326335302,2.29713937746779,429.83437309999954,None,429.83437309999954,None,429.83437309999954,None,432.14370832,432.16041721999966,None,[],,,434.14022320000004,None,434.14022320000004,None,434.14022320000004,None,None,434.14022320000004,None,['b'],434.14022320000004,None,[],[],0,3,0.6904761904761905,436.0770937999996,None,436.0770937999996,None,436.0770937999996,None,['b'],436.0770937999996,None,,[0.2709045999999944],[0.9147530000000188],,,,,,,,,,,,,,,,,,,,CBC_P021,002,set1,set2,0,0.9,2023-04-02_11h48.26.525,TV_prob,2022.1.1,60.00488439789009,
,,,,,,,,,,,,,,,,,,,,,,,,,,,,,,,,,,,,,,,,,,,,,,,,,,,,,,,,,,,,,,,,,,,,,,,,437.99411429999964,None,442.9944212999999,None,442.9944212999999,None,None,442.9944212999999,None,,,,,,,,,,,CBC_P021,002,set1,set2,0,0.9,2023-04-02_11h48.26.525,TV_prob,2022.1.1,60.00488439789009,
,,,,,,,,,,,,,,,,,,,,,,,,,,,,,,,,,,,,,,,,,,,,,,,,,,,,,,,,,,,,,,,,,,,,,,,,,,,,,,,,,0.9,z,b,2,2,1,2,0.5,0.7142857142857142,0.857142857142857,,,,,,,,,,,
