trials_runs.thisRepN,trials_runs.thisTrialN,trials_runs.thisN,trials_runs.thisIndex,Intro_image.started,Intro_image.stopped,instruction.started,instruction.stopped,key_resp.keys,key_resp.rt,key_resp.started,key_resp.stopped,fixationCross_9.started,fixationCross_9.stopped,trigger.keys,trigger.rt,trigger.started,trigger.stopped,fixationCross_7.started,fixationCross_7.stopped,cue_yes_8.started,cue_yes_8.stopped,cue_no_8.started,cue_no_8.stopped,trials_runs.visual_stim,trials_runs.audio_stim,trials_runs.correct_comb,trials_runs.rewardAccurate,trials_runs.presentationFrequency,trials_runs.ISI,trials_runs.ITI,fixationCross_8.started,fixationCross_8.stopped,cue_yes_9.started,cue_yes_9.stopped,cue_no_9.started,cue_no_9.stopped,image_3.started,image_3.stopped,sound_3.started,sound_3.stopped,fixationCross_11.started,fixationCross_11.stopped,fixationCross_6.started,fixationCross_6.stopped,response_runs.keys,response_runs.corr,response_runs.rt,response_runs.started,response_runs.stopped,cue_yes_10.started,cue_yes_10.stopped,cue_no_10.started,cue_no_10.stopped,get_keys_6.keys,get_keys_6.started,get_keys_6.stopped,trials_runs.correct_answer,trials_runs.feedback_given,trials_runs.running_mean,feedback_3.started,feedback_3.stopped,cue_yes_11.started,cue_yes_11.stopped,cue_no_11.started,cue_no_11.stopped,get_keys_7.keys,get_keys_7.started,get_keys_7.stopped,get_keys_6.rt,get_keys_7.rt,fixationCross_10.started,fixationCross_10.stopped,final_image.started,final_image.stopped,final_message.started,final_message.stopped,end_experiment.keys,end_experiment.started,end_experiment.stopped,trials_runs.rewardProb,trials_runs.yesKey,trials_runs.noKey,trials_runs.stimulusDur,trials_runs.feedbackDur,trials_runs.mean_acc_1stThird,trials_runs.mean_acc_2ndThird,trials_runs.mean_acc_3rdThird,participant,session,visual set [set1-4 / set5-8],audio set [set1-4],trial structure [0-3],FB probability,date,expName,psychopyVersion,frameRate,
,,,,51.61442519999946,None,51.61442519999946,None,space,8.14954139999827,51.81226229999993,None,,,,,,,,,,,,,,,,,,,,,,,,,,,,,,,,,,,,,,,,,,,,,,,,,,,,,,,,,,,,,,,,,,,,,,,,,,,,,CBC_P035,001,set1,set2,2,0.8,2024-05-16_12h47.19.343,AV_prob,2022.1.1,59.972029045827284,
,,,,,,,,,,,,59.97954050000044,None,t,46.968119999999544,59.97954050000044,None,,,,,,,,,,,,,,,,,,,,,,,,,,,,,,,,,,,,,,,,,,,,,,,,,,,,,,,,,,,,,,,,,,,,,,,CBC_P035,001,set1,set2,2,0.8,2024-05-16_12h47.19.343,AV_prob,2022.1.1,59.972029045827284,
0,0,0,0,,,,,,,,,,,,,,,106.97972750000008,None,106.97972750000008,None,106.97972750000008,None,1,2,0,0,0.15,3.19624908154748,3.27418780206312,107.87877889999982,None,107.87877889999982,None,107.87877889999982,None,111.24474369999916,113.31330530000014,111.24653206000112,None,113.29654499999924,114.2964136999999,114.2964136999999,117.49663959999998,b,0,1.421083199998975,111.24474369999916,None,111.24474369999916,None,111.24474369999916,None,None,111.24474369999916,117.44663539999965,0,1,0.0,117.56609249999929,None,117.56609249999929,None,117.56609249999929,None,None,117.56609249999929,None,,,,,,,,,,,,,,,,,,,,CBC_P035,001,set1,set2,2,0.8,2024-05-16_12h47.19.343,AV_prob,2022.1.1,59.972029045827284,
1,0,1,0,,,,,,,,,,,,,,,,,,,,,2,0,1,1,0.5,1.39750191607,2.96222466864387,119.61321789999965,None,119.61321789999965,None,119.61321789999965,None,122.63985370000046,124.71330069999931,122.64754855000047,None,124.69660040000053,125.69572359999984,125.69572359999984,127.0967227000001,b,1,2.3561762000008457,122.63985370000046,None,122.63985370000046,None,122.63985370000046,None,None,122.63985370000046,127.0464465999994,1,1,0.5,127.13545660000091,None,127.13545660000091,None,127.13545660000091,None,None,127.13545660000091,None,,,,,,,,,,,,,,,,,,,,CBC_P035,001,set1,set2,2,0.8,2024-05-16_12h47.19.343,AV_prob,2022.1.1,59.972029045827284,
2,0,2,0,,,,,,,,,,,,,,,,,,,,,0,2,1,1,0.5,1.94912276105146,1.91520730139263,129.21327510000083,None,129.21327510000083,None,129.21327510000083,None,131.1403969999992,133.21338699999978,131.14646252000023,None,133.1968512000003,134.19673010000042,134.19673010000042,136.1466304000005,z,0,1.248870600000373,131.1403969999992,None,131.1403969999992,None,131.1403969999992,None,None,131.1403969999992,136.0968728000007,0,0,0.3333333333333333,136.18397069999992,None,136.18397069999992,None,136.18397069999992,None,None,136.18397069999992,None,,,,,,,,,,,,,,,,,,,,CBC_P035,001,set1,set2,2,0.8,2024-05-16_12h47.19.343,AV_prob,2022.1.1,59.972029045827284,
3,0,3,0,,,,,,,,,,,,,,,,,,,,,2,1,0,1,0.15,1.91771467486041,2.50277407648956,138.2631206999995,None,138.2631206999995,None,138.2631206999995,None,140.8203085999994,142.8966500000006,140.83013094000054,None,142.87998100000004,143.88006049999967,143.88006049999967,None,b,0,2.422319499999503,140.8203085999994,None,140.8203085999994,None,140.8203085999994,None,None,140.8203085999994,145.74657690000095,0,0,0.25,145.8297509999993,None,145.8297509999993,None,145.8297509999993,None,None,145.8297509999993,None,,,,,,,,,,,,,,,,,,,,CBC_P035,001,set1,set2,2,0.8,2024-05-16_12h47.19.343,AV_prob,2022.1.1,59.972029045827284,
4,0,4,0,,,,,,,,,,,,,,,,,,,,,1,0,0,1,0.35,0.61058168492306,1.41191114387976,147.9131849000005,None,147.9131849000005,None,147.9131849000005,None,149.34850010000082,151.43014310000035,149.34662082000034,None,151.41344820000086,152.41380270000082,152.41380270000082,None,z,1,2.6820662999998603,149.34850010000082,None,149.34850010000082,None,149.34850010000082,None,None,149.34850010000082,152.96374780000042,1,1,0.4,153.0499037999998,None,153.0499037999998,None,153.0499037999998,None,None,153.0499037999998,None,,,,,,,,,,,,,,,,,,,,CBC_P035,001,set1,set2,2,0.8,2024-05-16_12h47.19.343,AV_prob,2022.1.1,59.972029045827284,
5,0,5,0,,,,,,,,,,,,,,,,,,,,,0,2,1,1,0.5,2.27810873521582,1.31360018091897,155.13010080000095,None,155.13010080000095,None,155.13010080000095,None,156.46017910000046,158.53009949999978,156.46355992000065,None,158.51349699999992,159.51321009999992,159.51321009999992,161.79676719999952,z,0,2.244496100000106,156.46017910000046,None,156.46017910000046,None,156.46017910000046,None,None,156.46017910000046,161.74677519999932,0,0,0.3333333333333333,161.83749709999938,None,161.83749709999938,None,161.83749709999938,None,None,161.83749709999938,None,,,,,,,,,,,,,,,,,,,,CBC_P035,001,set1,set2,2,0.8,2024-05-16_12h47.19.343,AV_prob,2022.1.1,59.972029045827284,
6,0,6,0,,,,,,,,,,,,,,,,,,,,,1,1,1,1,0.5,2.47854712582944,2.07121332922762,163.91335009999966,None,163.91335009999966,None,163.91335009999966,None,166.00945209999918,168.08000999999967,166.0140193200001,None,168.0633971999996,169.0635996000001,169.0635996000001,171.5470796999998,b,1,2.0402199999989534,166.00945209999918,None,166.00945209999918,None,166.00945209999918,None,None,166.00945209999918,171.49650979999933,1,1,0.42857142857142855,171.58982979999928,None,171.58982979999928,None,171.58982979999928,None,None,171.58982979999928,None,,,,,,,,,,,,,,,,,,,,CBC_P035,001,set1,set2,2,0.8,2024-05-16_12h47.19.343,AV_prob,2022.1.1,59.972029045827284,
7,0,7,0,,,,,,,,,,,,,,,,,,,,,2,2,0,0,0.35,0.556335756354144,1.53162701008885,173.6633879000001,None,173.6633879000001,None,173.6633879000001,None,175.21210900000005,177.28014350000012,175.21346781999966,None,177.28014350000012,178.2795530000003,178.2795530000003,None,b,0,2.549244499998167,175.21210900000005,None,175.21210900000005,None,175.21210900000005,None,None,175.21210900000005,178.78036210000027,0,1,0.375,178.86777799999982,None,178.86777799999982,None,178.86777799999982,None,None,178.86777799999982,None,,,,,,,,,,,,,,,,,,,,CBC_P035,001,set1,set2,2,0.8,2024-05-16_12h47.19.343,AV_prob,2022.1.1,59.972029045827284,
8,0,8,0,,,,,,,,,,,,,,,,,,,,,1,0,0,1,0.35,3.21669271035117,2.7570014520733,180.94657290000032,None,180.94657290000032,None,180.94657290000032,None,183.72842689999925,185.7971393000007,183.73039292000033,None,185.7971393000007,186.79695750000064,186.79695750000064,None,z,1,2.9434062000000267,183.72842689999925,None,183.72842689999925,None,183.72842689999925,None,None,183.72842689999925,189.94678139999996,1,1,0.4444444444444444,190.03061370000069,None,190.03061370000069,None,190.03061370000069,None,None,190.03061370000069,None,,,,,,,,,,,,,,,,,,,,CBC_P035,001,set1,set2,2,0.8,2024-05-16_12h47.19.343,AV_prob,2022.1.1,59.972029045827284,
9,0,9,0,,,,,,,,,,,,,,,,,,,,,2,2,0,1,0.35,1.27860294189526,0.789129602716002,192.1133936999995,None,192.1133936999995,None,192.1133936999995,None,192.93005559999983,194.99707839999974,192.9303433199999,None,194.99707839999974,195.99678660000063,195.99678660000063,None,b,0,2.5974089999981516,192.93005559999983,None,192.93005559999983,None,192.93005559999983,None,None,192.93005559999983,197.21354249999968,0,0,0.4,197.29440930000055,None,197.29440930000055,None,197.29440930000055,None,None,197.29440930000055,None,,,,,,,,,,,,,,,,,,,,CBC_P035,001,set1,set2,2,0.8,2024-05-16_12h47.19.343,AV_prob,2022.1.1,59.972029045827284,
10,0,10,0,,,,,,,,,,,,,,,,,,,,,0,1,0,1,0.35,3.17660957158895,1.29306073609301,199.38024249999944,None,199.38024249999944,None,199.38024249999944,None,200.69560740000088,202.76364920000015,200.6966627199996,None,202.76364920000015,203.76347890000034,203.76347890000034,None,b,0,2.3758969999980764,200.69560740000088,None,200.69560740000088,None,200.69560740000088,None,None,200.69560740000088,206.87997759999962,0,0,0.36363636363636365,206.96398229999977,None,206.96398229999977,None,206.96398229999977,None,None,206.96398229999977,None,,,,,,,,,,,,,,,,,,,,CBC_P035,001,set1,set2,2,0.8,2024-05-16_12h47.19.343,AV_prob,2022.1.1,59.972029045827284,
11,0,11,0,,,,,,,,,,,,,,,,,,,,,2,0,1,1,0.5,0.899747326335302,3.38809030570968,209.0476073000009,None,209.0476073000009,None,209.0476073000009,None,212.4653488999993,214.53038390000074,212.4641475200002,None,214.53038390000074,215.53010240000003,215.53010240000003,None,b,1,2.7874718999992183,212.4653488999993,None,212.4653488999993,None,212.4653488999993,None,None,212.4653488999993,216.3804244999992,1,1,0.4166666666666667,216.45082290000028,None,216.45082290000028,None,216.45082290000028,None,None,216.45082290000028,None,,,,,,,,,,,,,,,,,,,,CBC_P035,001,set1,set2,2,0.8,2024-05-16_12h47.19.343,AV_prob,2022.1.1,59.972029045827284,
12,0,12,0,,,,,,,,,,,,,,,,,,,,,0,2,1,1,0.5,1.37252746624293,3.32142038400957,218.5302656999993,None,218.5302656999993,None,218.5302656999993,None,221.88122880000083,223.9471396000008,221.88033791999953,None,223.9471396000008,224.9470452000005,224.9470452000005,None,b,1,2.5850412999989203,221.88122880000083,None,221.88122880000083,None,221.88122880000083,None,None,221.88122880000083,226.26325630000065,1,1,0.46153846153846156,226.35220889999982,None,226.35220889999982,None,226.35220889999982,None,None,226.35220889999982,None,,,,,,,,,,,,,,,,,,,,CBC_P035,001,set1,set2,2,0.8,2024-05-16_12h47.19.343,AV_prob,2022.1.1,59.972029045827284,
13,0,13,0,,,,,,,,,,,,,,,,,,,,,1,1,1,0,0.5,2.58943852196035,2.29713937746779,228.43040970000038,None,228.43040970000038,None,228.43040970000038,None,230.74827089999962,232.8136271000003,230.74709632000088,None,232.8136271000003,233.8133768000007,233.8133768000007,None,z,0,2.364859499999511,230.74827089999962,None,230.74827089999962,None,230.74827089999962,None,None,230.74827089999962,236.34714150000036,0,1,0.42857142857142855,236.4279048999997,None,236.4279048999997,None,236.4279048999997,None,None,236.4279048999997,None,,,,,,,,,,,,,,,,,,,,CBC_P035,001,set1,set2,2,0.8,2024-05-16_12h47.19.343,AV_prob,2022.1.1,59.972029045827284,
14,0,14,0,,,,,,,,,,,,,,,,,,,,,0,2,1,1,0.5,0.543156518078604,2.78012240036799,238.51363320000019,None,238.51363320000019,None,238.51363320000019,None,241.30562110000028,243.38057470000058,241.31314112000075,None,243.36356390000037,244.36371580000014,244.36371580000014,None,b,1,2.076674500000081,241.30562110000028,None,241.30562110000028,None,241.30562110000028,None,None,241.30562110000028,244.86380500000087,1,1,0.4666666666666667,244.9305437999992,None,244.9305437999992,None,244.9305437999992,None,None,244.9305437999992,None,,,,,,,,,,,,,,,,,,,,CBC_P035,001,set1,set2,2,0.8,2024-05-16_12h47.19.343,AV_prob,2022.1.1,59.972029045827284,
15,0,15,0,,,,,,,,,,,,,,,,,,,,,1,0,0,0,0.35,1.24205805775432,2.64870493261766,247.01353200000085,None,247.01353200000085,None,247.01353200000085,None,249.6807200000003,251.74712100000033,249.68056491999926,None,251.74712100000033,252.74725539999963,252.74725539999963,None,b,0,2.630722899999455,249.6807200000003,None,249.6807200000003,None,249.6807200000003,None,None,249.6807200000003,253.93057469999985,0,1,0.4375,254.01911440000003,None,254.01911440000003,None,254.01911440000003,None,None,254.01911440000003,None,,,,,,,,,,,,,,,,,,,,CBC_P035,001,set1,set2,2,0.8,2024-05-16_12h47.19.343,AV_prob,2022.1.1,59.972029045827284,
16,0,16,0,,,,,,,,,,,,,,,,,,,,,2,2,0,1,0.35,0.671897605000652,1.73294357419019,256.0970978000005,None,256.0970978000005,None,256.0970978000005,None,257.8464117000003,259.9139329000009,257.8470637200004,None,259.9139329000009,260.9139391000008,260.9139391000008,None,z,1,3.1201160000000527,257.8464117000003,None,257.8464117000003,None,257.8464117000003,None,None,257.8464117000003,261.53066039999976,1,1,0.47058823529411764,261.6173359000004,None,261.6173359000004,None,261.6173359000004,None,None,261.6173359000004,None,,,,,,,,,,,,,,,,,,,,CBC_P035,001,set1,set2,2,0.8,2024-05-16_12h47.19.343,AV_prob,2022.1.1,59.972029045827284,
17,0,17,0,,,,,,,,,,,,,,,,,,,,,0,1,0,1,0.35,1.08892016722308,3.26446861731854,263.6970244999993,None,263.6970244999993,None,263.6970244999993,None,266.98175360000096,269.04789359999995,266.98058402000026,None,269.04789359999995,270.0472843999996,270.0472843999996,None,b,0,2.6676807000003464,266.98175360000096,None,266.98175360000096,None,266.98175360000096,None,None,266.98175360000096,271.0806035000005,0,0,0.4444444444444444,271.16786110000066,None,271.16786110000066,None,271.16786110000066,None,None,271.16786110000066,None,,,,,,,,,,,,,,,,,,,,CBC_P035,001,set1,set2,2,0.8,2024-05-16_12h47.19.343,AV_prob,2022.1.1,59.972029045827284,
18,0,18,0,,,,,,,,,,,,,,,,,,,,,2,0,1,1,0.5,2.88444949943153,1.75396267962373,273.2470527000005,None,273.2470527000005,None,273.2470527000005,None,275.0267679000008,277.09698000000026,275.030557220001,None,277.08028360000026,278.08035089999976,278.08035089999976,280.9638919000008,b,1,2.4787704999998823,275.0267679000008,None,275.0267679000008,None,275.0267679000008,None,None,275.0267679000008,280.91400819999944,1,1,0.47368421052631576,281.0011505000002,None,281.0011505000002,None,281.0011505000002,None,None,281.0011505000002,None,,,,,,,,,,,,,,,,,,,,CBC_P035,001,set1,set2,2,0.8,2024-05-16_12h47.19.343,AV_prob,2022.1.1,59.972029045827284,
19,0,19,0,,,,,,,,,,,,,,,,,,,,,1,1,1,1,0.5,1.74209998091573,2.10833202116216,283.08037709999917,None,283.08037709999917,None,283.08037709999917,None,285.21493159999955,287.28063010000005,285.2139421200005,None,287.28063010000005,288.2804763999993,288.2804763999993,None,b,1,3.4308481000007305,285.21493159999955,None,285.21493159999955,None,285.21493159999955,None,None,285.21493159999955,289.9640094000006,1,1,0.5,290.0420200999997,None,290.0420200999997,None,290.0420200999997,None,None,290.0420200999997,None,,,,,,,,,,,,,,,,,,,,CBC_P035,001,set1,set2,2,0.8,2024-05-16_12h47.19.343,AV_prob,2022.1.1,59.972029045827284,
20,0,20,0,,,,,,,,,,,,,,,,,,,,,0,0,0,1,0.15,0.326293484834196,0.977134614530179,292.13051409999935,None,292.13051409999935,None,292.13051409999935,None,293.12906719999955,295.19748040000013,293.1307005199993,None,295.19748040000013,296.1974556999994,296.1974556999994,None,z,1,2.0346707999997307,293.12906719999955,None,293.12906719999955,None,293.12906719999955,None,None,293.12906719999955,296.46404339999935,1,1,0.5238095238095238,296.54979450000064,None,296.54979450000064,None,296.54979450000064,None,None,296.54979450000064,None,,,,,,,,,,,,,,,,,,,,CBC_P035,001,set1,set2,2,0.8,2024-05-16_12h47.19.343,AV_prob,2022.1.1,59.972029045827284,
21,0,21,0,,,,,,,,,,,,,,,,,,,,,1,1,1,1,0.5,0.758742575863891,1.48342455087402,298.6305747000006,None,298.6305747000006,None,298.6305747000006,None,300.13203729999987,302.19766809999965,300.1307769200008,None,302.19766809999965,303.19751840000026,303.19751840000026,None,b,1,2.1097807999994984,300.13203729999987,None,300.13203729999987,None,300.13203729999987,None,None,300.13203729999987,303.89742690000094,1,1,0.5454545454545454,303.9780754000003,None,303.9780754000003,None,303.9780754000003,None,None,303.9780754000003,None,,,,,,,,,,,,,,,,,,,,CBC_P035,001,set1,set2,2,0.8,2024-05-16_12h47.19.343,AV_prob,2022.1.1,59.972029045827284,
22,0,22,0,,,,,,,,,,,,,,,,,,,,,2,0,1,0,0.5,0.219965572029171,1.37809841776001,306.0640927000004,None,306.0640927000004,None,306.0640927000004,None,307.46684520000053,309.54739189999964,307.4642378200002,None,309.5306493999997,310.53093330000047,310.53093330000047,None,b,1,1.978479999999763,307.46684520000053,None,307.46684520000053,None,307.46684520000053,None,None,307.46684520000053,310.6973730000009,1,0,0.5652173913043478,310.7850070000004,None,310.7850070000004,None,310.7850070000004,None,None,310.7850070000004,None,,,,,,,,,,,,,,,,,,,,CBC_P035,001,set1,set2,2,0.8,2024-05-16_12h47.19.343,AV_prob,2022.1.1,59.972029045827284,
23,0,23,0,,,,,,,,,,,,,,,,,,,,,0,1,0,0,0.35,2.50182449656669,1.08604824075189,312.86406220000026,None,312.86406220000026,None,312.86406220000026,None,313.9796559999995,316.0474881000009,313.98076732000084,None,316.0474881000009,317.0474849000002,317.0474849000002,None,z,1,2.3499417000002722,313.9796559999995,319.54723019999983,313.9796559999995,319.54723019999983,313.9796559999995,319.54723019999983,None,313.9796559999995,319.4804684999999,1,0,0.5833333333333334,319.5800804999999,None,319.5800804999999,None,319.5800804999999,None,None,319.5800804999999,None,,,,,,,,,,,,,,,,,,,,CBC_P035,001,set1,set2,2,0.8,2024-05-16_12h47.19.343,AV_prob,2022.1.1,59.972029045827284,
24,0,24,0,,,,,,,,,,,,,,,,,,,,,2,2,0,1,0.35,3.30975216432768,2.12802719374523,321.66414000000077,None,321.66414000000077,None,321.66414000000077,None,323.81707730000016,325.8974109999999,323.81425891999936,None,325.8818013,326.88100979999945,326.88100979999945,None,z,1,2.6959673999990628,323.81707730000016,None,323.81707730000016,None,323.81707730000016,None,None,323.81707730000016,330.1311268999998,1,1,0.6,330.2136167999997,None,330.2136167999997,None,330.2136167999997,None,None,330.2136167999997,None,,,,,,,,,,,,,,,,,,,,CBC_P035,001,set1,set2,2,0.8,2024-05-16_12h47.19.343,AV_prob,2022.1.1,59.972029045827284,
25,0,25,0,,,,,,,,,,,,,,,,,,,,,1,1,1,1,0.5,1.67601812978374,2.5736109380813,332.2970365000001,None,332.2970365000001,None,332.2970365000001,None,334.89444510000067,336.96409760000097,334.8980412199995,None,336.96409760000097,337.9641661000005,337.94741690000046,339.63104750000093,z,0,3.4279631999997946,334.89444510000067,None,334.89444510000067,None,334.89444510000067,None,None,334.89444510000067,339.5811498000003,0,0,0.5769230769230769,339.6735888000003,None,339.6735888000003,None,339.6735888000003,None,None,339.6735888000003,None,,,,,,,,,,,,,,,,,,,,CBC_P035,001,set1,set2,2,0.8,2024-05-16_12h47.19.343,AV_prob,2022.1.1,59.972029045827284,
26,0,26,0,,,,,,,,,,,,,,,,,,,,,0,2,1,1,0.5,0.109698721182561,2.93536812882172,341.74736289999964,None,341.74736289999964,None,341.74736289999964,None,344.71170469999925,346.78077719999965,344.71389471999976,None,346.78077719999965,347.7811117000001,347.7811117000001,None,b,1,2.26508130000002,344.71170469999925,None,344.71170469999925,None,344.71170469999925,None,None,344.71170469999925,347.8307769999992,1,1,0.5925925925925926,347.9167111000006,None,347.9167111000006,None,347.9167111000006,None,None,347.9167111000006,None,,,,,,,,,,,,,,,,,,,,CBC_P035,001,set1,set2,2,0.8,2024-05-16_12h47.19.343,AV_prob,2022.1.1,59.972029045827284,
27,0,27,0,,,,,,,,,,,,,,,,,,,,,2,1,0,1,0.15,0.874984682747311,3.27666037293199,349.9974251000003,None,349.9974251000003,None,349.9974251000003,None,353.29326670000046,355.3641841000008,353.29721161999953,None,355.3477285000008,356.3475397000002,356.3475397000002,357.2311504999998,z,1,1.4386740999998437,353.29326670000046,None,353.29326670000046,None,353.29326670000046,None,None,353.29326670000046,357.18119110000043,1,1,0.6071428571428571,357.2715121000001,None,357.2715121000001,None,357.2715121000001,None,None,357.2715121000001,None,,,,,,,,,,,,,,,,,,,,CBC_P035,001,set1,set2,2,0.8,2024-05-16_12h47.19.343,AV_prob,2022.1.1,59.972029045827284,
28,0,28,0,,,,,,,,,,,,,,,,,,,,,1,0,0,1,0.35,0.595506577165096,1.55403782363402,359.3477165000004,None,359.3477165000004,None,359.3477165000004,None,360.92904120000094,362.9976096999999,360.9308762199995,None,362.9976096999999,363.9984478999995,363.9984478999995,None,z,1,1.2002692000005482,360.92904120000094,None,360.92904120000094,None,360.92904120000094,None,None,360.92904120000094,364.5310325999999,1,1,0.6206896551724138,364.61719339999945,None,364.61719339999945,None,364.61719339999945,None,None,364.61719339999945,None,,,,,,,,,,,,,,,,,,,,CBC_P035,001,set1,set2,2,0.8,2024-05-16_12h47.19.343,AV_prob,2022.1.1,59.972029045827284,
29,0,29,0,,,,,,,,,,,,,,,,,,,,,0,1,0,1,0.35,2.62250581484608,0.971483558655564,366.6976169999998,None,366.6976169999998,None,366.6976169999998,None,367.6942024,369.7640057000008,367.697332020001,None,369.74769109999943,370.7478458000005,370.7478458000005,373.38089349999973,b,0,2.3769116000003123,367.6942024,None,367.6942024,None,367.6942024,None,None,367.6942024,373.33094600000004,0,0,0.6,373.41745880000053,None,373.41745880000053,None,373.41745880000053,None,None,373.41745880000053,None,,,,,,,,,,,,,,,,,,,,CBC_P035,001,set1,set2,2,0.8,2024-05-16_12h47.19.343,AV_prob,2022.1.1,59.972029045827284,
30,0,30,0,,,,,,,,,,,,,,,,,,,,,2,0,1,0,0.5,2.04482772403364,2.3497497577282,375.49792180000077,None,375.49792180000077,None,375.49792180000077,None,377.86788850000084,379.9476419999992,377.8645031200009,None,379.93095060000087,380.9312260000006,380.9312260000006,None,b,1,2.3984390999994503,377.86788850000084,None,377.86788850000084,None,377.86788850000084,None,None,377.86788850000084,382.91455359999964,1,0,0.6129032258064516,383.00020310000036,None,383.00020310000036,None,383.00020310000036,None,None,383.00020310000036,None,,,,,,,,,,,,,,,,,,,,CBC_P035,001,set1,set2,2,0.8,2024-05-16_12h47.19.343,AV_prob,2022.1.1,59.972029045827284,
31,0,31,0,,,,,,,,,,,,,,,,,,,,,0,2,1,0,0.5,3.33462955345931,2.23439856631263,385.0817076000003,None,385.0817076000003,None,385.0817076000003,None,387.34049760000016,389.41443099999924,387.3472319200006,None,389.39788450000015,390.3978093000005,390.3978093000005,None,b,1,2.620675800000754,387.34049760000016,None,387.34049760000016,None,387.34049760000016,None,None,387.34049760000016,393.68047379999916,1,0,0.625,393.7645678000008,None,393.7645678000008,None,393.7645678000008,None,None,393.7645678000008,None,,,,,,,,,,,,,,,,,,,,CBC_P035,001,set1,set2,2,0.8,2024-05-16_12h47.19.343,AV_prob,2022.1.1,59.972029045827284,
32,0,32,0,,,,,,,,,,,,,,,,,,,,,2,0,1,1,0.5,1.11780998338946,1.14263865585167,395.84776149999925,None,395.84776149999925,None,395.84776149999925,None,397.01373910000075,399.0819384000006,397.014438920001,None,399.0819384000006,400.0813804999998,400.0813804999998,None,b,1,1.2294184000002133,397.01373910000075,401.19801430000007,397.01373910000075,401.19801430000007,397.01373910000075,401.19801430000007,None,397.01373910000075,401.13146009999946,1,1,0.6363636363636364,401.2359780000006,None,401.2359780000006,None,401.2359780000006,None,None,401.2359780000006,None,,,,,,,,,,,,,,,,,,,,CBC_P035,001,set1,set2,2,0.8,2024-05-16_12h47.19.343,AV_prob,2022.1.1,59.972029045827284,
33,0,33,0,,,,,,,,,,,,,,,,,,,,,1,2,0,1,0.15,1.0845750455934,1.88377296598415,403.3140521000005,None,403.3140521000005,None,403.3140521000005,None,405.21061179999924,407.2808879000004,405.21442592000096,None,407.26477370000066,408.2649543999996,408.2649543999996,None,b,0,2.3141337999986717,405.21061179999924,None,405.21061179999924,None,405.21061179999924,None,None,405.21061179999924,409.29758369999945,0,0,0.6176470588235294,409.38574470000094,None,409.38574470000094,None,409.38574470000094,None,None,409.38574470000094,None,,,,,,,,,,,,,,,,,,,,CBC_P035,001,set1,set2,2,0.8,2024-05-16_12h47.19.343,AV_prob,2022.1.1,59.972029045827284,
34,0,34,0,,,,,,,,,,,,,,,,,,,,,0,1,0,1,0.35,0.887650177272661,2.68488128149974,411.46446599999945,None,411.46446599999945,None,411.46446599999945,None,414.18057659999977,416.2477729000002,414.1814633200007,None,416.2477729000002,417.24808330000087,417.24808330000087,None,z,1,1.3080268999983673,414.18057659999977,None,414.18057659999977,None,414.18057659999977,None,None,414.18057659999977,418.0814317000004,1,1,0.6285714285714286,418.1690108999992,None,418.1690108999992,None,418.1690108999992,None,None,418.1690108999992,None,,,,,,,,,,,,,,,,,,,,CBC_P035,001,set1,set2,2,0.8,2024-05-16_12h47.19.343,AV_prob,2022.1.1,59.972029045827284,
35,0,35,0,,,,,,,,,,,,,,,,,,,,,2,0,1,1,0.5,1.07848335619451,1.2479618399002,420.24782869999945,None,420.24782869999945,None,420.24782869999945,None,421.5112370000006,423.5814198999997,421.51468892000014,None,423.5646944,424.5646938000009,424.58175420000043,None,b,1,1.256634599998506,421.5112370000006,None,421.5112370000006,None,421.5112370000006,None,None,421.5112370000006,425.5980333000007,1,1,0.6388888888888888,425.68642720000025,None,425.68642720000025,None,425.68642720000025,None,None,425.68642720000025,None,,,,,,,,,,,,,,,,,,,,CBC_P035,001,set1,set2,2,0.8,2024-05-16_12h47.19.343,AV_prob,2022.1.1,59.972029045827284,
36,0,36,0,,,,,,,,,,,,,,,,,,,,,1,1,1,1,0.5,3.26803291533611,2.49579389304826,427.76451819999966,None,427.76451819999966,None,427.76451819999966,None,430.28125809999983,432.3484136999996,430.2811406199995,None,432.3484136999996,433.3480318000002,433.3480318000002,None,b,1,2.590284399999291,430.28125809999983,436.61449170000014,430.28125809999983,436.61449170000014,430.28125809999983,436.61449170000014,None,430.28125809999983,436.56479989999934,1,1,0.6486486486486487,436.6471770999997,None,436.6471770999997,None,436.6471770999997,None,None,436.6471770999997,None,,,,,,,,,,,,,,,,,,,,CBC_P035,001,set1,set2,2,0.8,2024-05-16_12h47.19.343,AV_prob,2022.1.1,59.972029045827284,
37,0,37,0,,,,,,,,,,,,,,,,,,,,,2,2,0,1,0.35,2.95666246474662,1.84422310959985,438.7311375999998,None,438.7311375999998,None,438.7311375999998,None,440.59995290000006,442.6822267999996,440.59815692000086,None,442.6647902000004,443.66475420000097,443.66475420000097,None,z,1,1.8336171000009927,440.59995290000006,None,440.59995290000006,None,440.59995290000006,None,None,440.59995290000006,446.56478100000095,1,1,0.6578947368421053,446.6440187999997,None,446.6440187999997,None,446.6440187999997,None,None,446.6440187999997,None,,,,,,,,,,,,,,,,,,,,CBC_P035,001,set1,set2,2,0.8,2024-05-16_12h47.19.343,AV_prob,2022.1.1,59.972029045827284,
38,0,38,0,,,,,,,,,,,,,,,,,,,,,1,0,0,1,0.35,1.23248806235745,1.44889042899439,448.7313720000002,None,448.7313720000002,None,448.7313720000002,None,450.19761690000087,452.26523479999923,450.19815121999966,None,452.26523479999923,453.2647412999995,453.2647412999995,None,z,1,3.7992163999988406,450.19761690000087,None,450.19761690000087,None,450.19761690000087,None,None,450.19761690000087,454.43147490000047,1,1,0.6666666666666666,454.51692879999973,None,454.51692879999973,None,454.51692879999973,None,None,454.51692879999973,None,,,,,,,,,,,,,,,,,,,,CBC_P035,001,set1,set2,2,0.8,2024-05-16_12h47.19.343,AV_prob,2022.1.1,59.972029045827284,
39,0,39,0,,,,,,,,,,,,,,,,,,,,,0,2,1,1,0.5,1.20890463823153,2.40738395932908,456.59788429999935,None,456.59788429999935,None,456.59788429999935,None,459.0176898999998,461.09835320000093,459.0307119200003,None,461.06507769999916,462.06462939999983,462.06462939999983,463.2817691,b,1,1.2199679000004835,459.0176898999998,None,459.0176898999998,None,459.0176898999998,None,None,459.0176898999998,463.23151660000076,1,1,0.675,463.31401899999946,None,463.31401899999946,None,463.31401899999946,None,None,463.31401899999946,None,,,,,,,,,,,,,,,,,,,,CBC_P035,001,set1,set2,2,0.8,2024-05-16_12h47.19.343,AV_prob,2022.1.1,59.972029045827284,
40,0,40,0,,,,,,,,,,,,,,,,,,,,,1,1,1,1,0.5,2.86983191325091,1.08099245958022,465.3982211000002,None,465.3982211000002,None,465.3982211000002,None,466.48193340000034,468.5481665999996,466.4805951100005,None,468.5481665999996,469.5480370999994,469.5480370999994,None,None,0,,466.48193340000034,None,466.48193340000034,None,466.48193340000034,None,['b'],466.48193340000034,472.3646477000002,0,3,0.6585365853658537,472.45099669999945,None,472.45099669999945,None,472.45099669999945,None,['b'],472.45099669999945,None,[2.8662588999995933],[0.9614063000008173],,,,,,,,,,,,,,,,,,CBC_P035,001,set1,set2,2,0.8,2024-05-16_12h47.19.343,AV_prob,2022.1.1,59.972029045827284,
41,0,41,0,,,,,,,,,,,,,,,,,,,,,0,0,0,0,0.15,0.905730910449904,2.23299083390853,474.5314701999996,None,474.5314701999996,None,474.5314701999996,None,476.7650613000005,478.83172379999996,476.76403870999985,None,478.83172379999996,479.83181390000027,479.83181390000027,None,z,1,1.4191345999988698,476.7650613000005,None,476.7650613000005,None,476.7650613000005,None,None,476.7650613000005,480.6817379999993,1,0,0.6666666666666666,480.7604331000002,None,480.7604331000002,None,480.7604331000002,None,None,480.7604331000002,None,,,,,,,,,,,,,,,,,,,,CBC_P035,001,set1,set2,2,0.8,2024-05-16_12h47.19.343,AV_prob,2022.1.1,59.972029045827284,
,,,,,,,,,,,,,,,,,,,,,,,,,,,,,,,,,,,,,,,,,,,,,,,,,,,,,,,,,,,,,,,,,,,,,,,482.8484650999999,None,487.8483644000007,None,487.8483644000007,None,None,487.8483644000007,None,,,,,,,,,CBC_P035,001,set1,set2,2,0.8,2024-05-16_12h47.19.343,AV_prob,2022.1.1,59.972029045827284,
,,,,,,,,,,,,,,,,,,,,,,,,,,,,,,,,,,,,,,,,,,,,,,,,,,,,,,,,,,,,,,,,,,,,,,,,,,,,,,,,0.8,b,z,2,2,0.42857142857142855,0.7857142857142856,0.7857142857142858,,,,,,,,,,,
