ID,filename,session,trial,visStimLeft,secondStim,mod2Type,frequency,rewardAccurate,yesKey,mod2Stim,stimPair,match,key,reactionTime,choice,choiceAccurate,reward,surprise,0A belief,1A belief,2A belief,0B belief,1B belief,2B belief,0C belief,1C belief,2C belief,beliefPair,lik,corrLik,rewardPE,update2,fit_percModel,fit_respModel,fit_startBelief,fit_alpha1,fit_alpha12,fit_nonDecisionTime,fit_weight,fit_startingBoundary,fit_startingPoint,fit_NLL
CBC_1089,CBC_1089_MSI_TV_v1_Vset3_Aset1_2024-10-02_14h23.15.490.csv,2,1,1,2,tac,0.36,1,b,C,1C,0,b,2.75424939999994,1,0,0,2.19722457733622,0.5,0.5,0.5,0.5,0.5,0.5,0.5,0.5,0.5,0.5,0.157172830808346,0.500649839184355,-0.5,-0.028710480222683,CBCsimpleAsymRW,CBCdriftDiffusionLR,0.5,0.240051000940648,0.0574209604453659,1.26697981206943,1.19891450135829,2.78787640854669,0.5,72.6977157816656
CBC_1089,CBC_1089_MSI_TV_v1_Vset3_Aset1_2024-10-02_14h23.15.490.csv,2,2,0,1,tac,0.36,1,b,B,0B,0,b,2.51536959999976,1,0,0,2.30258509299405,0.5,0.5,0.5,0.5,0.5,0.5,0.5,0.471289519777317,0.5,0.5,0.182205611321585,0.500573496819248,-0.5,-0.028710480222683,CBCsimpleAsymRW,CBCdriftDiffusionLR,0.5,0.240051000940648,0.0574209604453659,1.26697981206943,1.19891450135829,2.78787640854669,0.5,72.6977157816656
CBC_1089,CBC_1089_MSI_TV_v1_Vset3_Aset1_2024-10-02_14h23.15.490.csv,2,3,1,0,tac,0.14,1,b,A,1A,0,b,3.51914560000023,1,0,0,2.39789527279837,0.5,0.5,0.5,0.471289519777317,0.5,0.5,0.5,0.471289519777317,0.5,0.5,0.0965855095088609,0.499247396096112,-0.5,-0.028710480222683,CBCsimpleAsymRW,CBCdriftDiffusionLR,0.5,0.240051000940648,0.0574209604453659,1.26697981206943,1.19891450135829,2.78787640854669,0.5,72.6977157816656
CBC_1089,CBC_1089_MSI_TV_v1_Vset3_Aset1_2024-10-02_14h23.15.490.csv,2,4,2,2,tac,0.5,1,b,C,2C,1,b,2.36867830000028,1,1,1,2.484906649788,0.5,0.471289519777317,0.5,0.471289519777317,0.5,0.5,0.5,0.471289519777317,0.5,0.5,0.198684378598801,0.500244873760276,0.5,0.120025500470324,CBCsimpleAsymRW,CBCdriftDiffusionLR,0.5,0.240051000940648,0.0574209604453659,1.26697981206943,1.19891450135829,2.78787640854669,0.5,72.6977157816656
CBC_1089,CBC_1089_MSI_TV_v1_Vset3_Aset1_2024-10-02_14h23.15.490.csv,2,5,0,0,tac,0.5,1,b,A,0A,1,b,3.17988960000002,1,1,1,2.56494935746154,0.5,0.471289519777317,0.5,0.471289519777317,0.5,0.5,0.5,0.471289519777317,0.620025500470324,0.5,0.120281423992176,0.5013243632359,0.5,0.120025500470324,CBCsimpleAsymRW,CBCdriftDiffusionLR,0.5,0.240051000940648,0.0574209604453659,1.26697981206943,1.19891450135829,2.78787640854669,0.5,72.6977157816656
CBC_1089,CBC_1089_MSI_TV_v1_Vset3_Aset1_2024-10-02_14h23.15.490.csv,2,6,0,0,tac,0.5,1,b,A,0A,1,b,4.45755540000027,1,1,1,1.94591014905531,0.620025500470324,0.471289519777317,0.5,0.471289519777317,0.5,0.5,0.5,0.471289519777317,0.620025500470324,0.620025500470324,0.0697856184802094,0.690779864635506,0.379974499529676,0.0912132589440204,CBCsimpleAsymRW,CBCdriftDiffusionLR,0.5,0.240051000940648,0.0574209604453659,1.26697981206943,1.19891450135829,2.78787640854669,0.5,72.6977157816656
CBC_1089,CBC_1089_MSI_TV_v1_Vset3_Aset1_2024-10-02_14h23.15.490.csv,2,7,2,2,tac,0.5,1,b,C,2C,1,z,2.59734350000053,0,0,0,2.01490302054226,0.711238759414344,0.471289519777317,0.5,0.471289519777317,0.5,0.5,0.5,0.471289519777317,0.620025500470324,0.620025500470324,0.109813870999723,0.309961792616234,-0.379974499529676,0.0218185007077412,CBCsimpleAsymRW,CBCdriftDiffusionLR,0.5,0.240051000940648,0.0574209604453659,1.26697981206943,1.19891450135829,2.78787640854669,0.5,72.6977157816656
CBC_1089,CBC_1089_MSI_TV_v1_Vset3_Aset1_2024-10-02_14h23.15.490.csv,2,8,0,1,tac,0.36,1,b,B,0B,0,None,NaN,NaN,NaN,NaN,2.07944154167984,0.711238759414344,0.471289519777317,0.5,0.471289519777317,0.5,0.5,0.5,0.471289519777317,0.641844001178065,0.471289519777317,NaN,NaN,0,0,CBCsimpleAsymRW,CBCdriftDiffusionLR,0.5,0.240051000940648,0.0574209604453659,1.26697981206943,1.19891450135829,2.78787640854669,0.5,72.6977157816656
CBC_1089,CBC_1089_MSI_TV_v1_Vset3_Aset1_2024-10-02_14h23.15.490.csv,2,9,2,2,tac,0.5,1,b,C,2C,1,z,2.70085469999958,0,0,0,1.73460105538811,0.711238759414344,0.471289519777317,0.5,0.471289519777317,0.5,0.5,0.5,0.471289519777317,0.641844001178065,0.641844001178065,0.0933641066470025,0.280467188128949,-0.358155998821935,0.0205656614416248,CBCsimpleAsymRW,CBCdriftDiffusionLR,0.5,0.240051000940648,0.0574209604453659,1.26697981206943,1.19891450135829,2.78787640854669,0.5,72.6977157816656
CBC_1089,CBC_1089_MSI_TV_v1_Vset3_Aset1_2024-10-02_14h23.15.490.csv,2,10,1,1,tac,0.5,1,b,B,1B,1,z,3.19281179999962,0,0,0,2.89037175789616,0.711238759414344,0.471289519777317,0.5,0.471289519777317,0.5,0.5,0.5,0.471289519777317,0.66240966261969,0.5,0.118958400905272,0.499889054094202,-0.5,0.028710480222683,CBCsimpleAsymRW,CBCdriftDiffusionLR,0.5,0.240051000940648,0.0574209604453659,1.26697981206943,1.19891450135829,2.78787640854669,0.5,72.6977157816656
CBC_1089,CBC_1089_MSI_TV_v1_Vset3_Aset1_2024-10-02_14h23.15.490.csv,2,11,0,2,tac,0.14,1,b,C,0C,0,b,3.00035939999998,1,0,0,2.94443897916644,0.711238759414344,0.471289519777317,0.5,0.471289519777317,0.528710480222683,0.5,0.5,0.471289519777317,0.66240966261969,0.5,0.134252377133173,0.499407123917064,-0.5,-0.028710480222683,CBCsimpleAsymRW,CBCdriftDiffusionLR,0.5,0.240051000940648,0.0574209604453659,1.26697981206943,1.19891450135829,2.78787640854669,0.5,72.6977157816656
CBC_1089,CBC_1089_MSI_TV_v1_Vset3_Aset1_2024-10-02_14h23.15.490.csv,2,12,1,1,tac,0.5,1,b,B,1B,1,z,2.92832690000068,0,0,0,2.30258509299405,0.711238759414344,0.471289519777317,0.5,0.471289519777317,0.528710480222683,0.5,0.471289519777317,0.471289519777317,0.66240966261969,0.528710480222683,0.12698452778467,0.451031500957512,-0.471289519777317,0.0270618968734488,CBCsimpleAsymRW,CBCdriftDiffusionLR,0.5,0.240051000940648,0.0574209604453659,1.26697981206943,1.19891450135829,2.78787640854669,0.5,72.6977157816656
CBC_1089,CBC_1089_MSI_TV_v1_Vset3_Aset1_2024-10-02_14h23.15.490.csv,2,13,2,0,tac,0.36,1,b,A,2A,0,z,3.17359439999927,0,1,1,3.04452243772342,0.711238759414344,0.471289519777317,0.5,0.471289519777317,0.555772377096132,0.5,0.471289519777317,0.471289519777317,0.66240966261969,0.5,0.120382265368414,0.499746164015019,0.5,-0.120025500470324,CBCsimpleAsymRW,CBCdriftDiffusionLR,0.5,0.240051000940648,0.0574209604453659,1.26697981206943,1.19891450135829,2.78787640854669,0.5,72.6977157816656
CBC_1089,CBC_1089_MSI_TV_v1_Vset3_Aset1_2024-10-02_14h23.15.490.csv,2,14,1,2,tac,0.36,1,b,C,1C,0,z,2.69476759999998,0,1,1,2.39789527279837,0.711238759414344,0.471289519777317,0.379974499529676,0.471289519777317,0.555772377096132,0.5,0.471289519777317,0.471289519777317,0.66240966261969,0.471289519777317,0.178725087787165,0.547840618265967,0.471289519777317,-0.113133520955382,CBCsimpleAsymRW,CBCdriftDiffusionLR,0.5,0.240051000940648,0.0574209604453659,1.26697981206943,1.19891450135829,2.78787640854669,0.5,72.6977157816656
CBC_1089,CBC_1089_MSI_TV_v1_Vset3_Aset1_2024-10-02_14h23.15.490.csv,2,15,2,0,tac,0.36,1,b,A,2A,0,b,3.61589249999997,1,0,0,2.4423470353692,0.711238759414344,0.471289519777317,0.379974499529676,0.471289519777317,0.555772377096132,0.5,0.471289519777317,0.358155998821935,0.66240966261969,0.379974499529676,0.0552480879540588,0.309455902918001,-0.379974499529676,-0.0218185007077413,CBCsimpleAsymRW,CBCdriftDiffusionLR,0.5,0.240051000940648,0.0574209604453659,1.26697981206943,1.19891450135829,2.78787640854669,0.5,72.6977157816656
CBC_1089,CBC_1089_MSI_TV_v1_Vset3_Aset1_2024-10-02_14h23.15.490.csv,2,16,1,1,tac,0.5,1,b,B,1B,1,b,5.85940660000051,1,1,1,2.07944154167984,0.711238759414344,0.471289519777317,0.358155998821935,0.471289519777317,0.555772377096132,0.5,0.471289519777317,0.358155998821935,0.66240966261969,0.555772377096132,0.0252906256477778,0.591289769800933,0.444227622903868,0.106637285523558,CBCsimpleAsymRW,CBCdriftDiffusionLR,0.5,0.240051000940648,0.0574209604453659,1.26697981206943,1.19891450135829,2.78787640854669,0.5,72.6977157816656
CBC_1089,CBC_1089_MSI_TV_v1_Vset3_Aset1_2024-10-02_14h23.15.490.csv,2,17,2,0,tac,0.36,1,b,A,2A,0,b,6.68928500000038,1,0,0,2.12026353620009,0.711238759414344,0.471289519777317,0.358155998821935,0.471289519777317,0.66240966261969,0.5,0.471289519777317,0.358155998821935,0.66240966261969,0.358155998821935,0.00589567960057086,0.279728694069318,-0.358155998821935,-0.0205656614416249,CBCsimpleAsymRW,CBCdriftDiffusionLR,0.5,0.240051000940648,0.0574209604453659,1.26697981206943,1.19891450135829,2.78787640854669,0.5,72.6977157816656
CBC_1089,CBC_1089_MSI_TV_v1_Vset3_Aset1_2024-10-02_14h23.15.490.csv,2,18,1,1,tac,0.5,1,b,B,1B,1,b,2.61997020000035,1,1,1,1.87180217690159,0.711238759414344,0.471289519777317,0.33759033738031,0.471289519777317,0.66240966261969,0.5,0.471289519777317,0.358155998821935,0.66240966261969,0.66240966261969,0.264987842162517,0.747369443040598,0.33759033738031,0.0810388983960344,CBCsimpleAsymRW,CBCdriftDiffusionLR,0.5,0.240051000940648,0.0574209604453659,1.26697981206943,1.19891450135829,2.78787640854669,0.5,72.6977157816656
CBC_1089,CBC_1089_MSI_TV_v1_Vset3_Aset1_2024-10-02_14h23.15.490.csv,2,19,0,0,tac,0.5,1,b,A,0A,1,b,2.72536219999984,1,1,1,2.19722457733622,0.711238759414344,0.471289519777317,0.33759033738031,0.471289519777317,0.743448561015724,0.5,0.471289519777317,0.358155998821935,0.66240966261969,0.711238759414344,0.268644647637892,0.804284063765846,0.288761240585656,0.0693174248354498,CBCsimpleAsymRW,CBCdriftDiffusionLR,0.5,0.240051000940648,0.0574209604453659,1.26697981206943,1.19891450135829,2.78787640854669,0.5,72.6977157816656
CBC_1089,CBC_1089_MSI_TV_v1_Vset3_Aset1_2024-10-02_14h23.15.490.csv,2,20,2,2,tac,0.5,1,b,C,2C,1,b,2.36223059999975,1,1,1,1.94591014905531,0.780556184249794,0.471289519777317,0.33759033738031,0.471289519777317,0.743448561015724,0.5,0.471289519777317,0.358155998821935,0.66240966261969,0.66240966261969,0.315659732636869,0.747528393599244,0.33759033738031,0.0810388983960344,CBCsimpleAsymRW,CBCdriftDiffusionLR,0.5,0.240051000940648,0.0574209604453659,1.26697981206943,1.19891450135829,2.78787640854669,0.5,72.6977157816656
CBC_1089,CBC_1089_MSI_TV_v1_Vset3_Aset1_2024-10-02_14h23.15.490.csv,2,21,2,2,tac,0.5,1,b,C,2C,1,b,5.35711329999958,1,1,1,1.75785791755237,0.780556184249794,0.471289519777317,0.33759033738031,0.471289519777317,0.743448561015724,0.5,0.471289519777317,0.358155998821935,0.743448561015724,0.743448561015724,0.033858888974872,0.835669710643503,0.256551438984276,0.0615854297209389,CBCsimpleAsymRW,CBCdriftDiffusionLR,0.5,0.240051000940648,0.0574209604453659,1.26697981206943,1.19891450135829,2.78787640854669,0.5,72.6977157816656
CBC_1089,CBC_1089_MSI_TV_v1_Vset3_Aset1_2024-10-02_14h23.15.490.csv,2,22,0,1,tac,0.36,1,b,B,0B,0,b,3.28786929999933,1,0,0,2.30258509299405,0.780556184249794,0.471289519777317,0.33759033738031,0.471289519777317,0.743448561015724,0.5,0.471289519777317,0.358155998821935,0.805033990736663,0.471289519777317,0.101095177364434,0.45131383191069,-0.471289519777317,-0.0270618968734488,CBCsimpleAsymRW,CBCdriftDiffusionLR,0.5,0.240051000940648,0.0574209604453659,1.26697981206943,1.19891450135829,2.78787640854669,0.5,72.6977157816656
CBC_1089,CBC_1089_MSI_TV_v1_Vset3_Aset1_2024-10-02_14h23.15.490.csv,2,23,1,0,tac,0.14,1,b,A,1A,0,b,2.24247679999917,1,0,0,2.7408400239252,0.780556184249794,0.471289519777317,0.33759033738031,0.444227622903868,0.743448561015724,0.5,0.471289519777317,0.358155998821935,0.805033990736663,0.471289519777317,0.192819875107517,0.45161930225436,-0.471289519777317,-0.0270618968734488,CBCsimpleAsymRW,CBCdriftDiffusionLR,0.5,0.240051000940648,0.0574209604453659,1.26697981206943,1.19891450135829,2.78787640854669,0.5,72.6977157816656
CBC_1089,CBC_1089_MSI_TV_v1_Vset3_Aset1_2024-10-02_14h23.15.490.csv,2,24,2,1,tac,0.14,1,b,B,2B,0,z,3.47747380000055,0,1,1,3.46573590279973,0.780556184249794,0.444227622903868,0.33759033738031,0.444227622903868,0.743448561015724,0.5,0.471289519777317,0.358155998821935,0.805033990736663,0.5,0.0993172960181246,0.499966807889761,0.5,-0.120025500470324,CBCsimpleAsymRW,CBCdriftDiffusionLR,0.5,0.240051000940648,0.0574209604453659,1.26697981206943,1.19891450135829,2.78787640854669,0.5,72.6977157816656
CBC_1089,CBC_1089_MSI_TV_v1_Vset3_Aset1_2024-10-02_14h23.15.490.csv,2,25,0,0,tac,0.5,0,b,A,0A,1,b,2.51346159999957,1,1,0,2.11021320034659,0.780556184249794,0.444227622903868,0.33759033738031,0.444227622903868,0.743448561015724,0.379974499529676,0.471289519777317,0.358155998821935,0.805033990736663,0.780556184249794,0.350962209816481,0.867001225843644,-0.780556184249794,-0.0448202857811932,CBCsimpleAsymRW,CBCdriftDiffusionLR,0.5,0.240051000940648,0.0574209604453659,1.26697981206943,1.19891450135829,2.78787640854669,0.5,72.6977157816656
CBC_1089,CBC_1089_MSI_TV_v1_Vset3_Aset1_2024-10-02_14h23.15.490.csv,2,26,1,2,tac,0.36,1,b,C,1C,0,b,2.94651290000002,1,0,0,2.42774823594805,0.735735898468601,0.444227622903868,0.33759033738031,0.444227622903868,0.743448561015724,0.379974499529676,0.471289519777317,0.358155998821935,0.805033990736663,0.358155998821935,0.0784388699070077,0.278849778268064,-0.358155998821935,-0.0205656614416249,CBCsimpleAsymRW,CBCdriftDiffusionLR,0.5,0.240051000940648,0.0574209604453659,1.26697981206943,1.19891450135829,2.78787640854669,0.5,72.6977157816656
CBC_1089,CBC_1089_MSI_TV_v1_Vset3_Aset1_2024-10-02_14h23.15.490.csv,2,27,0,0,tac,0.5,1,b,A,0A,1,None,NaN,NaN,NaN,NaN,1.94591014905531,0.735735898468601,0.444227622903868,0.33759033738031,0.444227622903868,0.743448561015724,0.379974499529676,0.471289519777317,0.33759033738031,0.805033990736663,0.735735898468601,NaN,NaN,0,0,CBCsimpleAsymRW,CBCdriftDiffusionLR,0.5,0.240051000940648,0.0574209604453659,1.26697981206943,1.19891450135829,2.78787640854669,0.5,72.6977157816656
CBC_1089,CBC_1089_MSI_TV_v1_Vset3_Aset1_2024-10-02_14h23.15.490.csv,2,28,1,2,tac,0.36,1,b,C,1C,0,z,2.23378370000046,0,1,1,2.19722457733622,0.735735898468601,0.444227622903868,0.33759033738031,0.444227622903868,0.743448561015724,0.379974499529676,0.471289519777317,0.33759033738031,0.805033990736663,0.33759033738031,0.341902669711797,0.747187675210024,0.33759033738031,-0.0810388983960344,CBCsimpleAsymRW,CBCdriftDiffusionLR,0.5,0.240051000940648,0.0574209604453659,1.26697981206943,1.19891450135829,2.78787640854669,0.5,72.6977157816656
CBC_1089,CBC_1089_MSI_TV_v1_Vset3_Aset1_2024-10-02_14h23.15.490.csv,2,29,2,1,tac,0.14,1,b,B,2B,0,None,NaN,NaN,NaN,NaN,2.91777073208428,0.735735898468601,0.444227622903868,0.33759033738031,0.444227622903868,0.743448561015724,0.379974499529676,0.471289519777317,0.256551438984276,0.805033990736663,0.379974499529676,NaN,NaN,0,0,CBCsimpleAsymRW,CBCdriftDiffusionLR,0.5,0.240051000940648,0.0574209604453659,1.26697981206943,1.19891450135829,2.78787640854669,0.5,72.6977157816656
CBC_1089,CBC_1089_MSI_TV_v1_Vset3_Aset1_2024-10-02_14h23.15.490.csv,2,30,0,0,tac,0.5,1,b,A,0A,1,b,1.76444629999969,1,1,1,1.84582669049833,0.735735898468601,0.444227622903868,0.33759033738031,0.444227622903868,0.743448561015724,0.379974499529676,0.471289519777317,0.256551438984276,0.805033990736663,0.735735898468601,0.455929089597648,0.828101128412827,0.264264101531399,0.0634368620852933,CBCsimpleAsymRW,CBCdriftDiffusionLR,0.5,0.240051000940648,0.0574209604453659,1.26697981206943,1.19891450135829,2.78787640854669,0.5,72.6977157816656
CBC_1089,CBC_1089_MSI_TV_v1_Vset3_Aset1_2024-10-02_14h23.15.490.csv,2,31,1,1,tac,0.5,1,b,B,1B,1,b,3.11669079999956,1,1,1,2.05412373369555,0.799172760553894,0.444227622903868,0.33759033738031,0.444227622903868,0.743448561015724,0.379974499529676,0.471289519777317,0.256551438984276,0.805033990736663,0.743448561015724,0.205573719955021,0.835820943540695,0.256551438984276,0.0615854297209389,CBCsimpleAsymRW,CBCdriftDiffusionLR,0.5,0.240051000940648,0.0574209604453659,1.26697981206943,1.19891450135829,2.78787640854669,0.5,72.6977157816656
CBC_1089,CBC_1089_MSI_TV_v1_Vset3_Aset1_2024-10-02_14h23.15.490.csv,2,32,0,0,tac,0.5,1,b,A,0A,1,b,1.4335200000005,1,1,1,1.74296930505862,0.799172760553894,0.444227622903868,0.33759033738031,0.444227622903868,0.805033990736663,0.379974499529676,0.471289519777317,0.256551438984276,0.805033990736663,0.799172760553894,0.0623525863805244,0.880693839674516,0.200827239446106,0.0482087798451848,CBCsimpleAsymRW,CBCdriftDiffusionLR,0.5,0.240051000940648,0.0574209604453659,1.26697981206943,1.19891450135829,2.78787640854669,0.5,72.6977157816656
CBC_1089,CBC_1089_MSI_TV_v1_Vset3_Aset1_2024-10-02_14h23.15.490.csv,2,33,1,2,tac,0.36,1,b,C,1C,0,z,4.45785169999999,0,1,1,2.10413415427021,0.847381540399079,0.444227622903868,0.33759033738031,0.444227622903868,0.805033990736663,0.379974499529676,0.471289519777317,0.256551438984276,0.805033990736663,0.256551438984276,0.0698249072481403,0.835826324909473,0.256551438984276,-0.0615854297209389,CBCsimpleAsymRW,CBCdriftDiffusionLR,0.5,0.240051000940648,0.0574209604453659,1.26697981206943,1.19891450135829,2.78787640854669,0.5,72.6977157816656
CBC_1089,CBC_1089_MSI_TV_v1_Vset3_Aset1_2024-10-02_14h23.15.490.csv,2,34,0,1,tac,0.36,1,b,B,0B,0,z,2.0808320999995,0,1,1,2.35137525716348,0.847381540399079,0.444227622903868,0.33759033738031,0.444227622903868,0.805033990736663,0.379974499529676,0.471289519777317,0.194966009263337,0.805033990736663,0.444227622903868,0.274417977783772,0.591911616455902,0.444227622903868,-0.106637285523558,CBCsimpleAsymRW,CBCdriftDiffusionLR,0.5,0.240051000940648,0.0574209604453659,1.26697981206943,1.19891450135829,2.78787640854669,0.5,72.6977157816656
CBC_1089,CBC_1089_MSI_TV_v1_Vset3_Aset1_2024-10-02_14h23.15.490.csv,2,35,2,2,tac,0.5,0,b,C,2C,1,b,1.98658650000016,1,1,0,1.96944064646551,0.847381540399079,0.444227622903868,0.33759033738031,0.33759033738031,0.805033990736663,0.379974499529676,0.471289519777317,0.194966009263337,0.805033990736663,0.805033990736663,0.539682118063144,0.884690127554693,-0.805033990736663,-0.046225824939265,CBCsimpleAsymRW,CBCdriftDiffusionLR,0.5,0.240051000940648,0.0574209604453659,1.26697981206943,1.19891450135829,2.78787640854669,0.5,72.6977157816656
CBC_1089,CBC_1089_MSI_TV_v1_Vset3_Aset1_2024-10-02_14h23.15.490.csv,2,36,0,1,tac,0.36,1,b,B,0B,0,z,2.21190770000067,0,1,1,2.17475172148416,0.847381540399079,0.444227622903868,0.33759033738031,0.33759033738031,0.805033990736663,0.379974499529676,0.471289519777317,0.194966009263337,0.758808165797398,0.33759033738031,0.346976393796353,0.748134770493582,0.33759033738031,-0.0810388983960344,CBCsimpleAsymRW,CBCdriftDiffusionLR,0.5,0.240051000940648,0.0574209604453659,1.26697981206943,1.19891450135829,2.78787640854669,0.5,72.6977157816656
CBC_1089,CBC_1089_MSI_TV_v1_Vset3_Aset1_2024-10-02_14h23.15.490.csv,2,37,2,2,tac,0.5,1,b,C,2C,1,b,2.0125823999997,1,1,1,1.86075234071501,0.847381540399079,0.444227622903868,0.33759033738031,0.256551438984276,0.805033990736663,0.379974499529676,0.471289519777317,0.194966009263337,0.758808165797398,0.758808165797398,0.482421492678755,0.849100511873381,0.241191834202602,0.0578983412190453,CBCsimpleAsymRW,CBCdriftDiffusionLR,0.5,0.240051000940648,0.0574209604453659,1.26697981206943,1.19891450135829,2.78787640854669,0.5,72.6977157816656
CBC_1089,CBC_1089_MSI_TV_v1_Vset3_Aset1_2024-10-02_14h23.15.490.csv,2,38,1,1,tac,0.5,1,b,B,1B,1,b,3.94879700000001,1,1,1,2.03688192726104,0.847381540399079,0.444227622903868,0.33759033738031,0.256551438984276,0.805033990736663,0.379974499529676,0.471289519777317,0.194966009263337,0.816706507016444,0.805033990736663,0.099627148811905,0.884809420405452,0.194966009263337,0.0468017856730676,CBCsimpleAsymRW,CBCdriftDiffusionLR,0.5,0.240051000940648,0.0574209604453659,1.26697981206943,1.19891450135829,2.78787640854669,0.5,72.6977157816656
CBC_1089,CBC_1089_MSI_TV_v1_Vset3_Aset1_2024-10-02_14h23.15.490.csv,2,39,1,1,tac,0.5,1,b,B,1B,1,z,3.39771839999958,0,0,0,1.90423745265475,0.847381540399079,0.444227622903868,0.33759033738031,0.256551438984276,0.851835776409731,0.379974499529676,0.471289519777317,0.194966009263337,0.816706507016444,0.851835776409731,0.0150938215037384,0.0868762576405987,-0.148164223590269,0.0085077320221952,CBCsimpleAsymRW,CBCdriftDiffusionLR,0.5,0.240051000940648,0.0574209604453659,1.26697981206943,1.19891450135829,2.78787640854669,0.5,72.6977157816656
CBC_1089,CBC_1089_MSI_TV_v1_Vset3_Aset1_2024-10-02_14h23.15.490.csv,2,40,2,0,tac,0.36,1,b,A,2A,0,z,2.14340460000039,0,1,1,2.484906649788,0.847381540399079,0.444227622903868,0.33759033738031,0.256551438984276,0.860343508431926,0.379974499529676,0.471289519777317,0.194966009263337,0.816706507016444,0.33759033738031,0.360315676548486,0.747932596339699,0.33759033738031,-0.0810388983960344,CBCsimpleAsymRW,CBCdriftDiffusionLR,0.5,0.240051000940648,0.0574209604453659,1.26697981206943,1.19891450135829,2.78787640854669,0.5,72.6977157816656
CBC_1089,CBC_1089_MSI_TV_v1_Vset3_Aset1_2024-10-02_14h23.15.490.csv,2,41,0,2,tac,0.14,1,b,C,0C,0,z,1.85988439999983,0,1,1,3.19867311755068,0.847381540399079,0.444227622903868,0.256551438984276,0.256551438984276,0.860343508431926,0.379974499529676,0.471289519777317,0.194966009263337,0.816706507016444,0.471289519777317,0.260246416966069,0.548162378316046,0.471289519777317,-0.113133520955382,CBCsimpleAsymRW,CBCdriftDiffusionLR,0.5,0.240051000940648,0.0574209604453659,1.26697981206943,1.19891450135829,2.78787640854669,0.5,72.6977157816656
CBC_1089,CBC_1089_MSI_TV_v1_Vset3_Aset1_2024-10-02_14h23.15.490.csv,2,42,2,0,tac,0.36,1,b,A,2A,0,z,2.04705279999962,0,1,1,2.30258509299405,0.847381540399079,0.444227622903868,0.256551438984276,0.256551438984276,0.860343508431926,0.379974499529676,0.358155998821935,0.194966009263337,0.816706507016444,0.256551438984276,0.458393305467783,0.835409895900812,0.256551438984276,-0.0615854297209389,CBCsimpleAsymRW,CBCdriftDiffusionLR,0.5,0.240051000940648,0.0574209604453659,1.26697981206943,1.19891450135829,2.78787640854669,0.5,72.6977157816656
CBC_1089,CBC_1089_MSI_AV_v1_Vset2_Aset1_2024-10-02_15h20.49.443.csv,3,1,1,2,aud,0.36,1,b,C,1C,0,b,2.72087539999848,1,0,0,2.19722457733622,0.5,0.5,0.5,0.5,0.5,0.5,0.5,0.5,0.5,0.5,0.162549765397421,0.500118941783891,-0.5,-0.0052534626792331,CBCsimpleAsymRW,CBCdriftDiffusionLR,0.5,0.150081691553696,0.0105069253584662,1.36424785638966,1.53789810302505,2.19550488098157,0.5,59.0684960911283
CBC_1089,CBC_1089_MSI_AV_v1_Vset2_Aset1_2024-10-02_15h20.49.443.csv,3,2,0,0,aud,0.5,1,b,A,0A,1,z,2.23900169999797,0,0,0,2.30258509299405,0.5,0.5,0.5,0.5,0.5,0.5,0.5,0.494746537320767,0.5,0.5,0.265145649156446,0.499243248393181,-0.5,0.0052534626792331,CBCsimpleAsymRW,CBCdriftDiffusionLR,0.5,0.150081691553696,0.0105069253584662,1.36424785638966,1.53789810302505,2.19550488098157,0.5,59.0684960911283
CBC_1089,CBC_1089_MSI_AV_v1_Vset2_Aset1_2024-10-02_15h20.49.443.csv,3,3,2,2,aud,0.5,1,b,C,2C,1,b,1.53300259999742,1,1,1,2.39789527279837,0.505253462679233,0.5,0.5,0.5,0.5,0.5,0.5,0.494746537320767,0.5,0.5,0.177859661904054,0.50019950192137,0.5,0.075040845776848,CBCsimpleAsymRW,CBCdriftDiffusionLR,0.5,0.150081691553696,0.0105069253584662,1.36424785638966,1.53789810302505,2.19550488098157,0.5,59.0684960911283
CBC_1089,CBC_1089_MSI_AV_v1_Vset2_Aset1_2024-10-02_15h20.49.443.csv,3,4,2,2,aud,0.5,1,b,C,2C,1,b,4.44997409999814,1,1,1,1.79175946922805,0.505253462679233,0.5,0.5,0.5,0.5,0.5,0.5,0.494746537320767,0.575040845776848,0.575040845776848,0.0328427045932392,0.623980170365521,0.424959154223152,0.0637785887070386,CBCsimpleAsymRW,CBCdriftDiffusionLR,0.5,0.150081691553696,0.0105069253584662,1.36424785638966,1.53789810302505,2.19550488098157,0.5,59.0684960911283
CBC_1089,CBC_1089_MSI_AV_v1_Vset2_Aset1_2024-10-02_15h20.49.443.csv,3,5,1,1,aud,0.5,1,b,B,1B,1,b,2.23215619999792,1,1,1,2.56494935746154,0.505253462679233,0.5,0.5,0.5,0.5,0.5,0.5,0.494746537320767,0.638819434483887,0.5,0.267297416667792,0.499847167890567,0.5,0.075040845776848,CBCsimpleAsymRW,CBCdriftDiffusionLR,0.5,0.150081691553696,0.0105069253584662,1.36424785638966,1.53789810302505,2.19550488098157,0.5,59.0684960911283
CBC_1089,CBC_1089_MSI_AV_v1_Vset2_Aset1_2024-10-02_15h20.49.443.csv,3,6,0,0,aud,0.5,1,b,A,0A,1,b,2.31045259999883,1,1,1,1.94591014905531,0.505253462679233,0.5,0.5,0.5,0.575040845776848,0.5,0.5,0.494746537320767,0.638819434483887,0.505253462679233,0.251373916771856,0.508691888943458,0.494746537320767,0.0742523972114345,CBCsimpleAsymRW,CBCdriftDiffusionLR,0.5,0.150081691553696,0.0105069253584662,1.36424785638966,1.53789810302505,2.19550488098157,0.5,59.0684960911283
CBC_1089,CBC_1089_MSI_AV_v1_Vset2_Aset1_2024-10-02_15h20.49.443.csv,3,7,2,1,aud,0.14,1,b,B,2B,0,b,2.4799217999971,1,0,0,2.70805020110221,0.579505859890668,0.5,0.5,0.5,0.575040845776848,0.5,0.5,0.494746537320767,0.638819434483887,0.5,0.207964231570438,0.500108702884349,-0.5,-0.0052534626792331,CBCsimpleAsymRW,CBCdriftDiffusionLR,0.5,0.150081691553696,0.0105069253584662,1.36424785638966,1.53789810302505,2.19550488098157,0.5,59.0684960911283
CBC_1089,CBC_1089_MSI_AV_v1_Vset2_Aset1_2024-10-02_15h20.49.443.csv,3,8,0,0,aud,0.5,1,b,A,0A,1,b,2.68463159999919,1,1,1,1.67397643357167,0.579505859890668,0.5,0.5,0.5,0.575040845776848,0.494746537320767,0.5,0.494746537320767,0.638819434483887,0.579505859890668,0.212360677075764,0.632069065795771,0.420494140109332,0.0631084718360255,CBCsimpleAsymRW,CBCdriftDiffusionLR,0.5,0.150081691553696,0.0105069253584662,1.36424785638966,1.53789810302505,2.19550488098157,0.5,59.0684960911283
CBC_1089,CBC_1089_MSI_AV_v1_Vset2_Aset1_2024-10-02_15h20.49.443.csv,3,9,1,2,aud,0.36,1,b,C,1C,0,b,1.66293709999809,1,0,0,2.14006616349627,0.642614331726693,0.5,0.5,0.5,0.575040845776848,0.494746537320767,0.5,0.494746537320767,0.638819434483887,0.494746537320767,0.350751840666424,0.491378324162875,-0.494746537320767,-0.00519826493898891,CBCsimpleAsymRW,CBCdriftDiffusionLR,0.5,0.150081691553696,0.0105069253584662,1.36424785638966,1.53789810302505,2.19550488098157,0.5,59.0684960911283
CBC_1089,CBC_1089_MSI_AV_v1_Vset2_Aset1_2024-10-02_15h20.49.443.csv,3,10,2,0,aud,0.36,1,b,A,2A,0,b,2.31334419999803,1,0,0,2.89037175789616,0.642614331726693,0.5,0.5,0.5,0.575040845776848,0.494746537320767,0.5,0.489548272381778,0.638819434483887,0.5,0.246828053561837,0.500974400266136,-0.5,-0.0052534626792331,CBCsimpleAsymRW,CBCdriftDiffusionLR,0.5,0.150081691553696,0.0105069253584662,1.36424785638966,1.53789810302505,2.19550488098157,0.5,59.0684960911283
CBC_1089,CBC_1089_MSI_AV_v1_Vset2_Aset1_2024-10-02_15h20.49.443.csv,3,11,1,1,aud,0.5,1,b,B,1B,1,b,1.51576999999816,1,1,1,2.2512917986065,0.642614331726693,0.5,0.494746537320767,0.5,0.575040845776848,0.494746537320767,0.5,0.489548272381778,0.638819434483887,0.575040845776848,0.178572310581975,0.623828001345352,0.424959154223152,0.0637785887070386,CBCsimpleAsymRW,CBCdriftDiffusionLR,0.5,0.150081691553696,0.0105069253584662,1.36424785638966,1.53789810302505,2.19550488098157,0.5,59.0684960911283
CBC_1089,CBC_1089_MSI_AV_v1_Vset2_Aset1_2024-10-02_15h20.49.443.csv,3,12,2,0,aud,0.36,1,b,A,2A,0,b,2.13343409999834,1,0,0,2.30258509299405,0.642614331726693,0.5,0.494746537320767,0.5,0.638819434483887,0.494746537320767,0.5,0.489548272381778,0.638819434483887,0.494746537320767,0.289634108683054,0.491027388439052,-0.494746537320767,-0.00519826493898891,CBCsimpleAsymRW,CBCdriftDiffusionLR,0.5,0.150081691553696,0.0105069253584662,1.36424785638966,1.53789810302505,2.19550488098157,0.5,59.0684960911283
CBC_1089,CBC_1089_MSI_AV_v1_Vset2_Aset1_2024-10-02_15h20.49.443.csv,3,13,0,1,aud,0.36,1,b,B,0B,0,z,2.92511439999907,0,1,1,3.04452243772342,0.642614331726693,0.5,0.489548272381778,0.5,0.638819434483887,0.494746537320767,0.5,0.489548272381778,0.638819434483887,0.5,0.131813490516361,0.499849155561867,0.5,-0.075040845776848,CBCsimpleAsymRW,CBCdriftDiffusionLR,0.5,0.150081691553696,0.0105069253584662,1.36424785638966,1.53789810302505,2.19550488098157,0.5,59.0684960911283
CBC_1089,CBC_1089_MSI_AV_v1_Vset2_Aset1_2024-10-02_15h20.49.443.csv,3,14,1,0,aud,0.14,1,b,A,1A,0,b,2.1931717999978,1,0,0,3.09104245335832,0.642614331726693,0.5,0.489548272381778,0.424959154223152,0.638819434483887,0.494746537320767,0.5,0.489548272381778,0.638819434483887,0.5,0.277792676949507,0.499611396387811,-0.5,-0.0052534626792331,CBCsimpleAsymRW,CBCdriftDiffusionLR,0.5,0.150081691553696,0.0105069253584662,1.36424785638966,1.53789810302505,2.19550488098157,0.5,59.0684960911283
CBC_1089,CBC_1089_MSI_AV_v1_Vset2_Aset1_2024-10-02_15h20.49.443.csv,3,15,2,2,aud,0.5,1,b,C,2C,1,b,0.144840299999487,1,1,1,2.03688192726104,0.642614331726693,0.494746537320767,0.489548272381778,0.424959154223152,0.638819434483887,0.494746537320767,0.5,0.489548272381778,0.638819434483887,0.638819434483887,1e-20,0.5,0.361180565516113,0.0542065902289788,CBCsimpleAsymRW,CBCdriftDiffusionLR,0.5,0.150081691553696,0.0105069253584662,1.36424785638966,1.53789810302505,2.19550488098157,0.5,59.0684960911283
CBC_1089,CBC_1089_MSI_AV_v1_Vset2_Aset1_2024-10-02_15h20.49.443.csv,3,16,1,1,aud,0.5,1,b,B,1B,1,b,2.35591949999798,1,1,1,2.07944154167984,0.642614331726693,0.494746537320767,0.489548272381778,0.424959154223152,0.638819434483887,0.494746537320767,0.5,0.489548272381778,0.693026024712865,0.638819434483887,0.344374373227336,0.718501419620845,0.361180565516113,0.0542065902289788,CBCsimpleAsymRW,CBCdriftDiffusionLR,0.5,0.150081691553696,0.0105069253584662,1.36424785638966,1.53789810302505,2.19550488098157,0.5,59.0684960911283
CBC_1089,CBC_1089_MSI_AV_v1_Vset2_Aset1_2024-10-02_15h20.49.443.csv,3,17,2,2,aud,0.5,1,b,C,2C,1,z,2.10098859999925,0,0,0,1.83258146374831,0.642614331726693,0.494746537320767,0.489548272381778,0.424959154223152,0.693026024712865,0.494746537320767,0.5,0.489548272381778,0.693026024712865,0.693026024712865,0.139385399385188,0.213731437875731,-0.306973975287135,0.00322535264533357,CBCsimpleAsymRW,CBCdriftDiffusionLR,0.5,0.150081691553696,0.0105069253584662,1.36424785638966,1.53789810302505,2.19550488098157,0.5,59.0684960911283
CBC_1089,CBC_1089_MSI_AV_v1_Vset2_Aset1_2024-10-02_15h20.49.443.csv,3,18,0,1,aud,0.36,1,b,B,0B,0,b,2.38570739999886,1,0,0,2.56494935746154,0.642614331726693,0.494746537320767,0.489548272381778,0.424959154223152,0.693026024712865,0.494746537320767,0.5,0.489548272381778,0.696251377358199,0.424959154223152,0.173130593240684,0.376498126715946,-0.424959154223152,-0.00446501411381959,CBCsimpleAsymRW,CBCdriftDiffusionLR,0.5,0.150081691553696,0.0105069253584662,1.36424785638966,1.53789810302505,2.19550488098157,0.5,59.0684960911283
CBC_1089,CBC_1089_MSI_AV_v1_Vset2_Aset1_2024-10-02_15h20.49.443.csv,3,19,2,0,aud,0.36,1,b,A,2A,0,b,2.3958767999975,1,0,0,2.19722457733622,0.642614331726693,0.494746537320767,0.489548272381778,0.420494140109332,0.693026024712865,0.494746537320767,0.5,0.489548272381778,0.696251377358199,0.489548272381778,0.218842600696667,0.482994954944829,-0.489548272381778,-0.00514364715728142,CBCsimpleAsymRW,CBCdriftDiffusionLR,0.5,0.150081691553696,0.0105069253584662,1.36424785638966,1.53789810302505,2.19550488098157,0.5,59.0684960911283
CBC_1089,CBC_1089_MSI_AV_v1_Vset2_Aset1_2024-10-02_15h20.49.443.csv,3,20,1,1,aud,0.5,0,b,B,1B,1,b,2.04239359999883,1,1,0,1.94591014905531,0.642614331726693,0.494746537320767,0.484404625224497,0.420494140109332,0.693026024712865,0.494746537320767,0.5,0.489548272381778,0.696251377358199,0.693026024712865,0.547781236928358,0.786387208723785,-0.693026024712865,-0.00728157271313263,CBCsimpleAsymRW,CBCdriftDiffusionLR,0.5,0.150081691553696,0.0105069253584662,1.36424785638966,1.53789810302505,2.19550488098157,0.5,59.0684960911283
CBC_1089,CBC_1089_MSI_AV_v1_Vset2_Aset1_2024-10-02_15h20.49.443.csv,3,21,0,2,aud,0.14,1,b,C,0C,0,z,2.64877969999725,0,1,1,3.36729582998647,0.642614331726693,0.494746537320767,0.484404625224497,0.420494140109332,0.685744451999733,0.494746537320767,0.5,0.489548272381778,0.696251377358199,0.5,0.175008234737013,0.500156828344983,0.5,-0.075040845776848,CBCsimpleAsymRW,CBCdriftDiffusionLR,0.5,0.150081691553696,0.0105069253584662,1.36424785638966,1.53789810302505,2.19550488098157,0.5,59.0684960911283
CBC_1089,CBC_1089_MSI_AV_v1_Vset2_Aset1_2024-10-02_15h20.49.443.csv,3,22,1,1,aud,0.5,1,b,B,1B,1,b,2.29568719999952,1,1,1,1.79175946922805,0.642614331726693,0.494746537320767,0.484404625224497,0.420494140109332,0.685744451999733,0.494746537320767,0.424959154223152,0.489548272381778,0.696251377358199,0.685744451999733,0.403636071947884,0.778542410321541,0.314255548000267,0.0471640042240138,CBCsimpleAsymRW,CBCdriftDiffusionLR,0.5,0.150081691553696,0.0105069253584662,1.36424785638966,1.53789810302505,2.19550488098157,0.5,59.0684960911283
CBC_1089,CBC_1089_MSI_AV_v1_Vset2_Aset1_2024-10-02_15h20.49.443.csv,3,23,0,0,aud,0.5,1,b,A,0A,1,b,2.32426339999802,1,1,1,2.04769284336526,0.642614331726693,0.494746537320767,0.484404625224497,0.420494140109332,0.732908456223747,0.494746537320767,0.424959154223152,0.489548272381778,0.696251377358199,0.642614331726693,0.359547469063374,0.723735741278469,0.357385668273307,0.053637045631506,CBCsimpleAsymRW,CBCdriftDiffusionLR,0.5,0.150081691553696,0.0105069253584662,1.36424785638966,1.53789810302505,2.19550488098157,0.5,59.0684960911283
CBC_1089,CBC_1089_MSI_AV_v1_Vset2_Aset1_2024-10-02_15h20.49.443.csv,3,24,0,0,aud,0.5,1,b,A,0A,1,b,2.36046279999755,1,1,1,1.85629799036563,0.696251377358199,0.494746537320767,0.484404625224497,0.420494140109332,0.732908456223747,0.494746537320767,0.424959154223152,0.489548272381778,0.696251377358199,0.696251377358199,0.379737309937561,0.789637839107212,0.303748622641801,0.0455871070931868,CBCsimpleAsymRW,CBCdriftDiffusionLR,0.5,0.150081691553696,0.0105069253584662,1.36424785638966,1.53789810302505,2.19550488098157,0.5,59.0684960911283
CBC_1089,CBC_1089_MSI_AV_v1_Vset2_Aset1_2024-10-02_15h20.49.443.csv,3,25,2,1,aud,0.14,1,b,B,2B,0,b,3.06591319999825,1,0,0,2.80336038090653,0.741838484451386,0.494746537320767,0.484404625224497,0.420494140109332,0.732908456223747,0.494746537320767,0.424959154223152,0.489548272381778,0.696251377358199,0.494746537320767,0.112434037518132,0.492488421435177,-0.494746537320767,-0.00519826493898891,CBCsimpleAsymRW,CBCdriftDiffusionLR,0.5,0.150081691553696,0.0105069253584662,1.36424785638966,1.53789810302505,2.19550488098157,0.5,59.0684960911283
CBC_1089,CBC_1089_MSI_AV_v1_Vset2_Aset1_2024-10-02_15h20.49.443.csv,3,26,1,2,aud,0.36,1,b,C,1C,0,z,1.60075999999754,0,1,1,2.42774823594805,0.741838484451386,0.494746537320767,0.484404625224497,0.420494140109332,0.732908456223747,0.489548272381778,0.424959154223152,0.489548272381778,0.696251377358199,0.489548272381778,0.30872174779798,0.51769955520969,0.489548272381778,-0.0734722328162468,CBCsimpleAsymRW,CBCdriftDiffusionLR,0.5,0.150081691553696,0.0105069253584662,1.36424785638966,1.53789810302505,2.19550488098157,0.5,59.0684960911283
CBC_1089,CBC_1089_MSI_AV_v1_Vset2_Aset1_2024-10-02_15h20.49.443.csv,3,27,2,0,aud,0.36,1,b,A,2A,0,b,4.56494219999877,1,0,0,2.16905370036952,0.741838484451386,0.494746537320767,0.484404625224497,0.420494140109332,0.732908456223747,0.489548272381778,0.424959154223152,0.416076039565531,0.696251377358199,0.484404625224497,0.0232791268348977,0.474133323264197,-0.484404625224497,-0.00508960324052958,CBCsimpleAsymRW,CBCdriftDiffusionLR,0.5,0.150081691553696,0.0105069253584662,1.36424785638966,1.53789810302505,2.19550488098157,0.5,59.0684960911283
CBC_1089,CBC_1089_MSI_AV_v1_Vset2_Aset1_2024-10-02_15h20.49.443.csv,3,28,0,1,aud,0.36,1,b,B,0B,0,z,2.13868089999778,0,1,1,2.484906649788,0.741838484451386,0.494746537320767,0.479315021983967,0.420494140109332,0.732908456223747,0.489548272381778,0.424959154223152,0.416076039565531,0.696251377358199,0.420494140109332,0.374518350885164,0.630425609960851,0.420494140109332,-0.0631084718360255,CBCsimpleAsymRW,CBCdriftDiffusionLR,0.5,0.150081691553696,0.0105069253584662,1.36424785638966,1.53789810302505,2.19550488098157,0.5,59.0684960911283
CBC_1089,CBC_1089_MSI_AV_v1_Vset2_Aset1_2024-10-02_15h20.49.443.csv,3,29,2,0,aud,0.36,1,b,A,2A,0,[],NaN,NaN,NaN,NaN,2.00148000021012,0.741838484451386,0.494746537320767,0.479315021983967,0.357385668273307,0.732908456223747,0.489548272381778,0.424959154223152,0.416076039565531,0.696251377358199,0.479315021983967,NaN,NaN,0,0,CBCsimpleAsymRW,CBCdriftDiffusionLR,0.5,0.150081691553696,0.0105069253584662,1.36424785638966,1.53789810302505,2.19550488098157,0.5,59.0684960911283
CBC_1089,CBC_1089_MSI_AV_v1_Vset2_Aset1_2024-10-02_15h20.49.443.csv,3,30,0,2,aud,0.14,1,b,C,0C,0,z,0.165943199997855,0,1,1,2.94443897916644,0.741838484451386,0.494746537320767,0.479315021983967,0.357385668273307,0.732908456223747,0.489548272381778,0.424959154223152,0.416076039565531,0.696251377358199,0.424959154223152,1e-20,0.5,0.424959154223152,-0.0637785887070386,CBCsimpleAsymRW,CBCdriftDiffusionLR,0.5,0.150081691553696,0.0105069253584662,1.36424785638966,1.53789810302505,2.19550488098157,0.5,59.0684960911283
CBC_1089,CBC_1089_MSI_AV_v1_Vset2_Aset1_2024-10-02_15h20.49.443.csv,3,31,1,1,aud,0.5,1,b,B,1B,1,[],NaN,NaN,NaN,NaN,1.87180217690159,0.741838484451386,0.494746537320767,0.479315021983967,0.357385668273307,0.732908456223747,0.489548272381778,0.361180565516113,0.416076039565531,0.696251377358199,0.732908456223747,NaN,NaN,0,0,CBCsimpleAsymRW,CBCdriftDiffusionLR,0.5,0.150081691553696,0.0105069253584662,1.36424785638966,1.53789810302505,2.19550488098157,0.5,59.0684960911283
CBC_1089,CBC_1089_MSI_AV_v1_Vset2_Aset1_2024-10-02_15h20.49.443.csv,3,32,1,1,aud,0.5,1,b,B,1B,1,b,2.63523039999927,1,1,1,1.74296930505862,0.741838484451386,0.494746537320767,0.479315021983967,0.357385668273307,0.732908456223747,0.489548272381778,0.361180565516113,0.416076039565531,0.696251377358199,0.732908456223747,0.280999893615068,0.827685356320113,0.267091543776253,0.0400855506896282,CBCsimpleAsymRW,CBCdriftDiffusionLR,0.5,0.150081691553696,0.0105069253584662,1.36424785638966,1.53789810302505,2.19550488098157,0.5,59.0684960911283
CBC_1089,CBC_1089_MSI_AV_v1_Vset2_Aset1_2024-10-02_15h20.49.443.csv,3,33,2,2,aud,0.5,0,b,C,2C,1,b,2.50644939999984,1,1,0,2.10413415427021,0.741838484451386,0.494746537320767,0.479315021983967,0.357385668273307,0.772994006913375,0.489548272381778,0.361180565516113,0.416076039565531,0.696251377358199,0.696251377358199,0.31891725122173,0.790354973564349,-0.696251377358199,-0.00731546125263188,CBCsimpleAsymRW,CBCdriftDiffusionLR,0.5,0.150081691553696,0.0105069253584662,1.36424785638966,1.53789810302505,2.19550488098157,0.5,59.0684960911283
CBC_1089,CBC_1089_MSI_AV_v1_Vset2_Aset1_2024-10-02_15h20.49.443.csv,3,34,1,0,aud,0.14,1,b,A,1A,0,z,2.65660339999886,0,1,1,3.04452243772342,0.741838484451386,0.494746537320767,0.479315021983967,0.357385668273307,0.772994006913375,0.489548272381778,0.361180565516113,0.416076039565531,0.688935916105567,0.494746537320767,0.176937401159628,0.509741156365531,0.494746537320767,-0.0742523972114345,CBCsimpleAsymRW,CBCdriftDiffusionLR,0.5,0.150081691553696,0.0105069253584662,1.36424785638966,1.53789810302505,2.19550488098157,0.5,59.0684960911283
CBC_1089,CBC_1089_MSI_AV_v1_Vset2_Aset1_2024-10-02_15h20.49.443.csv,3,35,0,1,aud,0.36,1,b,B,0B,0,b,2.2346740999983,1,0,0,2.37490575457367,0.741838484451386,0.420494140109332,0.479315021983967,0.357385668273307,0.772994006913375,0.489548272381778,0.361180565516113,0.416076039565531,0.688935916105567,0.357385668273307,0.151614347682617,0.27640581603416,-0.357385668273307,-0.0037550245407332,CBCsimpleAsymRW,CBCdriftDiffusionLR,0.5,0.150081691553696,0.0105069253584662,1.36424785638966,1.53789810302505,2.19550488098157,0.5,59.0684960911283
CBC_1089,CBC_1089_MSI_AV_v1_Vset2_Aset1_2024-10-02_15h20.49.443.csv,3,36,2,2,aud,0.5,1,b,C,2C,1,b,2.53614609999931,1,1,1,1.99243016469021,0.741838484451386,0.420494140109332,0.479315021983967,0.353630643732574,0.772994006913375,0.489548272381778,0.361180565516113,0.416076039565531,0.688935916105567,0.688935916105567,0.304832634299678,0.781747338317282,0.311064083894433,0.0466850238924773,CBCsimpleAsymRW,CBCdriftDiffusionLR,0.5,0.150081691553696,0.0105069253584662,1.36424785638966,1.53789810302505,2.19550488098157,0.5,59.0684960911283
CBC_1089,CBC_1089_MSI_AV_v1_Vset2_Aset1_2024-10-02_15h20.49.443.csv,3,37,0,1,aud,0.36,1,b,B,0B,0,b,2.69234149999829,1,0,0,2.19722457733622,0.741838484451386,0.420494140109332,0.479315021983967,0.353630643732574,0.772994006913375,0.489548272381778,0.361180565516113,0.416076039565531,0.735620939998044,0.353630643732574,0.0891156210745543,0.270914305854548,-0.353630643732574,-0.00371557077816451,CBCsimpleAsymRW,CBCdriftDiffusionLR,0.5,0.150081691553696,0.0105069253584662,1.36424785638966,1.53789810302505,2.19550488098157,0.5,59.0684960911283
CBC_1089,CBC_1089_MSI_AV_v1_Vset2_Aset1_2024-10-02_15h20.49.443.csv,3,38,1,2,aud,0.36,1,b,C,1C,0,b,2.20278549999784,1,0,0,2.4423470353692,0.741838484451386,0.420494140109332,0.479315021983967,0.349915072954409,0.772994006913375,0.489548272381778,0.361180565516113,0.416076039565531,0.735620939998044,0.416076039565531,0.201285448809841,0.361204938913252,-0.416076039565531,-0.00437167989116127,CBCsimpleAsymRW,CBCdriftDiffusionLR,0.5,0.150081691553696,0.0105069253584662,1.36424785638966,1.53789810302505,2.19550488098157,0.5,59.0684960911283
CBC_1089,CBC_1089_MSI_AV_v1_Vset2_Aset1_2024-10-02_15h20.49.443.csv,3,39,0,0,aud,0.5,1,b,A,0A,1,b,2.47902139999678,1,1,1,2.058388132482,0.741838484451386,0.420494140109332,0.479315021983967,0.349915072954409,0.772994006913375,0.489548272381778,0.361180565516113,0.41170435967437,0.735620939998044,0.741838484451386,0.345958271521457,0.836704958820552,0.258161515548614,0.0387453169476018,CBCsimpleAsymRW,CBCdriftDiffusionLR,0.5,0.150081691553696,0.0105069253584662,1.36424785638966,1.53789810302505,2.19550488098157,0.5,59.0684960911283
CBC_1089,CBC_1089_MSI_AV_v1_Vset2_Aset1_2024-10-02_15h20.49.443.csv,3,40,1,2,aud,0.36,1,b,C,1C,0,b,2.27218299999913,1,0,0,2.26176309847379,0.780583801398988,0.420494140109332,0.479315021983967,0.349915072954409,0.772994006913375,0.489548272381778,0.361180565516113,0.41170435967437,0.735620939998044,0.41170435967437,0.184225687848448,0.354974562012147,-0.41170435967437,-0.00432574697685373,CBCsimpleAsymRW,CBCdriftDiffusionLR,0.5,0.150081691553696,0.0105069253584662,1.36424785638966,1.53789810302505,2.19550488098157,0.5,59.0684960911283
CBC_1089,CBC_1089_MSI_AV_v1_Vset2_Aset1_2024-10-02_15h20.49.443.csv,3,41,0,0,aud,0.5,1,b,A,0A,1,b,2.91858929999762,1,1,1,1.94591014905531,0.780583801398988,0.420494140109332,0.479315021983967,0.349915072954409,0.772994006913375,0.489548272381778,0.361180565516113,0.407378612697516,0.735620939998044,0.780583801398988,0.191888103495023,0.869297683796835,0.219416198601012,0.0329303542403216,CBCsimpleAsymRW,CBCdriftDiffusionLR,0.5,0.150081691553696,0.0105069253584662,1.36424785638966,1.53789810302505,2.19550488098157,0.5,59.0684960911283
CBC_1089,CBC_1089_MSI_AV_v1_Vset2_Aset1_2024-10-02_15h20.49.443.csv,3,42,2,2,aud,0.5,1,b,C,2C,1,b,2.3927825999981,1,1,1,1.96611285637283,0.813514155639309,0.420494140109332,0.479315021983967,0.349915072954409,0.772994006913375,0.489548272381778,0.361180565516113,0.407378612697516,0.735620939998044,0.735620939998044,0.384190905092782,0.830474044357411,0.264379060001956,0.0396784565364696,CBCsimpleAsymRW,CBCdriftDiffusionLR,0.5,0.150081691553696,0.0105069253584662,1.36424785638966,1.53789810302505,2.19550488098157,0.5,59.0684960911283
