ID,filename,session,trial,visStimLeft,visStimRight,correctKey,leftCorrect,rightCorrect,secondStim,mod2Type,mod2Stim,frequency,rewardAccurate,stimPairLeft,stimPairRight,pCorrectLeft,pCorrectRight,key,reactionTime,choiceLeft,choiceRight,choiceAccurate,reward,chosenPair,otherPair,triplet,surprise,0 belief,1 belief,2 belief,3 belief,beliefPair,beliefOtherPair,beliefPairNorm,beliefOtherPairNorm,prob,lik,rewardPE,update2,fitCBCuniVsimpleRW_CBCsimpleSigmoid_startBelief,fitCBCuniVsimpleRW_CBCsimpleSigmoid_alpha1,fitCBCuniVsimpleRW_CBCsimpleSigmoid_beta,fit_CBCuniVsimpleRW_CBCsimpleSigmoid_NLL
CBC_1027,CBC_1027_MSI_AV_v3_Vset5_Aset1_2023-07-21_16h27.29.899.csv,1,1,0,1,z,0,1,2,aud,B,63,1,0,1,0,1,b,2.55251940000016,1,0,0,0,0,1,B01,2.77258872223978,0.5,0.5,0.5,0.5,0.5,0.5,0.5,0.5,0.5,0.5,-0.5,-4.86247665132606e-08,0.5,9.72495330265211e-08,1.000850865268,30.4984765745507
CBC_1027,CBC_1027_MSI_AV_v3_Vset5_Aset1_2023-07-21_16h27.29.899.csv,1,2,1,0,z,0,1,0,aud,A,63,1,1,0,0,1,z,1.74711059999936,0,1,1,1,0,1,A10,2.83321334405622,0.499999951375234,0.5,0.5,0.5,0.499999951375234,0.5,0.499999975687616,0.500000024312384,0.499999987833464,0.499999987833464,0.500000024312384,4.86247688776286e-08,0.5,9.72495330265211e-08,1.000850865268,30.4984765745507
CBC_1027,CBC_1027_MSI_AV_v3_Vset5_Aset1_2023-07-21_16h27.29.899.csv,1,3,2,1,b,1,0,1,aud,C,9,1,2,1,1,0,b,1.51832549999926,1,0,1,1,2,1,C21,2.89037175789616,0.500000024312384,0.5,0.5,0.5,0.5,0.5,0.5,0.5,0.5,0.5,0.5,4.86247665132606e-08,0.5,9.72495330265211e-08,1.000850865268,30.4984765745507
CBC_1027,CBC_1027_MSI_AV_v3_Vset5_Aset1_2023-07-21_16h27.29.899.csv,1,4,0,1,b,1,0,0,aud,A,63,1,0,1,1,0,z,1.06943179999871,0,1,0,0,1,0,A01,2.94443897916644,0.500000024312384,0.5,0.500000048624767,0.5,0.5,0.500000024312384,0.499999987843808,0.500000012156192,0.499999993916732,0.499999993916732,-0.499999987843808,-4.86247653310766e-08,0.5,9.72495330265211e-08,1.000850865268,30.4984765745507
CBC_1027,CBC_1027_MSI_AV_v3_Vset5_Aset1_2023-07-21_16h27.29.899.csv,1,5,1,3,z,0,1,3,aud,D,27,1,1,3,0,1,z,2.33847559999958,0,1,1,1,3,1,D13,2.99573227355399,0.500000024312384,0.499999939219043,0.500000048624767,0.5,0.5,0.499999939219043,0.500000030390481,0.49999996960952,0.500000015208169,0.500000015208169,0.499999969609519,4.86247635578005e-08,0.5,9.72495330265211e-08,1.000850865268,30.4984765745507
CBC_1027,CBC_1027_MSI_AV_v3_Vset5_Aset1_2023-07-21_16h27.29.899.csv,1,6,1,0,b,1,0,2,aud,B,63,1,1,0,1,0,b,2.2439775999992,1,0,1,1,1,0,B10,3.04452243772342,0.500000024312384,0.499999939219043,0.500000048624767,0.500000079015244,0.499999939219043,0.500000024312384,0.499999957453328,0.500000042546672,0.499999978708563,0.499999978708563,0.500000042546672,4.86247706509046e-08,0.5,9.72495330265211e-08,1.000850865268,30.4984765745507
CBC_1027,CBC_1027_MSI_AV_v3_Vset5_Aset1_2023-07-21_16h27.29.899.csv,1,7,3,2,z,0,1,1,aud,C,63,1,3,2,0,1,z,2.33604809999997,0,1,1,1,2,3,C32,3.09104245335832,0.500000024312384,0.500000006078098,0.500000048624767,0.500000079015244,0.500000048624767,0.500000079015244,0.499999984804763,0.500000015195237,0.499999992395917,0.499999992395917,0.500000015195237,4.86247679909903e-08,0.5,9.72495330265211e-08,1.000850865268,30.4984765745507
CBC_1027,CBC_1027_MSI_AV_v3_Vset5_Aset1_2023-07-21_16h27.29.899.csv,1,8,0,2,b,1,0,0,aud,A,27,1,0,2,1,0,b,2.55405000000064,1,0,1,1,0,2,A02,3.13549421592915,0.500000024312384,0.500000006078098,0.500000033429531,0.500000079015244,0.500000024312384,0.500000033429531,0.499999995441427,0.500000004558573,0.499999997718774,0.499999997718774,0.500000004558573,4.86247669565797e-08,0.5,9.72495330265211e-08,1.000850865268,30.4984765745507
CBC_1027,CBC_1027_MSI_AV_v3_Vset5_Aset1_2023-07-21_16h27.29.899.csv,1,9,2,3,z,0,1,3,aud,D,63,1,2,3,0,1,z,1.73897949999991,0,1,1,1,3,2,D23,3.17805383034795,0.500000044066194,0.500000006078098,0.500000033429531,0.500000079015244,0.500000079015244,0.500000033429531,0.500000022792854,0.499999977207146,0.500000011406124,0.500000011406124,0.499999977207146,4.86247642966662e-08,0.5,9.72495330265211e-08,1.000850865268,30.4984765745507
CBC_1027,CBC_1027_MSI_AV_v3_Vset5_Aset1_2023-07-21_16h27.29.899.csv,1,10,1,3,b,1,0,2,aud,B,27,1,1,3,1,0,b,2.14430709999942,1,0,1,1,1,3,B13,3.2188758248682,0.500000044066194,0.500000006078098,0.500000033429531,0.500000071417618,0.500000006078098,0.500000071417618,0.499999967330242,0.500000032669757,0.499999983651222,0.499999983651222,0.500000032669758,4.86247696903792e-08,0.5,9.72495330265211e-08,1.000850865268,30.4984765745507
CBC_1027,CBC_1027_MSI_AV_v3_Vset5_Aset1_2023-07-21_16h27.29.899.csv,1,11,2,3,b,1,0,1,aud,C,63,1,2,3,1,0,z,1.65245679999862,0,1,0,0,3,2,C23,3.25809653802148,0.500000044066194,0.500000015955012,0.500000033429531,0.500000071417618,0.500000071417618,0.500000033429531,0.500000018994041,0.499999981005958,0.500000009505101,0.500000009505101,-0.500000018994041,-4.86247683604222e-08,0.5,9.72495330265211e-08,1.000850865268,30.4984765745507
CBC_1027,CBC_1027_MSI_AV_v3_Vset5_Aset1_2023-07-21_16h27.29.899.csv,1,12,3,1,z,0,1,2,aud,B,27,1,3,1,0,1,z,2.08916800000043,0,1,1,1,1,3,B31,3.29583686600433,0.500000044066194,0.500000015955012,0.500000033429531,0.499999970369273,0.500000015955012,0.499999970369273,0.50000002279287,0.49999997720713,0.500000011406132,0.500000011406132,0.49999997720713,4.86247642966646e-08,0.5,9.72495330265211e-08,1.000850865268,30.4984765745507
CBC_1027,CBC_1027_MSI_AV_v3_Vset5_Aset1_2023-07-21_16h27.29.899.csv,1,13,2,3,b,1,0,1,aud,C,63,1,2,3,1,0,b,1.47864259999915,1,0,1,1,2,3,C23,2.63905732961526,0.500000044066194,0.500000071417634,0.500000033429531,0.499999970369273,0.500000033429531,0.499999970369273,0.500000031530129,0.499999968469871,0.500000015778478,0.500000015778478,0.499999968469871,4.86247634469702e-08,0.5,9.72495330265211e-08,1.000850865268,30.4984765745507
CBC_1027,CBC_1027_MSI_AV_v3_Vset5_Aset1_2023-07-21_16h27.29.899.csv,1,14,2,3,z,0,1,3,aud,D,63,1,2,3,0,1,z,1.54143199999999,0,1,1,1,3,2,D23,2.67414864942653,0.500000044066194,0.500000071417634,0.500000080154892,0.499999970369273,0.499999970369273,0.500000080154892,0.499999945107193,0.500000054892807,0.499999972530243,0.499999972530243,0.500000054892807,4.86247718515604e-08,0.5,9.72495330265211e-08,1.000850865268,30.4984765745507
CBC_1027,CBC_1027_MSI_AV_v3_Vset5_Aset1_2023-07-21_16h27.29.899.csv,1,15,3,0,z,0,1,0,aud,A,9,1,3,0,0,1,z,1.70691380000062,0,1,1,1,0,3,A30,3.40119738166216,0.500000044066194,0.500000071417634,0.500000080154892,0.499999993731965,0.500000044066194,0.499999993731965,0.500000025167113,0.499999974832886,0.500000012594264,0.500000012594264,0.499999974832887,4.86247640657705e-08,0.5,9.72495330265211e-08,1.000850865268,30.4984765745507
CBC_1027,CBC_1027_MSI_AV_v3_Vset5_Aset1_2023-07-21_16h27.29.899.csv,1,16,1,0,b,1,0,2,aud,B,63,0,1,0,0,1,b,1.09278499999891,1,0,1,0,1,0,B10,2.7408400239252,0.500000073791877,0.500000071417634,0.500000080154892,0.499999993731965,0.500000071417634,0.500000073791877,0.499999998812879,0.500000001187122,0.499999999405934,0.499999999405934,-0.499999998812879,-4.86247663978136e-08,0.5,9.72495330265211e-08,1.000850865268,30.4984765745507
CBC_1027,CBC_1027_MSI_AV_v3_Vset5_Aset1_2023-07-21_16h27.29.899.csv,1,17,3,2,b,1,0,3,aud,D,63,1,3,2,1,0,z,3.08892840000044,0,1,0,0,2,3,D32,3.46573590279973,0.500000073791877,0.499999950188112,0.500000080154892,0.499999993731965,0.500000080154892,0.499999993731965,0.500000043211461,0.49999995678854,0.500000021624114,0.500000021624114,-0.500000043211461,-4.86247707155549e-08,0.5,9.72495330265211e-08,1.000850865268,30.4984765745507
CBC_1027,CBC_1027_MSI_AV_v3_Vset5_Aset1_2023-07-21_16h27.29.899.csv,1,18,2,0,b,1,0,1,aud,C,27,1,2,0,1,0,b,1.56955709999966,1,0,1,1,2,0,C20,3.49650756146648,0.500000073791877,0.499999950188112,0.49999999458669,0.499999993731965,0.49999999458669,0.500000073791877,0.499999960397409,0.500000039602591,0.499999980181856,0.499999980181856,0.500000039602591,4.86247703645941e-08,0.5,9.72495330265211e-08,1.000850865268,30.4984765745507
CBC_1027,CBC_1027_MSI_AV_v3_Vset5_Aset1_2023-07-21_16h27.29.899.csv,1,19,1,0,z,0,1,0,aud,A,63,1,1,0,0,1,b,1.72540329999902,1,0,0,0,1,0,A10,2.83321334405622,0.500000073791877,0.499999950188112,0.500000009022179,0.499999993731965,0.499999950188112,0.500000073791877,0.499999938198119,0.500000061801881,0.499999969072767,0.499999969072767,-0.499999938198119,-4.86247605030565e-08,0.5,9.72495330265211e-08,1.000850865268,30.4984765745507
CBC_1027,CBC_1027_MSI_AV_v3_Vset5_Aset1_2023-07-21_16h27.29.899.csv,1,20,0,1,z,0,1,2,aud,B,63,1,0,1,0,1,z,1.17991649999931,0,1,1,1,1,0,B01,2.86220088092947,0.500000073791877,0.499999889573358,0.500000009022179,0.499999993731965,0.499999889573358,0.500000073791877,0.499999907890737,0.500000092109263,0.499999953906182,0.499999953906182,0.500000092109263,4.86247754708434e-08,0.5,9.72495330265211e-08,1.000850865268,30.4984765745507
CBC_1027,CBC_1027_MSI_AV_v3_Vset5_Aset1_2023-07-21_16h27.29.899.csv,1,21,3,1,b,1,0,3,aud,D,27,1,3,1,1,0,b,2.16403479999826,1,0,1,1,3,1,D31,3.58351893845611,0.500000073791877,0.499999956515513,0.500000009022179,0.499999993731965,0.499999993731965,0.499999956515513,0.500000018608227,0.499999981391773,0.50000000931203,0.50000000931203,0.499999981391773,4.86247647036192e-08,0.5,9.72495330265211e-08,1.000850865268,30.4984765745507
CBC_1027,CBC_1027_MSI_AV_v3_Vset5_Aset1_2023-07-21_16h27.29.899.csv,1,22,2,3,b,1,0,1,aud,C,63,1,2,3,1,0,b,1.20522579999852,1,0,1,1,2,3,C23,2.51230562397611,0.500000073791877,0.499999956515513,0.500000009022179,0.500000067232992,0.500000009022179,0.500000067232992,0.499999970894596,0.500000029105404,0.499999985434916,0.499999985434916,0.500000029105404,4.86247693437475e-08,0.5,9.72495330265211e-08,1.000850865268,30.4984765745507
CBC_1027,CBC_1027_MSI_AV_v3_Vset5_Aset1_2023-07-21_16h27.29.899.csv,1,23,1,0,z,0,1,0,aud,A,63,1,1,0,0,1,b,2.17610299999978,1,0,0,0,1,0,A10,2.53897387105828,0.500000073791877,0.499999956515513,0.500000019519365,0.500000067232992,0.499999956515513,0.500000073791877,0.499999941361819,0.500000058638181,0.499999970655963,0.499999970655963,-0.499999941361819,-4.86247608107249e-08,0.5,9.72495330265211e-08,1.000850865268,30.4984765745507
CBC_1027,CBC_1027_MSI_AV_v3_Vset5_Aset1_2023-07-21_16h27.29.899.csv,1,24,3,2,b,1,0,3,aud,D,63,1,3,2,1,0,z,1.45644879999963,0,1,0,0,2,3,D32,2.9704144655697,0.500000073791877,0.499999892737059,0.500000019519365,0.500000067232992,0.500000019519365,0.500000067232992,0.499999976143189,0.500000023856811,0.499999988061445,0.499999988061445,-0.499999976143189,-4.86247641931968e-08,0.5,9.72495330265211e-08,1.000850865268,30.4984765745507
CBC_1027,CBC_1027_MSI_AV_v3_Vset5_Aset1_2023-07-21_16h27.29.899.csv,1,25,0,2,z,0,1,1,aud,C,27,1,0,2,0,1,b,1.70952559999932,1,0,0,0,0,2,C02,3.68887945411394,0.500000073791877,0.499999892737059,0.499999927518425,0.500000067232992,0.500000073791877,0.499999927518425,0.500000073136726,0.499999926863274,0.500000036599478,0.500000036599478,-0.500000073136726,-4.8624773625773e-08,0.5,9.72495330265211e-08,1.000850865268,30.4984765745507
CBC_1027,CBC_1027_MSI_AV_v3_Vset5_Aset1_2023-07-21_16h27.29.899.csv,1,26,1,0,z,0,1,0,aud,A,63,1,1,0,0,1,z,3.43591839999863,0,1,1,1,0,1,A10,2.32727770558442,0.500000024511953,0.499999892737059,0.499999927518425,0.500000067232992,0.500000024511953,0.499999892737059,0.500000065887452,0.499999934112547,0.500000032971757,0.500000032971757,0.499999934112548,4.86247601057366e-08,0.5,9.72495330265211e-08,1.000850865268,30.4984765745507
CBC_1027,CBC_1027_MSI_AV_v3_Vset5_Aset1_2023-07-21_16h27.29.899.csv,1,27,3,1,z,0,1,2,aud,B,27,1,3,1,0,1,b,1.76269959999991,1,0,0,0,3,1,B31,3.04452243772342,0.500000114512213,0.499999892737059,0.499999927518425,0.500000067232992,0.500000067232992,0.499999892737059,0.50000008724797,0.49999991275203,0.500000043661103,0.500000043661103,-0.50000008724797,-4.86247749980849e-08,0.5,9.72495330265211e-08,1.000850865268,30.4984765745507
CBC_1027,CBC_1027_MSI_AV_v3_Vset5_Aset1_2023-07-21_16h27.29.899.csv,1,28,2,3,b,1,0,1,aud,C,63,1,2,3,1,0,b,1.36931029999869,1,0,1,1,2,3,C23,2.37490575457367,0.500000114512213,0.499999892737059,0.499999927518425,0.500000038623195,0.499999927518425,0.500000038623195,0.499999944447613,0.500000055552387,0.499999972200173,0.499999972200173,0.500000055552387,4.86247719157043e-08,0.5,9.72495330265211e-08,1.000850865268,30.4984765745507
CBC_1027,CBC_1027_MSI_AV_v3_Vset5_Aset1_2023-07-21_16h27.29.899.csv,1,29,2,3,z,0,1,3,aud,D,63,1,2,3,0,1,b,1.80467200000021,1,0,0,0,2,3,D23,2.68557734525015,0.500000114512213,0.499999892737059,0.499999993072385,0.500000038623195,0.499999993072385,0.500000038623195,0.499999977224595,0.500000022775404,0.499999988602608,0.499999988602608,-0.499999977224595,-4.86247642983631e-08,0.5,9.72495330265211e-08,1.000850865268,30.4984765745507
CBC_1027,CBC_1027_MSI_AV_v3_Vset5_Aset1_2023-07-21_16h27.29.899.csv,1,30,1,0,b,1,0,2,aud,B,63,1,1,0,1,0,b,1.91181460000007,1,0,1,1,1,0,B10,2.70805020110221,0.500000114512213,0.499999892737059,0.499999928599831,0.500000038623195,0.499999892737059,0.500000114512213,0.499999889112424,0.500000110887576,0.499999944509037,0.499999944509037,0.500000110887576,4.86247772970256e-08,0.5,9.72495330265211e-08,1.000850865268,30.4984765745507
CBC_1027,CBC_1027_MSI_AV_v3_Vset5_Aset1_2023-07-21_16h27.29.899.csv,1,31,0,2,b,1,0,0,aud,A,27,1,0,2,1,0,z,2.1145863999991,0,1,0,0,2,0,A02,3.13549421592915,0.500000114512213,0.499999937737201,0.499999928599831,0.500000038623195,0.499999928599831,0.500000114512213,0.499999907043813,0.500000092956187,0.49999995348236,0.49999995348236,-0.499999907043813,-4.86247574733148e-08,0.5,9.72495330265211e-08,1.000850865268,30.4984765745507
CBC_1027,CBC_1027_MSI_AV_v3_Vset5_Aset1_2023-07-21_16h27.29.899.csv,1,32,0,3,z,0,1,3,aud,D,9,1,0,3,0,1,z,2.57882459999928,0,1,1,1,3,0,D03,3.85014760171006,0.500000114512213,0.499999937737201,0.499999858419056,0.500000038623195,0.500000038623195,0.500000114512213,0.499999962055497,0.500000037944503,0.499999981011606,0.499999981011606,0.500000037944503,4.86247702033458e-08,0.5,9.72495330265211e-08,1.000850865268,30.4984765745507
CBC_1027,CBC_1027_MSI_AV_v3_Vset5_Aset1_2023-07-21_16h27.29.899.csv,1,33,2,3,b,1,0,1,aud,C,63,1,2,3,1,0,b,1.14365399999951,1,0,1,1,2,3,C23,2.26176309847379,0.500000114512213,0.499999937737201,0.499999858419056,0.500000010680267,0.499999858419056,0.500000010680267,0.499999923869384,0.500000076130616,0.499999961902304,0.499999961902304,0.500000076130616,4.86247739169274e-08,0.5,9.72495330265211e-08,1.000850865268,30.4984765745507
CBC_1027,CBC_1027_MSI_AV_v3_Vset5_Aset1_2023-07-21_16h27.29.899.csv,1,34,1,0,b,1,0,2,aud,B,63,1,1,0,1,0,b,3.2633208999996,1,0,1,1,1,0,B10,2.50552593699074,0.500000114512213,0.499999937737201,0.499999972494158,0.500000010680267,0.499999937737201,0.500000114512213,0.499999911612499,0.500000088387501,0.499999955768646,0.499999955768646,0.500000088387501,4.86247751089038e-08,0.5,9.72495330265211e-08,1.000850865268,30.4984765745507
CBC_1027,CBC_1027_MSI_AV_v3_Vset5_Aset1_2023-07-21_16h27.29.899.csv,1,35,1,0,z,0,1,0,aud,A,63,0,1,0,1,0,z,1.05378839999867,0,1,1,0,0,1,A10,2.30258509299405,0.500000114512213,0.499999960237274,0.499999972494158,0.500000010680267,0.500000114512213,0.499999960237274,0.500000077137464,0.499999922862536,0.500000038601549,0.500000038601549,-0.500000077137464,-4.86247740148429e-08,0.5,9.72495330265211e-08,1.000850865268,30.4984765745507
CBC_1027,CBC_1027_MSI_AV_v3_Vset5_Aset1_2023-07-21_16h27.29.899.csv,1,36,3,2,b,1,0,3,aud,D,63,1,3,2,1,0,b,2.09781900000053,1,0,1,1,3,2,D32,2.83321334405622,0.50000002851269,0.499999960237274,0.499999972494158,0.500000010680267,0.500000010680267,0.499999972494158,0.500000019093055,0.499999980906945,0.50000000955465,0.50000000955465,0.499999980906945,4.86247646564699e-08,0.5,9.72495330265211e-08,1.000850865268,30.4984765745507
CBC_1027,CBC_1027_MSI_AV_v3_Vset5_Aset1_2023-07-21_16h27.29.899.csv,1,37,2,1,z,0,1,2,aud,B,9,1,2,1,0,1,b,3.03113239999948,1,0,0,0,2,1,B21,3.95124371858143,0.50000002851269,0.499999960237274,0.499999972494158,0.500000067717819,0.499999972494158,0.499999960237274,0.500000006128443,0.499999993871557,0.500000003066829,0.500000003066829,-0.500000006128443,-4.86247671092487e-08,0.5,9.72495330265211e-08,1.000850865268,30.4984765745507
CBC_1027,CBC_1027_MSI_AV_v3_Vset5_Aset1_2023-07-21_16h27.29.899.csv,1,38,0,2,b,1,0,0,aud,A,27,1,0,2,1,0,z,1.49797099999887,0,1,0,0,2,0,A02,2.87167962488401,0.50000002851269,0.499999960237274,0.499999957503675,0.500000067717819,0.499999957503675,0.50000002851269,0.499999964495492,0.500000035504508,0.499999982232641,0.499999982232641,-0.499999964495492,-4.86247630604638e-08,0.5,9.72495330265211e-08,1.000850865268,30.4984765745507
CBC_1027,CBC_1027_MSI_AV_v3_Vset5_Aset1_2023-07-21_16h27.29.899.csv,1,39,3,2,z,0,1,1,aud,C,63,1,3,2,0,1,z,1.12535670000034,0,1,1,1,2,3,C32,3.29583686600433,0.50000002851269,0.499999960237274,0.499999915870729,0.500000067717819,0.499999915870729,0.500000067717819,0.499999924076454,0.500000075923546,0.499999962005927,0.499999962005927,0.500000075923546,4.862477389679e-08,0.5,9.72495330265211e-08,1.000850865268,30.4984765745507
CBC_1027,CBC_1027_MSI_AV_v3_Vset5_Aset1_2023-07-21_16h27.29.899.csv,1,40,3,1,b,1,0,3,aud,D,27,1,3,1,1,0,b,3.56871849999879,1,0,1,1,3,1,D31,3.31418600467253,0.50000002851269,0.499999960237274,0.499999972701228,0.500000067717819,0.500000067717819,0.499999960237274,0.500000053740271,0.499999946259729,0.500000026892998,0.500000026892998,0.499999946259729,4.86247612870443e-08,0.5,9.72495330265211e-08,1.000850865268,30.4984765745507
CBC_1027,CBC_1027_MSI_AV_v3_Vset5_Aset1_2023-07-21_16h27.29.899.csv,1,41,1,0,z,0,1,0,aud,A,63,1,1,0,0,1,z,1.39482169999974,0,1,1,1,0,1,A10,2.23359222150709,0.50000002851269,0.499999960237274,0.499999972701228,0.500000102365033,0.50000002851269,0.499999960237274,0.500000034137708,0.499999965862292,0.500000017083377,0.500000017083377,0.499999965862292,4.86247631933844e-08,0.5,9.72495330265211e-08,1.000850865268,30.4984765745507
CBC_1027,CBC_1027_MSI_AV_v3_Vset5_Aset1_2023-07-21_16h27.29.899.csv,1,42,2,0,b,1,0,1,aud,C,27,1,2,0,1,0,b,1.7811443999999,1,0,1,1,2,0,C20,3.3499040872746,0.500000082762471,0.499999960237274,0.499999972701228,0.500000102365033,0.499999972701228,0.500000082762471,0.499999944969381,0.500000055030619,0.499999972461279,0.499999972461279,0.500000055030619,4.86247718649625e-08,0.5,9.72495330265211e-08,1.000850865268,30.4984765745507
CBC_1027,CBC_1027_MSI_AV_v3_Vset5_Aset1_2023-07-21_16h27.29.899.csv,1,43,2,3,z,0,1,3,aud,D,63,1,2,3,0,1,b,2.30787520000013,1,0,0,0,2,3,D23,2.67414864942653,0.500000082762471,0.499999960237274,0.499999993594153,0.500000102365033,0.499999993594153,0.500000102365033,0.499999945614566,0.500000054385435,0.499999972784145,0.499999972784145,-0.499999945614566,-4.86247612243025e-08,0.5,9.72495330265211e-08,1.000850865268,30.4984765745507
CBC_1027,CBC_1027_MSI_AV_v3_Vset5_Aset1_2023-07-21_16h27.29.899.csv,1,44,0,1,z,0,1,2,aud,B,63,1,0,1,0,1,z,1.25900320000073,0,1,1,1,1,0,B01,2.97892515523761,0.500000082762471,0.499999960237274,0.499999896989804,0.500000102365033,0.499999960237274,0.500000082762471,0.499999938737404,0.500000061262596,0.499999969342639,0.499999969342639,0.500000061262596,4.86247724710194e-08,0.5,9.72495330265211e-08,1.000850865268,30.4984765745507
CBC_1027,CBC_1027_MSI_TV_v3_Vset2_Tset2_2023-07-21_16h36.05.936.csv,2,1,3,1,z,0,1,2,tac,B,27,1,3,1,0,1,z,2.00913389999914,0,1,1,1,1,3,B31,2.77258872223978,0.5,0.5,0.5,0.5,0.5,0.5,0.5,0.5,0.5,0.5,0.5,0,0.5,0,1,29.8053287640776
CBC_1027,CBC_1027_MSI_TV_v3_Vset2_Tset2_2023-07-21_16h36.05.936.csv,2,2,2,3,b,1,0,1,tac,C,63,1,2,3,1,0,z,2.35133200000018,0,1,0,0,3,2,C23,2.83321334405622,0.5,0.5,0.5,0.5,0.5,0.5,0.5,0.5,0.5,0.5,-0.5,-0,0.5,0,1,29.8053287640776
CBC_1027,CBC_1027_MSI_TV_v3_Vset2_Tset2_2023-07-21_16h36.05.936.csv,2,3,2,3,z,0,1,3,tac,D,63,1,2,3,0,1,z,1.92471239999941,0,1,1,1,3,2,D23,2.89037175789616,0.5,0.5,0.5,0.5,0.5,0.5,0.5,0.5,0.5,0.5,0.5,0,0.5,0,1,29.8053287640776
CBC_1027,CBC_1027_MSI_TV_v3_Vset2_Tset2_2023-07-21_16h36.05.936.csv,2,4,1,0,b,1,0,2,tac,B,63,1,1,0,1,0,z,2.08881999999903,0,1,0,0,0,1,B10,2.94443897916644,0.5,0.5,0.5,0.5,0.5,0.5,0.5,0.5,0.5,0.5,-0.5,-0,0.5,0,1,29.8053287640776
CBC_1027,CBC_1027_MSI_TV_v3_Vset2_Tset2_2023-07-21_16h36.05.936.csv,2,5,3,0,z,0,1,0,tac,A,9,1,3,0,0,1,z,2.4876064,0,1,1,1,0,3,A30,2.99573227355399,0.5,0.5,0.5,0.5,0.5,0.5,0.5,0.5,0.5,0.5,0.5,0,0.5,0,1,29.8053287640776
CBC_1027,CBC_1027_MSI_TV_v3_Vset2_Tset2_2023-07-21_16h36.05.936.csv,2,6,2,3,z,0,1,3,tac,D,63,1,2,3,0,1,b,1.19437369999832,1,0,0,0,2,3,D23,2.35137525716348,0.5,0.5,0.5,0.5,0.5,0.5,0.5,0.5,0.5,0.5,-0.5,-0,0.5,0,1,29.8053287640776
CBC_1027,CBC_1027_MSI_TV_v3_Vset2_Tset2_2023-07-21_16h36.05.936.csv,2,7,2,0,b,1,0,1,tac,C,27,1,2,0,1,0,b,2.45755070000087,1,0,1,1,2,0,C20,3.09104245335832,0.5,0.5,0.5,0.5,0.5,0.5,0.5,0.5,0.5,0.5,0.5,0,0.5,0,1,29.8053287640776
CBC_1027,CBC_1027_MSI_TV_v3_Vset2_Tset2_2023-07-21_16h36.05.936.csv,2,8,1,0,z,0,1,0,tac,A,63,1,1,0,0,1,z,2.56390459999966,0,1,1,1,0,1,A10,3.13549421592915,0.5,0.5,0.5,0.5,0.5,0.5,0.5,0.5,0.5,0.5,0.5,0,0.5,0,1,29.8053287640776
CBC_1027,CBC_1027_MSI_TV_v3_Vset2_Tset2_2023-07-21_16h36.05.936.csv,2,9,0,1,z,0,1,2,tac,B,63,1,0,1,0,1,z,2.29913029999989,0,1,1,1,1,0,B01,3.17805383034795,0.5,0.5,0.5,0.5,0.5,0.5,0.5,0.5,0.5,0.5,0.5,0,0.5,0,1,29.8053287640776
CBC_1027,CBC_1027_MSI_TV_v3_Vset2_Tset2_2023-07-21_16h36.05.936.csv,2,10,3,1,b,1,0,3,tac,D,27,1,3,1,1,0,b,1.49538550000034,1,0,1,1,3,1,D31,3.2188758248682,0.5,0.5,0.5,0.5,0.5,0.5,0.5,0.5,0.5,0.5,0.5,0,0.5,0,1,29.8053287640776
CBC_1027,CBC_1027_MSI_TV_v3_Vset2_Tset2_2023-07-21_16h36.05.936.csv,2,11,2,3,b,1,0,1,tac,C,63,1,2,3,1,0,b,2.58627850000084,1,0,1,1,2,3,C23,2.56494935746154,0.5,0.5,0.5,0.5,0.5,0.5,0.5,0.5,0.5,0.5,0.5,0,0.5,0,1,29.8053287640776
CBC_1027,CBC_1027_MSI_TV_v3_Vset2_Tset2_2023-07-21_16h36.05.936.csv,2,12,0,1,z,0,1,2,tac,B,63,1,0,1,0,1,z,2.11837000000014,0,1,1,1,1,0,B01,2.60268968544438,0.5,0.5,0.5,0.5,0.5,0.5,0.5,0.5,0.5,0.5,0.5,0,0.5,0,1,29.8053287640776
CBC_1027,CBC_1027_MSI_TV_v3_Vset2_Tset2_2023-07-21_16h36.05.936.csv,2,13,1,0,z,0,1,0,tac,A,63,1,1,0,0,1,z,2.29766480000035,0,1,1,1,0,1,A10,2.63905732961526,0.5,0.5,0.5,0.5,0.5,0.5,0.5,0.5,0.5,0.5,0.5,0,0.5,0,1,29.8053287640776
CBC_1027,CBC_1027_MSI_TV_v3_Vset2_Tset2_2023-07-21_16h36.05.936.csv,2,14,2,1,b,1,0,1,tac,C,9,1,2,1,1,0,z,2.91122300000097,0,1,0,0,1,2,C21,3.36729582998647,0.5,0.5,0.5,0.5,0.5,0.5,0.5,0.5,0.5,0.5,-0.5,-0,0.5,0,1,29.8053287640776
CBC_1027,CBC_1027_MSI_TV_v3_Vset2_Tset2_2023-07-21_16h36.05.936.csv,2,15,0,1,b,1,0,0,tac,A,63,1,0,1,1,0,b,2.34309489999941,1,0,1,1,0,1,A01,3.40119738166216,0.5,0.5,0.5,0.5,0.5,0.5,0.5,0.5,0.5,0.5,0.5,0,0.5,0,1,29.8053287640776
CBC_1027,CBC_1027_MSI_TV_v3_Vset2_Tset2_2023-07-21_16h36.05.936.csv,2,16,1,3,z,0,1,3,tac,D,27,1,1,3,0,1,z,1.78185109999868,0,1,1,1,3,1,D13,3.43398720448515,0.5,0.5,0.5,0.5,0.5,0.5,0.5,0.5,0.5,0.5,0.5,0,0.5,0,1,29.8053287640776
CBC_1027,CBC_1027_MSI_TV_v3_Vset2_Tset2_2023-07-21_16h36.05.936.csv,2,17,1,0,b,1,0,2,tac,B,63,1,1,0,1,0,b,2.78130149999924,1,0,1,1,1,0,B10,2.77258872223978,0.5,0.5,0.5,0.5,0.5,0.5,0.5,0.5,0.5,0.5,0.5,0,0.5,0,1,29.8053287640776
CBC_1027,CBC_1027_MSI_TV_v3_Vset2_Tset2_2023-07-21_16h36.05.936.csv,2,18,3,2,z,0,1,1,tac,C,63,0,3,2,1,0,z,1.44309129999965,0,1,1,0,2,3,C32,3.49650756146648,0.5,0.5,0.5,0.5,0.5,0.5,0.5,0.5,0.5,0.5,-0.5,-0,0.5,0,1,29.8053287640776
CBC_1027,CBC_1027_MSI_TV_v3_Vset2_Tset2_2023-07-21_16h36.05.936.csv,2,19,0,2,b,1,0,0,tac,A,27,1,0,2,1,0,z,3.38169779999953,0,1,0,0,2,0,A02,3.52636052461616,0.5,0.5,0.5,0.5,0.5,0.5,0.5,0.5,0.5,0.5,-0.5,-0,0.5,0,1,29.8053287640776
CBC_1027,CBC_1027_MSI_TV_v3_Vset2_Tset2_2023-07-21_16h36.05.936.csv,2,20,2,3,z,0,1,3,tac,D,63,1,2,3,0,1,z,0.943765699999858,0,1,1,1,3,2,D23,2.4567357728213,0.5,0.5,0.5,0.5,0.5,0.5,0.5,0.5,0.5,0.5,0.5,0,0.5,0,1,29.8053287640776
CBC_1027,CBC_1027_MSI_TV_v3_Vset2_Tset2_2023-07-21_16h36.05.936.csv,2,21,1,3,b,1,0,2,tac,B,27,1,1,3,1,0,b,2.10556170000018,1,0,1,1,1,3,B13,3.58351893845611,0.5,0.5,0.5,0.5,0.5,0.5,0.5,0.5,0.5,0.5,0.5,0,0.5,0,1,29.8053287640776
CBC_1027,CBC_1027_MSI_TV_v3_Vset2_Tset2_2023-07-21_16h36.05.936.csv,2,22,2,3,b,1,0,1,tac,C,63,1,2,3,1,0,b,1.81747330000144,1,0,1,1,2,3,C23,2.51230562397611,0.5,0.5,0.5,0.5,0.5,0.5,0.5,0.5,0.5,0.5,0.5,0,0.5,0,1,29.8053287640776
CBC_1027,CBC_1027_MSI_TV_v3_Vset2_Tset2_2023-07-21_16h36.05.936.csv,2,23,1,0,z,0,1,0,tac,A,63,1,1,0,0,1,z,2.29386429999977,0,1,1,1,0,1,A10,2.53897387105828,0.5,0.5,0.5,0.5,0.5,0.5,0.5,0.5,0.5,0.5,0.5,0,0.5,0,1,29.8053287640776
CBC_1027,CBC_1027_MSI_TV_v3_Vset2_Tset2_2023-07-21_16h36.05.936.csv,2,24,1,2,b,1,0,2,tac,B,9,1,1,2,1,0,b,1.92397549999987,1,0,1,1,1,2,B12,3.66356164612965,0.5,0.5,0.5,0.5,0.5,0.5,0.5,0.5,0.5,0.5,0.5,0,0.5,0,1,29.8053287640776
CBC_1027,CBC_1027_MSI_TV_v3_Vset2_Tset2_2023-07-21_16h36.05.936.csv,2,25,3,2,z,0,1,1,tac,C,63,1,3,2,0,1,z,2.35015120000025,0,1,1,1,2,3,C32,2.99573227355399,0.5,0.5,0.5,0.5,0.5,0.5,0.5,0.5,0.5,0.5,0.5,0,0.5,0,1,29.8053287640776
CBC_1027,CBC_1027_MSI_TV_v3_Vset2_Tset2_2023-07-21_16h36.05.936.csv,2,26,3,2,b,1,0,3,tac,D,63,1,3,2,1,0,b,0.93083359999946,1,0,1,1,3,2,D32,3.71357206670431,0.5,0.5,0.5,0.5,0.5,0.5,0.5,0.5,0.5,0.5,0.5,0,0.5,0,1,29.8053287640776
CBC_1027,CBC_1027_MSI_TV_v3_Vset2_Tset2_2023-07-21_16h36.05.936.csv,2,27,1,0,b,1,0,2,tac,B,63,1,1,0,1,0,z,1.71299759999965,0,1,0,0,0,1,B10,2.63905732961526,0.5,0.5,0.5,0.5,0.5,0.5,0.5,0.5,0.5,0.5,-0.5,-0,0.5,0,1,29.8053287640776
CBC_1027,CBC_1027_MSI_TV_v3_Vset2_Tset2_2023-07-21_16h36.05.936.csv,2,28,2,0,z,0,1,0,tac,A,27,1,2,0,0,1,z,2.80807629999981,0,1,1,1,0,2,A20,3.76120011569356,0.5,0.5,0.5,0.5,0.5,0.5,0.5,0.5,0.5,0.5,0.5,0,0.5,0,1,29.8053287640776
CBC_1027,CBC_1027_MSI_TV_v3_Vset2_Tset2_2023-07-21_16h36.05.936.csv,2,29,3,1,b,1,0,3,tac,D,27,1,3,1,1,0,b,1.05690529999993,1,0,1,1,3,1,D31,3.09104245335832,0.5,0.5,0.5,0.5,0.5,0.5,0.5,0.5,0.5,0.5,0.5,0,0.5,0,1,29.8053287640776
CBC_1027,CBC_1027_MSI_TV_v3_Vset2_Tset2_2023-07-21_16h36.05.936.csv,2,30,0,1,b,1,0,0,tac,A,63,1,0,1,1,0,b,1.91738470000018,1,0,1,1,0,1,A01,3.11351530921037,0.5,0.5,0.5,0.5,0.5,0.5,0.5,0.5,0.5,0.5,0.5,0,0.5,0,1,29.8053287640776
CBC_1027,CBC_1027_MSI_TV_v3_Vset2_Tset2_2023-07-21_16h36.05.936.csv,2,31,0,2,z,0,1,1,tac,C,27,1,0,2,0,1,z,3.1428274000009,0,1,1,1,2,0,C02,3.8286413964891,0.5,0.5,0.5,0.5,0.5,0.5,0.5,0.5,0.5,0.5,0.5,0,0.5,0,1,29.8053287640776
CBC_1027,CBC_1027_MSI_TV_v3_Vset2_Tset2_2023-07-21_16h36.05.936.csv,2,32,3,2,b,1,0,3,tac,D,63,1,3,2,1,0,b,1.15712560000065,1,0,1,1,3,2,D32,3.15700042115011,0.5,0.5,0.5,0.5,0.5,0.5,0.5,0.5,0.5,0.5,0.5,0,0.5,0,1,29.8053287640776
CBC_1027,CBC_1027_MSI_TV_v3_Vset2_Tset2_2023-07-21_16h36.05.936.csv,2,33,0,1,z,0,1,2,tac,B,63,1,0,1,0,1,z,2.25980659999914,0,1,1,1,1,0,B01,2.77258872223978,0.5,0.5,0.5,0.5,0.5,0.5,0.5,0.5,0.5,0.5,0.5,0,0.5,0,1,29.8053287640776
CBC_1027,CBC_1027_MSI_TV_v3_Vset2_Tset2_2023-07-21_16h36.05.936.csv,2,34,1,0,z,0,1,0,tac,A,63,1,1,0,0,1,z,4.4611189999996,0,1,1,1,0,1,A10,2.50552593699074,0.5,0.5,0.5,0.5,0.5,0.5,0.5,0.5,0.5,0.5,0.5,0,0.5,0,1,29.8053287640776
CBC_1027,CBC_1027_MSI_TV_v3_Vset2_Tset2_2023-07-21_16h36.05.936.csv,2,35,3,2,b,1,0,3,tac,D,63,0,3,2,0,1,b,0.853427599999122,1,0,1,0,3,2,D32,2.81341071676004,0.5,0.5,0.5,0.5,0.5,0.5,0.5,0.5,0.5,0.5,-0.5,-0,0.5,0,1,29.8053287640776
CBC_1027,CBC_1027_MSI_TV_v3_Vset2_Tset2_2023-07-21_16h36.05.936.csv,2,36,0,2,z,0,1,1,tac,C,27,1,0,2,0,1,z,1.53691359999902,0,1,1,1,2,0,C02,3.23867845216438,0.5,0.5,0.5,0.5,0.5,0.5,0.5,0.5,0.5,0.5,0.5,0,0.5,0,1,29.8053287640776
CBC_1027,CBC_1027_MSI_TV_v3_Vset2_Tset2_2023-07-21_16h36.05.936.csv,2,37,1,0,z,0,1,0,tac,A,63,1,1,0,0,1,z,0.882762200000798,0,1,1,1,0,1,A10,2.34180580614733,0.5,0.5,0.5,0.5,0.5,0.5,0.5,0.5,0.5,0.5,0.5,0,0.5,0,1,29.8053287640776
CBC_1027,CBC_1027_MSI_TV_v3_Vset2_Tset2_2023-07-21_16h36.05.936.csv,2,38,3,1,z,0,1,2,tac,B,27,1,3,1,0,1,b,3.2334721999996,1,0,0,0,3,1,B31,3.27714473299218,0.5,0.5,0.5,0.5,0.5,0.5,0.5,0.5,0.5,0.5,-0.5,-0,0.5,0,1,29.8053287640776
CBC_1027,CBC_1027_MSI_TV_v3_Vset2_Tset2_2023-07-21_16h36.05.936.csv,2,39,2,3,b,1,0,1,tac,C,63,1,2,3,1,0,b,1.67772469999909,1,0,1,1,2,3,C23,2.60268968544438,0.5,0.5,0.5,0.5,0.5,0.5,0.5,0.5,0.5,0.5,0.5,0,0.5,0,1,29.8053287640776
CBC_1027,CBC_1027_MSI_TV_v3_Vset2_Tset2_2023-07-21_16h36.05.936.csv,2,40,2,3,z,0,1,3,tac,D,63,1,2,3,0,1,z,1.51670359999844,0,1,1,1,3,2,D23,2.62103882411258,0.5,0.5,0.5,0.5,0.5,0.5,0.5,0.5,0.5,0.5,0.5,0,0.5,0,1,29.8053287640776
CBC_1027,CBC_1027_MSI_TV_v3_Vset2_Tset2_2023-07-21_16h36.05.936.csv,2,41,1,0,b,1,0,2,tac,B,63,1,1,0,1,0,b,2.12572010000076,1,0,1,1,1,0,B10,2.63905732961526,0.5,0.5,0.5,0.5,0.5,0.5,0.5,0.5,0.5,0.5,0.5,0,0.5,0,1,29.8053287640776
CBC_1027,CBC_1027_MSI_TV_v3_Vset2_Tset2_2023-07-21_16h36.05.936.csv,2,42,0,2,b,1,0,0,tac,A,27,1,0,2,1,0,z,1.13420629999928,0,1,0,0,2,0,A02,3.3499040872746,0.5,0.5,0.5,0.5,0.5,0.5,0.5,0.5,0.5,0.5,-0.5,-0,0.5,0,1,29.8053287640776
CBC_1027,CBC_1027_MSI_TV_v3_Vset2_Tset2_2023-07-21_16h36.05.936.csv,2,43,0,3,z,0,1,3,tac,D,9,1,0,3,0,1,z,1.04342309999993,0,1,1,1,3,0,D03,4.06044301054642,0.5,0.5,0.5,0.5,0.5,0.5,0.5,0.5,0.5,0.5,0.5,0,0.5,0,1,29.8053287640776
CBC_1027,CBC_1027_MSI_TV_v3_Vset2_Tset2_2023-07-21_16h36.05.936.csv,2,44,2,3,b,1,0,1,tac,C,63,1,2,3,1,0,b,1.08015499999965,1,0,1,1,2,3,C23,2.46809953147162,0.5,0.5,0.5,0.5,0.5,0.5,0.5,0.5,0.5,0.5,0.5,0,0.5,0,1,29.8053287640776
CBC_1027,CBC_1027_MSI_AV_v3_Vset6_Aset2_2023-07-21_17h56.54.977.csv,3,1,1,0,b,1,0,2,aud,B,63,1,1,0,1,0,z,1.22603029999664,0,1,0,0,0,1,B10,2.77258872223978,0.5,0.5,0.5,0.5,0.5,0.5,0.5,0.5,0.5,0.5,-0.5,-0.00482608111908427,0.5,0.00965216223816854,10.1073075571275,30.4499323443903
CBC_1027,CBC_1027_MSI_AV_v3_Vset6_Aset2_2023-07-21_17h56.54.977.csv,3,2,1,0,z,0,1,0,aud,A,63,1,1,0,0,1,z,1.23057979999794,0,1,1,1,0,1,A10,2.83321334405622,0.495173918880916,0.5,0.5,0.5,0.495173918880916,0.5,0.497575257436152,0.502424742563848,0.487748643299051,0.487748643299051,0.502424742563848,0.00484948512769632,0.5,0.00965216223816854,10.1073075571275,30.4499323443903
CBC_1027,CBC_1027_MSI_AV_v3_Vset6_Aset2_2023-07-21_17h56.54.977.csv,3,3,3,2,b,1,0,3,aud,D,63,1,3,2,1,0,z,2.45798830000058,0,1,0,0,2,3,D32,2.89037175789616,0.502424742563848,0.5,0.5,0.5,0.5,0.5,0.5,0.5,0.5,0.5,-0.5,-0.00482608111908427,0.5,0.00965216223816854,10.1073075571275,30.4499323443903
CBC_1027,CBC_1027_MSI_AV_v3_Vset6_Aset2_2023-07-21_17h56.54.977.csv,3,4,1,2,b,1,0,2,aud,B,9,1,1,2,1,0,b,1.80080199999793,1,0,1,1,1,2,B12,2.94443897916644,0.502424742563848,0.5,0.495173918880916,0.5,0.5,0.495173918880916,0.502424742563848,0.497575257436152,0.512251356700949,0.512251356700949,0.497575257436152,0.00480267711047221,0.5,0.00965216223816854,10.1073075571275,30.4499323443903
CBC_1027,CBC_1027_MSI_AV_v3_Vset6_Aset2_2023-07-21_17h56.54.977.csv,3,5,2,0,z,0,1,0,aud,A,27,1,2,0,0,1,z,2.45484959999521,0,1,1,1,0,2,A20,2.99573227355399,0.502424742563848,0.50722741967432,0.495173918880916,0.5,0.502424742563848,0.495173918880916,0.503634138638694,0.496365861361306,0.518357423305973,0.518357423305973,0.496365861361306,0.00479100382334759,0.5,0.00965216223816854,10.1073075571275,30.4499323443903
CBC_1027,CBC_1027_MSI_AV_v3_Vset6_Aset2_2023-07-21_17h56.54.977.csv,3,6,3,2,z,0,1,1,aud,C,63,1,3,2,0,1,b,2.2766644000003,1,0,0,0,3,2,C32,3.04452243772342,0.508425142462042,0.50722741967432,0.495173918880916,0.5,0.5,0.495173918880916,0.502424742563848,0.497575257436152,0.512251356700949,0.512251356700949,-0.502424742563848,-0.00484948512769632,0.5,0.00965216223816854,10.1073075571275,30.4499323443903
CBC_1027,CBC_1027_MSI_AV_v3_Vset6_Aset2_2023-07-21_17h56.54.977.csv,3,7,3,1,b,1,0,3,aud,D,27,1,3,1,1,0,b,2.53893879999669,1,0,1,1,3,1,D31,3.09104245335832,0.508425142462042,0.50722741967432,0.495173918880916,0.497575257436152,0.497575257436152,0.50722741967432,0.495196986205329,0.504803013794671,0.47574628085983,0.47574628085983,0.504803013794671,0.0048724405874626,0.5,0.00965216223816854,10.1073075571275,30.4499323443903
CBC_1027,CBC_1027_MSI_AV_v3_Vset6_Aset2_2023-07-21_17h56.54.977.csv,3,8,0,1,b,1,0,0,aud,A,63,1,0,1,1,0,z,1.69109689999823,0,1,0,0,1,0,A01,3.13549421592915,0.508425142462042,0.50722741967432,0.495173918880916,0.500069426792791,0.50722741967432,0.508425142462042,0.49941036785985,0.50058963214015,0.497020238584037,0.497020238584037,-0.49941036785985,-0.00482038989400671,0.5,0.00965216223816854,10.1073075571275,30.4499323443903
CBC_1027,CBC_1027_MSI_AV_v3_Vset6_Aset2_2023-07-21_17h56.54.977.csv,3,9,0,2,z,0,1,1,aud,C,27,1,0,2,0,1,z,3.74649379999755,0,1,1,1,2,0,C02,3.17805383034795,0.508425142462042,0.494589977965844,0.495173918880916,0.500069426792791,0.495173918880916,0.508425142462042,0.493398148677324,0.506601851322676,0.466685957869056,0.466685957869056,0.506601851322676,0.004889803259123,0.5,0.00965216223816854,10.1073075571275,30.4499323443903
CBC_1027,CBC_1027_MSI_AV_v3_Vset6_Aset2_2023-07-21_17h56.54.977.csv,3,10,3,2,b,1,0,3,aud,D,63,1,3,2,1,0,z,1.91761699999552,0,1,0,0,2,3,D32,2.52572864430826,0.508425142462042,0.494589977965844,0.498287951936447,0.500069426792791,0.498287951936447,0.500069426792791,0.499107797020236,0.500892202979764,0.495491237257196,0.495491237257196,-0.499107797020236,-0.00481746943117421,0.5,0.00965216223816854,10.1073075571275,30.4499323443903
CBC_1027,CBC_1027_MSI_AV_v3_Vset6_Aset2_2023-07-21_17h56.54.977.csv,3,11,0,1,z,0,1,2,aud,B,63,1,0,1,0,1,z,2.100308699999,0,1,1,1,1,0,B01,3.25809653802148,0.508425142462042,0.494589977965844,0.494290327589061,0.500069426792791,0.494589977965844,0.508425142462042,0.493103212397089,0.506896787602911,0.465202367890928,0.465202367890928,0.506896787602911,0.00489265003194975,0.5,0.00965216223816854,10.1073075571275,30.4499323443903
CBC_1027,CBC_1027_MSI_AV_v3_Vset6_Aset2_2023-07-21_17h56.54.977.csv,3,12,1,0,z,0,1,0,aud,A,63,1,1,0,0,1,z,2.31831210000018,0,1,1,1,0,1,A10,2.60268968544438,0.508425142462042,0.497995862429039,0.494290327589061,0.500069426792791,0.508425142462042,0.497995862429039,0.505181370411745,0.494818629588255,0.526160940322178,0.526160940322178,0.494818629588255,0.00477606969125406,0.5,0.00965216223816854,10.1073075571275,30.4499323443903
CBC_1027,CBC_1027_MSI_AV_v3_Vset6_Aset2_2023-07-21_17h56.54.977.csv,3,13,3,2,b,1,0,3,aud,D,63,1,3,2,1,0,z,1.13531420000072,0,1,0,0,2,3,D32,2.23359222150709,0.509957440102999,0.497995862429039,0.494290327589061,0.500069426792791,0.494290327589061,0.500069426792791,0.49709406018382,0.50290593981618,0.485318607752244,0.485318607752244,-0.49709406018382,-0.00479803251652415,0.5,0.00965216223816854,10.1073075571275,30.4499323443903
CBC_1027,CBC_1027_MSI_AV_v3_Vset6_Aset2_2023-07-21_17h56.54.977.csv,3,14,0,2,z,0,1,1,aud,C,27,1,0,2,0,1,b,1.79521269999896,1,0,0,0,0,2,C02,2.67414864942653,0.509957440102999,0.497995862429039,0.492296027667296,0.500069426792791,0.509957440102999,0.492296027667296,0.508810851248534,0.491189148751466,0.544409655146417,0.544409655146417,-0.508810851248534,-0.00491112488479149,0.5,0.00965216223816854,10.1073075571275,30.4499323443903
CBC_1027,CBC_1027_MSI_AV_v3_Vset6_Aset2_2023-07-21_17h56.54.977.csv,3,15,1,0,z,0,1,0,aud,A,63,1,1,0,0,1,z,1.59153329999754,0,1,1,1,0,1,A10,2.30258509299405,0.503899726363743,0.497995862429039,0.492296027667296,0.500069426792791,0.503899726363743,0.497995862429039,0.502946346905179,0.497053653094821,0.51488541716904,0.51488541716904,0.497053653094821,0.00479764250074556,0.5,0.00965216223816854,10.1073075571275,30.4499323443903
CBC_1027,CBC_1027_MSI_AV_v3_Vset6_Aset2_2023-07-21_17h56.54.977.csv,3,16,3,1,z,0,1,2,aud,B,27,1,3,1,0,1,z,2.32547079999858,0,1,1,1,1,3,B31,3.43398720448515,0.507743989405924,0.497995862429039,0.492296027667296,0.500069426792791,0.497995862429039,0.500069426792791,0.498961208056154,0.501038791943846,0.494750498063192,0.494750498063192,0.501038791943846,0.00483610770745797,0.5,0.00965216223816854,10.1073075571275,30.4499323443903
CBC_1027,CBC_1027_MSI_AV_v3_Vset6_Aset2_2023-07-21_17h56.54.977.csv,3,17,2,3,b,1,0,1,aud,C,63,1,2,3,1,0,b,1.5624071999955,1,0,1,1,2,3,C23,3.46573590279973,0.507743989405924,0.503797315763612,0.492296027667296,0.500069426792791,0.492296027667296,0.500069426792791,0.496083398968314,0.503916601031686,0.48021718703127,0.48021718703127,0.503916601031686,0.00486388478766428,0.5,0.00965216223816854,10.1073075571275,30.4499323443903
CBC_1027,CBC_1027_MSI_AV_v3_Vset6_Aset2_2023-07-21_17h56.54.977.csv,3,18,3,2,b,1,0,3,aud,D,63,0,3,2,0,1,b,1.34913479999886,1,0,1,0,3,2,D32,2.11021320034659,0.507743989405924,0.503797315763612,0.500947283755979,0.500069426792791,0.500069426792791,0.500947283755979,0.499561517328364,0.500438482671636,0.497784074897703,0.497784074897703,-0.499561517328364,-0.00482184881319901,0.5,0.00965216223816854,10.1073075571275,30.4499323443903
CBC_1027,CBC_1027_MSI_AV_v3_Vset6_Aset2_2023-07-21_17h56.54.977.csv,3,19,0,1,z,0,1,2,aud,B,63,1,0,1,0,1,z,3.097663499997,0,1,1,1,1,0,B01,2.83321334405622,0.507743989405924,0.503797315763612,0.500947283755979,0.494739668515165,0.503797315763612,0.507743989405924,0.498049178208471,0.501950821791529,0.490142499521771,0.490142499521771,0.501950821791529,0.00484491076751386,0.5,0.00965216223816854,10.1073075571275,30.4499323443903
CBC_1027,CBC_1027_MSI_AV_v3_Vset6_Aset2_2023-07-21_17h56.54.977.csv,3,20,0,2,b,1,0,0,aud,A,27,1,0,2,1,0,b,1.48560359999829,1,0,1,1,0,2,A02,3.55534806148941,0.507743989405924,0.502894088975985,0.500947283755979,0.494739668515165,0.507743989405924,0.500947283755979,0.503369071305951,0.496630928694049,0.517019542078778,0.517019542078778,0.496630928694049,0.00479356229624727,0.5,0.00965216223816854,10.1073075571275,30.4499323443903
CBC_1027,CBC_1027_MSI_AV_v3_Vset6_Aset2_2023-07-21_17h56.54.977.csv,3,21,3,0,b,1,0,3,aud,D,9,1,3,0,1,0,b,1.47691279999708,1,0,1,1,3,0,D30,3.58351893845611,0.508162633602198,0.502894088975985,0.500947283755979,0.494739668515165,0.494739668515165,0.508162633602198,0.493307939836864,0.506692060163136,0.466232125125103,0.466232125125103,0.506692060163136,0.00489067396948644,0.5,0.00965216223816854,10.1073075571275,30.4499323443903
CBC_1027,CBC_1027_MSI_AV_v3_Vset6_Aset2_2023-07-21_17h56.54.977.csv,3,22,3,2,z,0,1,1,aud,C,63,1,3,2,0,1,z,1.3074069999966,0,1,1,1,2,3,C32,2.91777073208428,0.508162633602198,0.502894088975985,0.500947283755979,0.498198613806351,0.500947283755979,0.498198613806351,0.501375509801088,0.498624490198912,0.506950902474235,0.506950902474235,0.498624490198912,0.00481280447532398,0.5,0.00965216223816854,10.1073075571275,30.4499323443903
CBC_1027,CBC_1027_MSI_AV_v3_Vset6_Aset2_2023-07-21_17h56.54.977.csv,3,23,1,3,b,1,0,2,aud,B,27,1,1,3,1,0,z,2.2560341999997,0,1,0,0,3,1,B13,3.63758615972639,0.508162633602198,0.502894088975985,0.506188314276412,0.498198613806351,0.498198613806351,0.502894088975985,0.497654824994436,0.502345175005563,0.488150516604943,0.488150516604943,-0.497654824994436,-0.00480344510945367,0.5,0.00965216223816854,10.1073075571275,30.4499323443903
CBC_1027,CBC_1027_MSI_AV_v3_Vset6_Aset2_2023-07-21_17h56.54.977.csv,3,24,2,3,b,1,0,1,aud,C,63,1,2,3,1,0,b,0.882735799998045,1,0,1,1,2,3,C23,2.9704144655697,0.508162633602198,0.502894088975985,0.506188314276412,0.492851379884983,0.506188314276412,0.492851379884983,0.506674877119184,0.493325122880816,0.533681432777869,0.533681432777869,0.493325122880816,0.00476165412221006,0.5,0.00965216223816854,10.1073075571275,30.4499323443903
CBC_1027,CBC_1027_MSI_AV_v3_Vset6_Aset2_2023-07-21_17h56.54.977.csv,3,25,3,2,b,1,0,3,aud,D,63,1,3,2,1,0,z,2.3183317999974,0,1,0,0,2,3,D32,2.07944154167984,0.508162633602198,0.502894088975985,0.511436531241394,0.492851379884983,0.511436531241394,0.492851379884983,0.509252900065066,0.490747099934934,0.546625099471437,0.546625099471437,-0.509252900065066,-0.00491539161168584,0.5,0.00965216223816854,10.1073075571275,30.4499323443903
CBC_1027,CBC_1027_MSI_AV_v3_Vset6_Aset2_2023-07-21_17h56.54.977.csv,3,26,0,1,z,0,1,2,aud,B,63,1,0,1,0,1,z,1.10529399999723,0,1,1,1,1,0,B01,2.6149597780362,0.508162633602198,0.502894088975985,0.50433750845338,0.492851379884983,0.502894088975985,0.508162633602198,0.497394535584127,0.502605464415873,0.486835927827303,0.486835927827303,0.502605464415873,0.00485122948433205,0.5,0.00965216223816854,10.1073075571275,30.4499323443903
CBC_1027,CBC_1027_MSI_AV_v3_Vset6_Aset2_2023-07-21_17h56.54.977.csv,3,27,3,0,z,0,1,0,aud,A,9,1,3,0,0,1,z,1.43489769999724,0,1,1,1,0,3,A30,3.73766961828337,0.508162633602198,0.502245765068459,0.50433750845338,0.492851379884983,0.508162633602198,0.492851379884983,0.507647871813441,0.492352128186559,0.538572899993831,0.538572899993831,0.492352128186559,0.00475226261956422,0.5,0.00965216223816854,10.1073075571275,30.4499323443903
CBC_1027,CBC_1027_MSI_AV_v3_Vset6_Aset2_2023-07-21_17h56.54.977.csv,3,28,3,2,b,1,0,3,aud,D,63,1,3,2,1,0,z,2.76712479999696,0,1,0,0,2,3,D32,1.96944064646551,0.512400134433005,0.502245765068459,0.50433750845338,0.492851379884983,0.50433750845338,0.492851379884983,0.505759254190817,0.494240745809183,0.529072447094548,0.529072447094548,-0.505759254190817,-0.00488167037490488,0.5,0.00965216223816854,10.1073075571275,30.4499323443903
CBC_1027,CBC_1027_MSI_AV_v3_Vset6_Aset2_2023-07-21_17h56.54.977.csv,3,29,0,2,z,0,1,1,aud,C,27,1,0,2,0,1,z,0.927258699997765,0,1,1,1,2,0,C02,2.68557734525015,0.512400134433005,0.502245765068459,0.500877583815912,0.492851379884983,0.500877583815912,0.512400134433005,0.494314218891043,0.505685781108957,0.471297621007338,0.471297621007338,0.505685781108957,0.00488096120079863,0.5,0.00965216223816854,10.1073075571275,30.4499323443903
CBC_1027,CBC_1027_MSI_AV_v3_Vset6_Aset2_2023-07-21_17h56.54.977.csv,3,30,0,1,b,1,0,0,aud,A,63,1,0,1,1,0,b,1.08457400000043,1,0,1,1,0,1,A01,3.11351530921037,0.512400134433005,0.502245765068459,0.499195180091842,0.492851379884983,0.512400134433005,0.502245765068459,0.505003898093677,0.494996101906323,0.525266428967976,0.525266428967976,0.494996101906323,0.00477778268286083,0.5,0.00965216223816854,10.1073075571275,30.4499323443903
CBC_1027,CBC_1027_MSI_AV_v3_Vset6_Aset2_2023-07-21_17h56.54.977.csv,3,31,0,1,z,0,1,2,aud,B,63,1,0,1,0,1,z,1.29845579999892,0,1,1,1,1,0,B01,2.4423470353692,0.509781680776538,0.502245765068459,0.499195180091842,0.492851379884983,0.502245765068459,0.509781680776538,0.496276822462168,0.503723177537832,0.481193226446311,0.481193226446311,0.503723177537832,0.00486201783272093,0.5,0.00965216223816854,10.1073075571275,30.4499323443903
CBC_1027,CBC_1027_MSI_AV_v3_Vset6_Aset2_2023-07-21_17h56.54.977.csv,3,32,1,3,z,0,1,3,aud,D,27,1,1,3,0,1,z,2.30686659999992,0,1,1,1,3,1,D13,3.85014760171006,0.509781680776538,0.501138840294889,0.499195180091842,0.492851379884983,0.492851379884983,0.501138840294889,0.495831216323031,0.504168783676969,0.478944869383179,0.478944869383179,0.504168783676969,0.00486631889547021,0.5,0.00965216223816854,10.1073075571275,30.4499323443903
CBC_1027,CBC_1027_MSI_AV_v3_Vset6_Aset2_2023-07-21_17h56.54.977.csv,3,33,2,3,b,1,0,1,aud,C,63,1,2,3,1,0,b,0.834572099996876,1,0,1,1,2,3,C23,2.77258872223978,0.509781680776538,0.501138840294889,0.499195180091842,0.500697535218501,0.499195180091842,0.500697535218501,0.499248741838172,0.500751258161828,0.496203474316497,0.496203474316497,0.500751258161828,0.00483333238474498,0.5,0.00965216223816854,10.1073075571275,30.4499323443903
CBC_1027,CBC_1027_MSI_AV_v3_Vset6_Aset2_2023-07-21_17h56.54.977.csv,3,34,0,1,z,0,1,2,aud,B,63,1,0,1,0,1,z,0.810980099999142,0,1,1,1,1,0,B01,2.28238238567653,0.509781680776538,0.501138840294889,0.504082074222917,0.500697535218501,0.501138840294889,0.509781680776538,0.495725262124223,0.504274737875777,0.47841038736351,0.47841038736351,0.504274737875777,0.00486734158258692,0.5,0.00965216223816854,10.1073075571275,30.4499323443903
CBC_1027,CBC_1027_MSI_AV_v3_Vset6_Aset2_2023-07-21_17h56.54.977.csv,3,35,1,0,z,0,1,0,aud,A,63,1,1,0,0,1,z,1.64961329999642,0,1,1,1,0,1,A10,2.52572864430826,0.509781680776538,0.50059260370681,0.504082074222917,0.500697535218501,0.509781680776538,0.50059260370681,0.504547362898506,0.495452637101494,0.522964629287995,0.522964629287995,0.495452637101494,0.00478218923463206,0.5,0.00965216223816854,10.1073075571275,30.4499323443903
CBC_1027,CBC_1027_MSI_AV_v3_Vset6_Aset2_2023-07-21_17h56.54.977.csv,3,36,2,1,b,1,0,1,aud,C,9,1,2,1,1,0,b,1.01661779999995,1,0,1,1,2,1,C21,3.93182563272433,0.509329552133138,0.50059260370681,0.504082074222917,0.500697535218501,0.504082074222917,0.50059260370681,0.501736617132273,0.498263382867727,0.508775360547503,0.508775360547503,0.498263382867727,0.00480931900877799,0.5,0.00965216223816854,10.1073075571275,30.4499323443903
CBC_1027,CBC_1027_MSI_AV_v3_Vset6_Aset2_2023-07-21_17h56.54.977.csv,3,37,0,1,b,1,0,0,aud,A,63,1,0,1,1,0,b,1.47027249999519,1,0,1,1,0,1,A01,2.85263142991332,0.509329552133138,0.50059260370681,0.506545936141051,0.500697535218501,0.509329552133138,0.50059260370681,0.504325555378603,0.495674444621396,0.521845942178403,0.521845942178403,0.495674444621397,0.00478433015679981,0.5,0.00965216223816854,10.1073075571275,30.4499323443903
CBC_1027,CBC_1027_MSI_AV_v3_Vset6_Aset2_2023-07-21_17h56.54.977.csv,3,38,1,3,z,0,1,3,aud,D,27,1,1,3,0,1,z,2.32207479999852,0,1,1,1,3,1,D13,3.27714473299218,0.509109885535403,0.50059260370681,0.506545936141051,0.500697535218501,0.500697535218501,0.50059260370681,0.500052398154946,0.499947601845054,0.500264802108977,0.500264802108977,0.499947601845054,0.00482557536359175,0.5,0.00965216223816854,10.1073075571275,30.4499323443903
CBC_1027,CBC_1027_MSI_AV_v3_Vset6_Aset2_2023-07-21_17h56.54.977.csv,3,39,1,0,b,1,0,2,aud,B,63,1,1,0,1,0,b,1.35388719999537,1,0,1,1,1,0,B10,3.29583686600433,0.509109885535403,0.50059260370681,0.506545936141051,0.504877973518538,0.50059260370681,0.509109885535403,0.495782281454517,0.504217718545483,0.478698013192075,0.478698013192075,0.504217718545483,0.0048667912227602,0.5,0.00965216223816854,10.1073075571275,30.4499323443903
CBC_1027,CBC_1027_MSI_AV_v3_Vset6_Aset2_2023-07-21_17h56.54.977.csv,3,40,3,2,z,0,1,1,aud,C,63,0,3,2,1,0,z,1.6215284999962,0,1,1,0,2,3,C32,2.90872089656436,0.509109885535403,0.500649072677278,0.506545936141051,0.504877973518538,0.506545936141051,0.504877973518538,0.500824561594097,0.499175438405903,0.504166952341188,0.504166952341188,-0.500824561594097,-0.00483403992136585,0.5,0.00965216223816854,10.1073075571275,30.4499323443903
CBC_1027,CBC_1027_MSI_AV_v3_Vset6_Aset2_2023-07-21_17h56.54.977.csv,3,41,0,2,b,1,0,0,aud,A,27,1,0,2,1,0,b,1.19325729999764,1,0,1,1,0,2,A02,3.3322045101752,0.509109885535403,0.500649072677278,0.495990521672731,0.504877973518538,0.509109885535403,0.495990521672731,0.506526394660964,0.493473605339036,0.532934383915782,0.532934383915782,0.493473605339036,0.00476308729898632,0.5,0.00965216223816854,10.1073075571275,30.4499323443903
CBC_1027,CBC_1027_MSI_AV_v3_Vset6_Aset2_2023-07-21_17h56.54.977.csv,3,42,2,3,z,0,1,3,aud,D,63,1,2,3,0,1,z,2.38454849999835,0,1,1,1,3,2,D23,4.04305126783455,0.511289481959951,0.500649072677278,0.495990521672731,0.504877973518538,0.504877973518538,0.495990521672731,0.504439869917231,0.495560130082769,0.522422516085397,0.522422516085397,0.495560130082769,0.0047832267743268,0.5,0.00965216223816854,10.1073075571275,30.4499323443903
CBC_1027,CBC_1027_MSI_AV_v3_Vset6_Aset2_2023-07-21_17h56.54.977.csv,3,43,1,3,b,1,0,2,aud,B,27,1,1,3,1,0,b,2.64858509999613,1,0,1,1,1,3,B13,3.36729582998647,0.511289481959951,0.500649072677278,0.495990521672731,0.509223096691557,0.500649072677278,0.509223096691557,0.495754896374836,0.504245103625164,0.478559871313251,0.478559871313251,0.504245103625164,0.00486705554799219,0.5,0.00965216223816854,10.1073075571275,30.4499323443903
CBC_1027,CBC_1027_MSI_AV_v3_Vset6_Aset2_2023-07-21_17h56.54.977.csv,3,44,3,2,z,0,1,1,aud,C,63,1,3,2,0,1,z,1.52843159999611,0,1,1,1,2,3,C32,2.69124308278583,0.511289481959951,0.500621951922828,0.495990521672731,0.509223096691557,0.495990521672731,0.509223096691557,0.493418028378705,0.506581971621295,0.466785978339738,0.466785978339738,0.506581971621295,0.00488961137702003,0.5,0.00965216223816854,10.1073075571275,30.4499323443903
CBC_1027,CBC_1027_MSI_TV_v3_Vset3_Tset3_2023-07-21_18h05.28.896.csv,4,1,1,0,z,0,1,0,tac,A,63,1,1,0,0,1,b,2.7988779000043,1,0,0,0,1,0,A10,2.77258872223978,0.5,0.5,0.5,0.5,0.5,0.5,0.5,0.5,0.5,0.5,-0.5,-0.10418374944858,0.5,0.208367498897161,1.41217959965421,29.6122590335002
CBC_1027,CBC_1027_MSI_TV_v3_Vset3_Tset3_2023-07-21_18h05.28.896.csv,4,2,3,2,b,1,0,3,tac,D,63,1,3,2,1,0,z,2.39605140000276,0,1,0,0,2,3,D32,2.83321334405622,0.5,0.39581625055142,0.5,0.5,0.5,0.5,0.5,0.5,0.5,0.5,-0.5,-0.10418374944858,0.5,0.208367498897161,1.41217959965421,29.6122590335002
CBC_1027,CBC_1027_MSI_TV_v3_Vset3_Tset3_2023-07-21_18h05.28.896.csv,4,3,2,0,b,1,0,1,tac,C,27,1,2,0,1,0,b,2.95685370000501,1,0,1,1,2,0,C20,2.89037175789616,0.5,0.39581625055142,0.39581625055142,0.5,0.39581625055142,0.5,0.441849821665743,0.558150178334257,0.459032797571539,0.459032797571539,0.558150178334257,0.116300356668513,0.5,0.208367498897161,1.41217959965421,29.6122590335002
CBC_1027,CBC_1027_MSI_TV_v3_Vset3_Tset3_2023-07-21_18h05.28.896.csv,4,4,1,0,z,0,1,0,tac,A,63,1,1,0,0,1,z,2.28536900000472,0,1,1,1,0,1,A10,2.2512917986065,0.5,0.39581625055142,0.558150178334257,0.5,0.5,0.39581625055142,0.558150178334257,0.441849821665743,0.540967202428461,0.540967202428461,0.441849821665743,0.0920671422286475,0.5,0.208367498897161,1.41217959965421,29.6122590335002
CBC_1027,CBC_1027_MSI_TV_v3_Vset3_Tset3_2023-07-21_18h05.28.896.csv,4,5,3,1,z,0,1,2,tac,B,27,1,3,1,0,1,z,2.62197090000336,0,1,1,1,1,3,B31,2.99573227355399,0.650217320562904,0.39581625055142,0.558150178334257,0.5,0.39581625055142,0.5,0.441849821665743,0.558150178334257,0.459032797571539,0.459032797571539,0.558150178334257,0.116300356668513,0.5,0.208367498897161,1.41217959965421,29.6122590335002
CBC_1027,CBC_1027_MSI_TV_v3_Vset3_Tset3_2023-07-21_18h05.28.896.csv,4,6,2,3,b,1,0,1,tac,C,63,1,2,3,1,0,b,3.11231080000289,1,0,1,1,2,3,C23,3.04452243772342,0.650217320562904,0.558150178334257,0.558150178334257,0.5,0.558150178334257,0.5,0.527477280411084,0.472522719588917,0.519391695958404,0.519391695958404,0.472522719588916,0.098458377252827,0.5,0.208367498897161,1.41217959965421,29.6122590335002
CBC_1027,CBC_1027_MSI_TV_v3_Vset3_Tset3_2023-07-21_18h05.28.896.csv,4,7,2,3,z,0,1,3,tac,D,63,0,2,3,1,0,z,2.29855720000342,0,1,1,0,3,2,D23,3.09104245335832,0.650217320562904,0.558150178334257,0.625935657663911,0.5,0.5,0.625935657663911,0.444075109085184,0.555924890914816,0.460593898925274,0.460593898925274,-0.444075109085184,-0.0925308198025638,0.5,0.208367498897161,1.41217959965421,29.6122590335002
CBC_1027,CBC_1027_MSI_TV_v3_Vset3_Tset3_2023-07-21_18h05.28.896.csv,4,8,1,0,b,1,0,2,tac,B,63,1,1,0,1,0,z,1.74061650000294,0,1,0,0,0,1,B10,3.13549421592915,0.650217320562904,0.558150178334257,0.625935657663911,0.351544289282621,0.650217320562904,0.558150178334257,0.538095671355227,0.461904328644773,0.526873044485948,0.526873044485948,-0.538095671355227,-0.112121649207677,0.5,0.208367498897161,1.41217959965421,29.6122590335002
CBC_1027,CBC_1027_MSI_TV_v3_Vset3_Tset3_2023-07-21_18h05.28.896.csv,4,9,0,2,b,1,0,0,tac,A,27,1,0,2,1,0,b,2.42849310000383,1,0,1,1,0,2,A02,3.17805383034795,0.42597402214755,0.558150178334257,0.625935657663911,0.351544289282621,0.42597402214755,0.625935657663911,0.404953039527024,0.595046960472976,0.433288453548141,0.433288453548141,0.595046960472976,0.123988446880112,0.5,0.208367498897161,1.41217959965421,29.6122590335002
CBC_1027,CBC_1027_MSI_TV_v3_Vset3_Tset3_2023-07-21_18h05.28.896.csv,4,10,0,3,z,0,1,3,tac,D,9,1,0,3,0,1,z,2.50271930000235,0,1,1,1,3,0,D03,3.2188758248682,0.528941486407136,0.558150178334257,0.625935657663911,0.351544289282621,0.351544289282621,0.528941486407136,0.399261747309009,0.600738252690991,0.429345740328015,0.429345740328015,0.600738252690991,0.125174327205072,0.5,0.208367498897161,1.41217959965421,29.6122590335002
CBC_1027,CBC_1027_MSI_TV_v3_Vset3_Tset3_2023-07-21_18h05.28.896.csv,4,11,3,2,z,0,1,1,tac,C,63,1,3,2,0,1,z,4.46046890000434,0,1,1,1,2,3,C32,3.25809653802148,0.528941486407136,0.558150178334257,0.625935657663911,0.524436074514082,0.625935657663911,0.524436074514082,0.544115993252746,0.455884006747254,0.531109615156232,0.531109615156232,0.455884006747254,0.0949914102731417,0.5,0.208367498897161,1.41217959965421,29.6122590335002
CBC_1027,CBC_1027_MSI_TV_v3_Vset3_Tset3_2023-07-21_18h05.28.896.csv,4,12,1,0,b,1,0,2,tac,B,63,1,1,0,1,0,b,2.60820620000231,1,0,1,1,1,0,B10,2.60268968544438,0.528941486407136,0.558150178334257,0.639107403525888,0.524436074514082,0.558150178334257,0.528941486407136,0.513434327975493,0.486565672024507,0.509484704051626,0.509484704051626,0.486565672024507,0.101384472128963,0.5,0.208367498897161,1.41217959965421,29.6122590335002
CBC_1027,CBC_1027_MSI_TV_v3_Vset3_Tset3_2023-07-21_18h05.28.896.csv,4,13,3,2,b,1,0,3,tac,D,63,1,3,2,1,0,z,1.51609510000344,0,1,0,0,2,3,D32,2.63905732961526,0.528941486407136,0.614818800104456,0.639107403525888,0.524436074514082,0.639107403525888,0.524436074514082,0.549276770131948,0.450723229868052,0.534737770983479,0.534737770983479,-0.549276770131948,-0.114451426794705,0.5,0.208367498897161,1.41217959965421,29.6122590335002
CBC_1027,CBC_1027_MSI_TV_v3_Vset3_Tset3_2023-07-21_18h05.28.896.csv,4,14,3,2,z,0,1,1,tac,C,63,1,3,2,0,1,b,2.43226940000386,1,0,0,0,3,2,C32,2.67414864942653,0.528941486407136,0.614818800104456,0.434825343337243,0.524436074514082,0.524436074514082,0.434825343337243,0.546708191067227,0.453291808932773,0.53293243066891,0.53293243066891,-0.546708191067227,-0.113916218399269,0.5,0.208367498897161,1.41217959965421,29.6122590335002
CBC_1027,CBC_1027_MSI_TV_v3_Vset3_Tset3_2023-07-21_18h05.28.896.csv,4,15,1,3,b,1,0,2,tac,B,27,1,1,3,1,0,b,2.56184260000373,1,0,1,1,1,3,B13,3.40119738166216,0.528941486407136,0.614818800104456,0.434825343337243,0.432791972667958,0.614818800104456,0.432791972667958,0.586877126585277,0.413122873414723,0.56103711864067,0.56103711864067,0.413122873414723,0.0860813798706342,0.5,0.208367498897161,1.41217959965421,29.6122590335002
CBC_1027,CBC_1027_MSI_TV_v3_Vset3_Tset3_2023-07-21_18h05.28.896.csv,4,16,3,0,z,0,1,0,tac,A,9,1,3,0,0,1,z,4.24691310000344,0,1,1,1,0,3,A30,3.43398720448515,0.528941486407136,0.672958506455911,0.434825343337243,0.432791972667958,0.528941486407136,0.432791972667958,0.549987609785171,0.450012390214828,0.535237229934226,0.535237229934226,0.450012390214829,0.093767956221797,0.5,0.208367498897161,1.41217959965421,29.6122590335002
CBC_1027,CBC_1027_MSI_TV_v3_Vset3_Tset3_2023-07-21_18h05.28.896.csv,4,17,3,2,b,1,0,3,tac,D,63,1,3,2,1,0,z,2.43478310000137,0,1,0,0,2,3,D32,2.36712361413162,0.643755566006968,0.672958506455911,0.434825343337243,0.432791972667958,0.434825343337243,0.432791972667958,0.50117181309765,0.49882818690235,0.5008274045203,0.5008274045203,-0.50117181309765,-0.104427917212913,0.5,0.208367498897161,1.41217959965421,29.6122590335002
CBC_1027,CBC_1027_MSI_TV_v3_Vset3_Tset3_2023-07-21_18h05.28.896.csv,4,18,2,0,b,1,0,1,tac,C,27,1,2,0,1,0,z,2.73933170000237,0,1,0,0,0,2,C20,2.80336038090653,0.643755566006968,0.672958506455911,0.396743895884737,0.432791972667958,0.643755566006968,0.396743895884737,0.618698605414531,0.381301394585469,0.583035623495711,0.583035623495711,-0.618698605414531,-0.128916680981387,0.5,0.208367498897161,1.41217959965421,29.6122590335002
CBC_1027,CBC_1027_MSI_TV_v3_Vset3_Tset3_2023-07-21_18h05.28.896.csv,4,19,1,0,z,0,1,0,tac,A,63,1,1,0,0,1,z,1.46309950000432,0,1,1,1,0,1,A10,2.42774823594805,0.489781924433144,0.672958506455911,0.396743895884737,0.432791972667958,0.489781924433144,0.672958506455911,0.421230664576312,0.578769335423688,0.444610044234645,0.444610044234645,0.578769335423688,0.120596718860606,0.5,0.208367498897161,1.41217959965421,29.6122590335002
CBC_1027,CBC_1027_MSI_TV_v3_Vset3_Tset3_2023-07-21_18h05.28.896.csv,4,20,0,1,z,0,1,2,tac,B,63,0,0,1,1,0,z,2.41613750000397,0,1,1,0,1,0,B01,3.55534806148941,0.541827383436918,0.672958506455911,0.396743895884737,0.432791972667958,0.672958506455911,0.541827383436918,0.55397293634624,0.446027063653759,0.538036112552291,0.538036112552291,-0.55397293634624,-0.115429955203182,0.5,0.208367498897161,1.41217959965421,29.6122590335002
CBC_1027,CBC_1027_MSI_TV_v3_Vset3_Tset3_2023-07-21_18h05.28.896.csv,4,21,1,3,z,0,1,3,tac,D,27,1,1,3,0,1,z,2.58119420000367,0,1,1,1,3,1,D13,3.58351893845611,0.541827383436918,0.438542981143058,0.396743895884737,0.432791972667958,0.432791972667958,0.438542981143058,0.49669988650751,0.50330011349249,0.49766984039415,0.49766984039415,0.50330011349249,0.104871385843087,0.5,0.208367498897161,1.41217959965421,29.6122590335002
CBC_1027,CBC_1027_MSI_TV_v3_Vset3_Tset3_2023-07-21_18h05.28.896.csv,4,22,2,3,b,1,0,1,tac,C,63,1,2,3,1,0,b,3.71788180000294,1,0,1,1,2,3,C23,2.91777073208428,0.541827383436918,0.438542981143058,0.396743895884737,0.601571272350597,0.396743895884737,0.601571272350597,0.397413470723919,0.602586529276081,0.428067224891859,0.428067224891859,0.602586529276081,0.125559447974378,0.5,0.208367498897161,1.41217959965421,29.6122590335002
CBC_1027,CBC_1027_MSI_TV_v3_Vset3_Tset3_2023-07-21_18h05.28.896.csv,4,23,1,0,b,1,0,2,tac,B,63,1,1,0,1,0,z,2.47834910000165,0,1,0,0,0,1,B10,2.53897387105828,0.541827383436918,0.438542981143058,0.522972918698297,0.601571272350597,0.541827383436918,0.438542981143058,0.552676216063564,0.447323783936436,0.537125684346793,0.537125684346793,-0.552676216063564,-0.115159760841112,0.5,0.208367498897161,1.41217959965421,29.6122590335002
CBC_1027,CBC_1027_MSI_TV_v3_Vset3_Tset3_2023-07-21_18h05.28.896.csv,4,24,2,0,z,0,1,0,tac,A,27,1,2,0,0,1,z,2.41633090000323,0,1,1,1,0,2,A20,3.66356164612965,0.437516455222452,0.438542981143058,0.522972918698297,0.601571272350597,0.437516455222452,0.522972918698297,0.455514102604275,0.544485897395725,0.468630218890943,0.468630218890943,0.544485897395725,0.113453164625123,0.5,0.208367498897161,1.41217959965421,29.6122590335002
CBC_1027,CBC_1027_MSI_TV_v3_Vset3_Tset3_2023-07-21_18h05.28.896.csv,4,25,2,3,z,0,1,3,tac,D,63,1,2,3,0,1,b,2.23391420000189,1,0,0,0,2,3,D23,2.99573227355399,0.568967267229399,0.438542981143058,0.522972918698297,0.601571272350597,0.522972918698297,0.601571272350597,0.465053239224423,0.534946760775577,0.475344461875278,0.475344461875278,-0.465053239224423,-0.0969019803112161,0.5,0.208367498897161,1.41217959965421,29.6122590335002
CBC_1027,CBC_1027_MSI_TV_v3_Vset3_Tset3_2023-07-21_18h05.28.896.csv,4,26,2,0,b,1,0,1,tac,C,27,1,2,0,1,0,b,2.29278140000315,1,0,1,1,2,0,C20,2.6149597780362,0.568967267229399,0.438542981143058,0.368151258913207,0.601571272350597,0.368151258913207,0.568967267229399,0.392854530822907,0.607145469177093,0.424917789520262,0.424917789520262,0.607145469177093,0.126509382879174,0.5,0.208367498897161,1.41217959965421,29.6122590335002
CBC_1027,CBC_1027_MSI_TV_v3_Vset3_Tset3_2023-07-21_18h05.28.896.csv,4,27,1,0,b,1,0,2,tac,B,63,1,1,0,1,0,z,1.35420070000328,0,1,0,0,0,1,B10,2.35137525716348,0.568967267229399,0.438542981143058,0.519363913702081,0.601571272350597,0.568967267229399,0.438542981143058,0.564726034448299,0.435273965551701,0.545575537983486,0.545575537983486,-0.564726034448299,-0.117670551360104,0.5,0.208367498897161,1.41217959965421,29.6122590335002
CBC_1027,CBC_1027_MSI_TV_v3_Vset3_Tset3_2023-07-21_18h05.28.896.csv,4,28,0,1,b,1,0,0,tac,A,63,1,0,1,1,0,b,2.50956410000435,1,0,1,1,0,1,A01,3.76120011569356,0.447055483088195,0.438542981143058,0.519363913702081,0.601571272350597,0.447055483088195,0.438542981143058,0.504806073118321,0.495193926881679,0.503393467100798,0.503393467100798,0.495193926881679,0.103182320013399,0.5,0.208367498897161,1.41217959965421,29.6122590335002
CBC_1027,CBC_1027_MSI_TV_v3_Vset3_Tset3_2023-07-21_18h05.28.896.csv,4,29,3,2,z,0,1,1,tac,C,63,0,3,2,1,0,z,3.36070140000083,0,1,1,0,2,3,C32,2.68557734525015,0.60798839313172,0.438542981143058,0.519363913702081,0.601571272350597,0.519363913702081,0.601571272350597,0.463330904555684,0.536669095444316,0.474131443914063,0.474131443914063,-0.463330904555684,-0.096543101744027,0.5,0.208367498897161,1.41217959965421,29.6122590335002
CBC_1027,CBC_1027_MSI_TV_v3_Vset3_Tset3_2023-07-21_18h05.28.896.csv,4,30,3,1,b,1,0,3,tac,D,27,1,3,1,1,0,b,2.33563340000546,1,0,1,1,3,1,D31,3.80666248977032,0.60798839313172,0.438542981143058,0.366787802811657,0.601571272350597,0.601571272350597,0.438542981143058,0.578370376456212,0.421629623543788,0.555111694656145,0.555111694656145,0.421629623543788,0.0878539101187707,0.5,0.208367498897161,1.41217959965421,29.6122590335002
CBC_1027,CBC_1027_MSI_TV_v3_Vset3_Tset3_2023-07-21_18h05.28.896.csv,4,31,1,0,z,0,1,0,tac,A,63,1,1,0,0,1,z,2.34392160000425,0,1,1,1,0,1,A10,2.4423470353692,0.60798839313172,0.438542981143058,0.366787802811657,0.666224286574982,0.60798839313172,0.438542981143058,0.580955724861132,0.419044275138868,0.556914271174066,0.556914271174066,0.419044275138868,0.0873152075378597,0.5,0.208367498897161,1.41217959965421,29.6122590335002
CBC_1027,CBC_1027_MSI_TV_v3_Vset3_Tset3_2023-07-21_18h05.28.896.csv,4,32,3,2,b,1,0,3,tac,D,63,1,3,2,1,0,b,2.35856610000337,1,0,1,1,3,2,D32,2.46385324059017,0.668270932398991,0.438542981143058,0.366787802811657,0.666224286574982,0.666224286574982,0.366787802811657,0.644933678337259,0.355066321662741,0.60093075603327,0.60093075603327,0.355066321662741,0.0739842813874802,0.5,0.208367498897161,1.41217959965421,29.6122590335002
CBC_1027,CBC_1027_MSI_TV_v3_Vset3_Tset3_2023-07-21_18h05.28.896.csv,4,33,2,1,z,0,1,2,tac,B,9,1,2,1,0,1,z,2.28106410000328,0,1,1,1,1,2,B21,3.87120101090789,0.668270932398991,0.438542981143058,0.366787802811657,0.718917959724739,0.438542981143058,0.366787802811657,0.544550127575551,0.455449872424449,0.531414954608664,0.531414954608664,0.455449872424449,0.0949009507901135,0.5,0.208367498897161,1.41217959965421,29.6122590335002
CBC_1027,CBC_1027_MSI_TV_v3_Vset3_Tset3_2023-07-21_18h05.28.896.csv,4,34,1,0,z,0,1,0,tac,A,63,1,1,0,0,1,z,3.00834490000489,0,1,1,1,0,1,A10,2.28238238567653,0.668270932398991,0.639451078365664,0.366787802811657,0.718917959724739,0.668270932398991,0.639451078365664,0.511019105664695,0.488980894335305,0.507779850176845,0.507779850176845,0.488980894335305,0.101887725961144,0.5,0.208367498897161,1.41217959965421,29.6122590335002
CBC_1027,CBC_1027_MSI_TV_v3_Vset3_Tset3_2023-07-21_18h05.28.896.csv,4,35,2,1,b,1,0,1,tac,C,9,1,2,1,1,0,z,2.76250290000462,0,1,0,0,1,2,C21,3.91202300542815,0.61290683162584,0.639451078365664,0.366787802811657,0.718917959724739,0.639451078365664,0.366787802811657,0.635486354510067,0.364513645489933,0.594515015945258,0.594515015945258,-0.635486354510067,-0.132414702272537,0.5,0.208367498897161,1.41217959965421,29.6122590335002
CBC_1027,CBC_1027_MSI_TV_v3_Vset3_Tset3_2023-07-21_18h05.28.896.csv,4,36,1,0,b,1,0,2,tac,B,63,1,1,0,1,0,b,2.308552100003,1,0,1,1,1,0,B10,2.32238772029023,0.61290683162584,0.50307165223753,0.366787802811657,0.718917959724739,0.50307165223753,0.61290683162584,0.450789741479569,0.549210258520431,0.465308965807608,0.465308965807608,0.549210258520431,0.114437567936565,0.5,0.208367498897161,1.41217959965421,29.6122590335002
CBC_1027,CBC_1027_MSI_TV_v3_Vset3_Tset3_2023-07-21_18h05.28.896.csv,4,37,0,1,b,1,0,0,tac,A,63,0,0,1,0,1,b,2.74784640000507,1,0,1,0,0,1,A01,3.25809653802148,0.61290683162584,0.565227309416134,0.366787802811657,0.718917959724739,0.61290683162584,0.565227309416134,0.520235183986577,0.479764816013423,0.514283969261773,0.514283969261773,-0.520235183986577,-0.108400104125587,0.5,0.208367498897161,1.41217959965421,29.6122590335002
CBC_1027,CBC_1027_MSI_TV_v3_Vset3_Tset3_2023-07-21_18h05.28.896.csv,4,38,0,1,z,0,1,2,tac,B,63,1,0,1,0,1,z,2.28649310000037,0,1,1,1,1,0,B01,3.27714473299218,0.41183507986099,0.565227309416134,0.366787802811657,0.718917959724739,0.565227309416134,0.41183507986099,0.578496640152443,0.421503359847557,0.55519976328894,0.55519976328894,0.421503359847557,0.0878276008681855,0.5,0.208367498897161,1.41217959965421,29.6122590335002
CBC_1027,CBC_1027_MSI_TV_v3_Vset3_Tset3_2023-07-21_18h05.28.896.csv,4,39,1,3,z,0,1,3,tac,D,27,1,1,3,0,1,z,2.27200960000482,0,1,1,1,3,1,D13,3.29583686600433,0.41183507986099,0.666324241020628,0.366787802811657,0.718917959724739,0.718917959724739,0.666324241020628,0.518983582320771,0.481016417679229,0.513400903669408,0.513400903669408,0.481016417679229,0.100228187880293,0.5,0.208367498897161,1.41217959965421,29.6122590335002
CBC_1027,CBC_1027_MSI_TV_v3_Vset3_Tset3_2023-07-21_18h05.28.896.csv,4,40,3,2,z,0,1,1,tac,C,63,1,3,2,0,1,z,2.50871330000518,0,1,1,1,2,3,C32,2.62103882411258,0.41183507986099,0.666324241020628,0.366787802811657,0.619211770201064,0.366787802811657,0.619211770201064,0.371995904309509,0.628004095690491,0.410589356668338,0.410589356668338,0.628004095690491,0.130855642716201,0.5,0.208367498897161,1.41217959965421,29.6122590335002
CBC_1027,CBC_1027_MSI_TV_v3_Vset3_Tset3_2023-07-21_18h05.28.896.csv,4,41,0,2,b,1,0,0,tac,A,27,1,0,2,1,0,b,2.46007040000404,1,0,1,1,0,2,A02,3.3322045101752,0.41183507986099,0.666324241020628,0.50285154702571,0.619211770201064,0.41183507986099,0.50285154702571,0.450247186036539,0.549752813963461,0.464927737443758,0.464927737443758,0.549752813963461,0.114550618857243,0.5,0.208367498897161,1.41217959965421,29.6122590335002
CBC_1027,CBC_1027_MSI_TV_v3_Vset3_Tset3_2023-07-21_18h05.28.896.csv,4,42,2,3,z,0,1,3,tac,D,63,1,2,3,0,1,z,1.80908380000255,0,1,1,1,3,2,D23,2.94443897916644,0.564797804893781,0.666324241020628,0.50285154702571,0.619211770201064,0.619211770201064,0.50285154702571,0.551851005816206,0.448148994183794,0.536546174355191,0.536546174355191,0.448148994183794,0.0933796850513554,0.5,0.208367498897161,1.41217959965421,29.6122590335002
CBC_1027,CBC_1027_MSI_TV_v3_Vset3_Tset3_2023-07-21_18h05.28.896.csv,4,43,1,3,b,1,0,2,tac,B,27,1,1,3,1,0,b,2.30724050000572,1,0,1,1,1,3,B13,3.36729582998647,0.564797804893781,0.666324241020628,0.50285154702571,0.645230690867562,0.666324241020628,0.645230690867562,0.508041428399304,0.491958571600696,0.505677726509272,0.505677726509272,0.491958571600696,0.102508177125457,0.5,0.208367498897161,1.41217959965421,29.6122590335002
CBC_1027,CBC_1027_MSI_TV_v3_Vset3_Tset3_2023-07-21_18h05.28.896.csv,4,44,3,2,z,0,1,1,tac,C,63,1,3,2,0,1,z,2.4167095000048,0,1,1,1,2,3,C32,2.46809953147162,0.564797804893781,0.610549605524761,0.50285154702571,0.645230690867562,0.50285154702571,0.645230690867562,0.437992619717244,0.562007380282756,0.45632878390418,0.45632878390418,0.562007380282756,0.117104072191263,0.5,0.208367498897161,1.41217959965421,29.6122590335002
