"ID";"session";"tsDifficulty";"prob.Feedback";"ACC";"minACC";"maxACC";"RT";"minRT";"maxRT";"omissions";"outliers";"idxOmission";"idxOutlier";"modality";"stimType";"logfile";"group";"version"
"CBC_1032";"1";"easy";"0,95";"0,410256410256410";"0,384615384615385";"1,000000000000000";"1,97358183333334";"0,19488160000037169";"4,92739849999998";"0,0714285714285714";"0,0256410256410256";;;"av";"env";"CBC_1032_MSI_AV_v1_Vset2_Aset2_2023-10-20_11h21.24.835.csv";"children";"v1"
"CBC_1032";"2";"easy";"0,95";"0,589743589743590";"0,555555555555556";"1,000000000000000";"2,27896241794947";"-0,00661579999905371";"3,40869860000203";"0,0714285714285714";"0,0000000000000000";;;"tv";"vib";"CBC_1032_MSI_TV_v1_Vset3_Aset2_2023-10-20_11h31.15.953.csv";"children";"v1"
"CBC_1039";"2";"easy";"0,95";"0,857142857142857";"0,750000000000000";"1,000000000000000";"2,85313958571424";"1,55453730000044743";"4,40154789999997";"0,0000000000000000";"0,0000000000000000";;;"av";"env";"CBC_1039_MSI_AV_v1_Vset6_Aset3_2024-01-31_14h41.16.850.csv";"children";"v1"
"CBC_1039";"4";"easy";"0,95";"0,690476190476190";"0,666666666666667";"1,000000000000000";"3,20992512619077";"2,22256379999998899";"4,67008419999911";"0,0000000000000000";"0,0000000000000000";;;"tv";"vib";"CBC_1039_MSI_TV_v1_Vset2_Aset3_2024-01-31_15h54.46.456.csv";"children";"v1"
"CBC_1046";"1";"easy";"0,95";"0,564102564102564";"0,500000000000000";"1,000000000000000";"2,55548969743559";"1,00362510000013572";"4,08733319999919";"0,0714285714285714";"0,0000000000000000";;;"tv";"vib";"CBC_1046_MSI_TV_v1_Vset6_Aset3_2024-01-27_09h58.22.092.csv";"children";"v1"
"CBC_1046";"2";"easy";"0,95";"0,536585365853659";"0,526315789473684";"1,000000000000000";"2,50978705609759";"1,02850789999956760";"4,35494149999977";"0,0238095238095238";"0,0000000000000000";;;"av";"env";"CBC_1046_MSI_AV_v1_Vset5_Aset2_2024-01-27_10h07.22.626.csv";"children";"v1"
"CBC_1047";"2";"hard";"0,95";"0,600000000000000";"0,562500000000000";"1,000000000000000";"2,87860075750100";"1,75748960000055376";"4,78517140000076";"0,0476190476190476";"0,0250000000000000";;;"tv";"vib";"CBC_1047_MSI_TV_v1_Vset2_Aset3_2024-01-21_16h07.53.122.csv";"children";"v1"
"CBC_1047";"3";"easy";"0,95";"0,634146341463415";"0,333333333333333";"1,000000000000000";"2,50733793902443";"1,01454799999919487";"4,41914850000103";"0,0238095238095238";"0,0000000000000000";;;"av";"env";"CBC_1047_MSI_AV_v1_Vset3_Aset1_2024-01-21_17h15.38.801.csv";"children";"v1"
"CBC_1049";"1";"easy";"0,95";"0,439024390243902";"0,000000000000000";"0,555555555555556";"1,96212329024356";"0,95384169999942969";"4,13218019999931";"0,0238095238095238";"0,0000000000000000";;;"av";"env";"CBC_1049_MSI_AV_v1_Vset3_Aset1_2024-01-23_15h14.42.182.csv";"children";"v1"
"CBC_1049";"3";"easy";"0,95";"0,476190476190476";"0,266666666666667";"1,000000000000000";"2,69119694761884";"1,31965899999977410";"3,34983030000058";"0,0000000000000000";"0,0000000000000000";;;"tv";"vib";"CBC_1049_MSI_TV_v1_Vset2_Aset3_2024-01-23_16h10.37.518.csv";"children";"v1"
"CBC_1055";"1";"easy";"0,90";"0,853658536585366";"0,500000000000000";"1,000000000000000";"2,78292209512195";"2,26163870000027600";"3,89986469999985";"0,0238095238095238";"0,0000000000000000";;;"av";"env";"CBC_1055_MSI_AV_v1_Vset1_Aset1_2024-03-03_09h33.19.069.csv";"children";"v1"
"CBC_1055";"3";"hard";"0,95";"0,928571428571429";"0,333333333333333";"1,000000000000000";"2,71269588571431";"2,01462290000017674";"4,30000770000152";"0,0000000000000000";"0,0238095238095238";;;"tv";"vib";"CBC_1055_MSI_TV_v1_Vset3_Aset3_2024-03-03_11h11.32.283.csv";"children";"v1"
"CBC_1056";"1";"easy";"0,90";"0,642857142857143";"0,000000000000000";"0,833333333333333";"2,80287772142652";"1,38169289999859757";"4,55915509999613";"0,0000000000000000";"0,0000000000000000";;;"av";"env";"CBC_1056_MSI_AV_v1_Vset5_Aset2_2024-02-07_14h44.14.721.csv";"children";"v1"
"CBC_1056";"2";"hard";"0,95";"0,952380952380952";"0,500000000000000";"1,000000000000000";"2,00390950237895";"1,20321659999899566";"4,58682929999850";"0,0000000000000000";"0,0238095238095238";;;"tv";"vib";"CBC_1056_MSI_TV_v1_Vset6_Aset1_2024-02-07_14h52.41.463.csv";"children";"v1"
"CBC_1057";"2";"easy";"0,95";"0,525000000000000";"0,416666666666667";"1,000000000000000";"1,85371521750139";"0,70799840000108816";"4,46127100000012";"0,0476190476190476";"0,0000000000000000";;;"av";"env";"CBC_1057_MSI_AV_v1_Vset3_Aset1_2024-02-07_15h52.15.487.csv";"children";"v1"
"CBC_1057";"3";"easy";"0,95";"0,571428571428571";"0,000000000000000";"0,636363636363636";"2,28351198809330";"0,14739050000207499";"4,13894949999667";"0,0000000000000000";"0,0000000000000000";;;"tv";"vib";"CBC_1057_MSI_TV_v1_Vset2_Aset3_2024-02-07_17h02.19.501.csv";"children";"v1"
"CBC_1062";"1";"easy";"0,95";"0,642857142857143";"0,000000000000000";"0,675000000000000";"1,89965065238054";"0,79526350000014645";"4,01621069999965";"0,0000000000000000";"0,0238095238095238";;;"av";"env";"CBC_1062_MSI_AV_v1_Vset5_Aset1_2024-02-17_11h35.47.907.csv";"children";"v1"
"CBC_1062";"2";"hard";"0,95";"0,634146341463415";"0,634146341463415";"1,000000000000000";"2,39559511463280";"1,26412069999969390";"3,88727169999947";"0,0238095238095238";"0,0000000000000000";;;"tv";"vib";"CBC_1062_MSI_TV_v1_Vset4_Aset3_2024-02-17_11h44.12.042.csv";"children";"v1"
"CBC_1063";"2";"easy";"0,95";"0,404761904761905";"0,222222222222222";"1,000000000000000";"1,02843698333280";"0,34920299999976123";"2,61464999999953";"0,0000000000000000";"0,0238095238095238";;;"av";"env";"CBC_1063_MSI_AV_v1_Vset2_Aset3_2024-02-17_10h54.14.818.csv";"children";"v1"
"CBC_1063";"3";"easy";"0,95";"0,315789473684211";"0,272727272727273";"1,000000000000000";"1,10445003684268";"0,42765540000073088";"2,68300420000014";"0,0952380952380952";"0,0000000000000000";;;"tv";"vib";"CBC_1063_MSI_TV_v1_Vset3_Aset2_2024-02-17_12h19.50.763.csv";"children";"v1"
"CBC_1065";"2";"hard";"0,95";"0,878048780487805";"0,000000000000000";"0,950000000000000";"1,89856068292709";"1,16942749999998341";"3,13661430000047";"0,0238095238095238";"0,0000000000000000";;;"tv";"vib";"CBC_1065_MSI_TV_v1_Vset1_Aset2_2024-05-10_14h36.16.298.csv";"children";"v1"
"CBC_1065";"3";"easy";"0,95";"0,761904761904762";"0,600000000000000";"1,000000000000000";"1,95804487857060";"0,90324349999809783";"4,24505079999926";"0,0000000000000000";"0,0000000000000000";;;"av";"env";"CBC_1065_MSI_AV_v1_Vset3_Aset1_2024-05-10_15h29.15.145.csv";"children";"v1"
"CBC_1069";"2";"easy";"0,95";"0,609756097560976";"0,500000000000000";"1,000000000000000";"2,39845632438957";"1,23920749999888358";"5,21257519999926";"0,0238095238095238";"0,0000000000000000";;;"av";"env";"CBC_1069_MSI_AV_v1_Vset1_Aset3_2024-03-01_15h44.46.693.csv";"children";"v1"
"CBC_1069";"3";"hard";"0,95";"0,609756097560976";"0,333333333333333";"1,000000000000000";"2,72274131951297";"1,42831720000140194";"4,81746180000118";"0,0238095238095238";"0,0000000000000000";;;"tv";"vib";"CBC_1069_MSI_TV_v1_Vset2_Aset2_2024-03-01_16h33.01.600.csv";"children";"v1"
"CBC_1074";"1";"easy";"0,95";"1,000000000000000";"1,000000000000000";"1,000000000000000";"1,56891684878047";"0,86926500000117812";"2,45162170000003";"0,0238095238095238";"0,0000000000000000";;;"av";"env";"CBC_1074_MSI_AV_v1_Vset4_Aset3_2024-03-13_16h24.28.080.csv";"children";"v1"
"CBC_1074";"2";"easy";"0,95";"0,634146341463415";"0,000000000000000";"0,666666666666667";"2,34394698048838";"1,14635620000080962";"4,90162240000063";"0,0238095238095238";"0,0243902439024390";;;"tv";"vib";"CBC_1074_MSI_TV_v1_Vset6_Aset2_2024-03-13_16h33.01.840.csv";"children";"v1"
"CBC_1077";"2";"easy";"0,95";"0,447368421052632";"0,000000000000000";"0,555555555555556";"2,88645685526284";"0,75057720000040717";"6,13213379999979";"0,0952380952380952";"0,0000000000000000";;;"tv";"vib";"CBC_1077_MSI_TV_v1_Vset1_Aset1_2024-02-16_15h16.11.266.csv";"children";"v1"
"CBC_1077";"3";"easy";"0,95";"0,756097560975610";"0,333333333333333";"1,000000000000000";"2,23275196097549";"0,06375010000010661";"3,84850289999849";"0,0238095238095238";"0,0000000000000000";;;"av";"env";"CBC_1077_MSI_AV_v1_Vset3_Aset2_2024-02-16_16h07.43.793.csv";"children";"v1"
"CBC_1080";"1";"easy";"0,95";"0,666666666666667";"0,526315789473684";"1,000000000000000";"2,26483705238053";"0,91346629999952711";"5,52078359999996";"0,0000000000000000";"0,0238095238095238";;;"av";"env";"CBC_1080_MSI_AV_v1_Vset5_Aset1_2024-04-12_14h59.49.236.csv";"children";"v1"
"CBC_1080";"2";"hard";"0,95";"0,878048780487805";"0,666666666666667";"1,000000000000000";"2,43939160975646";"1,33866200000011304";"4,46073249999972";"0,0238095238095238";"0,0243902439024390";;;"tv";"vib";"CBC_1080_MSI_TV_v1_Vset4_Aset1_2024-04-12_15h08.13.163.csv";"children";"v1"
"CBC_1083";"2";"hard";"0,90";"0,833333333333333";"0,500000000000000";"1,000000000000000";"2,03582998095249";"1,07669450000003053";"3,26849870000024";"0,0000000000000000";"0,0000000000000000";;;"tv";"vib";"CBC_1083_MSI_TV_v1_Vset2_Aset2_2024-04-10_14h07.08.183.csv";"children";"v1"
"CBC_1083";"3";"easy";"0,90";"0,951219512195122";"0,882352941176471";"1,000000000000000";"1,58722918292751";"1,05368110000017623";"2,66403530000116";"0,0238095238095238";"0,0000000000000000";;;"av";"env";"CBC_1083_MSI_AV_v1_Vset3_Aset2_2024-04-10_14h59.38.518.csv";"children";"v1"
"CBC_1084";"1";"hard";"0,95";"0,619047619047619";"0,000000000000000";"0,833333333333333";"2,18659487857096";"1,22280909999972209";"3,83857710000029";"0,0000000000000000";"0,0000000000000000";;;"tv";"vib";"CBC_1084_MSI_TV_v1_Vset6_Aset2_2024-02-29_13h33.49.909.csv";"children";"v1"
"CBC_1084";"3";"easy";"0,95";"0,902439024390244";"0,500000000000000";"1,000000000000000";"2,53412121707320";"0,94661079999968933";"3,88403720000042";"0,0238095238095238";"0,0000000000000000";;;"av";"env";"CBC_1084_MSI_AV_v1_Vset4_Aset1_2024-02-29_14h27.29.093.csv";"children";"v1"
"CBC_1086";"1";"easy";"0,90";"0,952380952380952";"0,500000000000000";"1,000000000000000";"1,73622313095211";"0,91870259999996051";"3,54725659999895";"0,0000000000000000";"0,0238095238095238";;;"av";"env";"CBC_1086_MSI_AV_v1_Vset4_Aset2_2024-04-23_16h20.43.546.csv";"children";"v1"
"CBC_1086";"2";"hard";"0,80";"0,928571428571429";"0,000000000000000";"0,928571428571429";"1,65864488571517";"1,08380170000054932";"2,53622350000114";"0,0000000000000000";"0,0000000000000000";;;"tv";"vib";"CBC_1086_MSI_TV_v1_Vset5_Aset1_2024-04-23_16h29.43.384.csv";"children";"v1"
"CBC_1095";"2";"hard";"0,90";"0,825000000000000";"0,500000000000000";"1,000000000000000";"2,89784994749979";"1,10622539999985747";"4,80642239999952";"0,0476190476190476";"0,0000000000000000";;;"tv";"vib";"CBC_1095_MSI_TV_v1_Vset1_Aset1_2024-05-01_13h52.28.526.csv";"children";"v1"
"CBC_1095";"3";"easy";"0,90";"1,000000000000000";"1,000000000000000";"1,000000000000000";"2,40851464390209";"1,13703919999989012";"4,54260410000006";"0,0238095238095238";"0,0000000000000000";;;"av";"env";"CBC_1095_MSI_AV_v1_Vset3_Aset2_2024-05-01_14h41.11.088.csv";"children";"v1"
"CBC_1098";"1";"easy";"0,95";"0,761904761904762";"0,000000000000000";"0,761904761904762";"2,07801989523825";"0,74527530000023035";"4,62252250000029";"0,0000000000000000";"0,0238095238095238";;;"av";"env";"CBC_1098_MSI_AV_v1_Vset5_Aset1_2024-05-08_14h34.35.081.csv";"children";"v1"
"CBC_1098";"2";"hard";"0,90";"0,861111111111111";"0,833333333333333";"1,000000000000000";"2,10658592500007";"1,23889169999984006";"4,15695859999960";"0,1428571428571428";"0,0000000000000000";;;"tv";"vib";"CBC_1098_MSI_TV_v1_Vset4_Aset2_2024-05-08_14h43.06.231.csv";"children";"v1"
"CBC_1101";"2";"easy";"0,95";"0,880952380952381";"0,000000000000000";"0,962962962962963";"2,11047162142844";"1,03760630000033416";"3,46898320000037";"0,0000000000000000";"0,0000000000000000";;;"tv";"vib";"CBC_1101_MSI_TV_v1_Vset1_Aset1_2024-05-26_10h04.46.542.csv";"children";"v1"
"CBC_1101";"4";"easy";"0,95";"0,804878048780488";"0,250000000000000";"1,000000000000000";"1,96968230731705";"0,39339099999961036";"4,64326410000103";"0,0238095238095238";"0,0000000000000000";;;"av";"env";"CBC_1101_MSI_AV_v1_Vset3_Aset3_2024-05-26_12h37.06.924.csv";"children";"v1"
"CBC_1104";"1";"easy";"0,95";"0,976190476190476";"0,961538461538462";"1,000000000000000";"1,86184209285676";"1,11427779999939958";"3,44329600000037";"0,0000000000000000";"0,0000000000000000";;;"av";"env";"CBC_1104_MSI_AV_v1_Vset4_Aset2_2024-05-29_15h10.39.224.csv";"children";"v1"
"CBC_1104";"2";"hard";"0,95";"0,666666666666667";"0,375000000000000";"1,000000000000000";"2,80610499761871";"1,76281159999962256";"4,50035570000000";"0,0000000000000000";"0,0000000000000000";;;"tv";"vib";"CBC_1104_MSI_TV_v1_Vset6_Aset3_2024-05-29_15h18.48.519.csv";"children";"v1"
"CBC_1105";"2";"easy";"0,95";"0,880952380952381";"0,800000000000000";"1,000000000000000";"2,06982725238142";"0,88588280000112718";"4,23412050000024";"0,0000000000000000";"0,0000000000000000";;;"av";"env";"CBC_1105_MSI_AV_v1_Vset1_Aset1_2024-06-16_13h39.47.465.csv";"children";"v1"
"CBC_1105";"3";"hard";"0,90";"0,928571428571429";"0,000000000000000";"0,928571428571429";"2,23509350714323";"1,13188620000073570";"3,83739990000049";"0,0000000000000000";"0,0000000000000000";;;"tv";"vib";"CBC_1105_MSI_TV_v1_Vset2_Aset1_2024-06-16_14h26.00.273.csv";"children";"v1"
"CBC_1106";"1";"hard";"0,95";"0,738095238095238";"0,000000000000000";"0,777777777777778";"2,97723199047684";"1,90252700000110053";"3,96081520000007";"0,0000000000000000";"0,0000000000000000";;;"tv";"vib";"CBC_1106_MSI_TV_v1_Vset6_Aset2_2024-10-18_14h09.54.931.csv";"children";"v1"
"CBC_1106";"2";"easy";"0,95";"0,809523809523810";"0,000000000000000";"0,809523809523810";"2,40600185476229";"1,13698440000007395";"4,02766740000061";"0,0000000000000000";"0,0000000000000000";;;"av";"env";"CBC_1106_MSI_AV_v1_Vset4_Aset3_2024-10-18_14h18.25.602.csv";"children";"v1"
"CBC_1107";"2";"hard";"0,95";"0,809523809523810";"0,777777777777778";"1,000000000000000";"1,95174854285789";"0,86454320000029838";"4,44374150000112";"0,0000000000000000";"0,0000000000000000";;;"tv";"vib";"CBC_1107_MSI_TV_v1_Vset2_Aset2_2024-04-26_17h17.51.939.csv";"children";"v1"
"CBC_1107";"3";"easy";"0,95";"0,804878048780488";"0,666666666666667";"1,000000000000000";"2,06899551951365";"0,00904570000056992";"4,95617170000151";"0,0238095238095238";"0,0243902439024390";;;"av";"env";"CBC_1107_MSI_AV_v1_Vset3_Aset3_2024-04-26_18h01.20.643.csv";"children";"v1"
"CBC_1116";"1";"easy";"0,95";"0,475000000000000";"0,000000000000000";"0,666666666666667";"2,80647313750001";"2,20623919999979989";"5,56533480000053";"0,0476190476190476";"0,0250000000000000";;;"av";"env";"CBC_1116_MSI_AV_v1_Vset5_Aset1_2024-09-27_13h50.47.660.csv";"children";"v1"
"CBC_1116";"2";"easy";"0,95";"0,641025641025641";"0,638888888888889";"1,000000000000000";"2,74148914102539";"2,06716770000002725";"4,84645989999990";"0,0714285714285714";"0,0256410256410256";;;"tv";"vib";"CBC_1116_MSI_TV_v1_Vset4_Aset3_2024-09-27_13h59.22.080.csv";"children";"v1"
"CBC_1133";"1";"easy";"0,95";"0,615384615384615";"0,000000000000000";"0,678571428571429";"2,61992017179494";"1,30680359999951179";"4,57466730000033";"0,0714285714285714";"0,0000000000000000";;;"av";"env";"CBC_1133_MSI_AV_v1_Vset3_Aset2_2024-10-11_14h20.04.910.csv";"children";"v1"
"CBC_1133";"3";"easy";"0,95";"0,650000000000000";"0,000000000000000";"0,676470588235294";"2,69264874999972";"-0,01222870000128751";"4,39850920000026";"0,0476190476190476";"0,0000000000000000";;;"tv";"vib";"CBC_1133_MSI_TV_v1_Vset2_Aset1_2024-10-11_15h17.15.320.csv";"children";"v1"
"CBC_1149";"3";"easy";"0,95";"0,500000000000000";"0,333333333333333";"1,000000000000000";"2,31104907500135";"0,17162250000001222";"6,82925300000170";"0,0476190476190476";"0,0250000000000000";;;"av";"env";"CBC_1149_MSI_AV_v1_Vset3_Aset2_2024-11-02_14h39.25.429.csv";"children";"v1"
"CBC_1149";"4";"easy";"0,95";"0,585365853658537";"0,000000000000000";"0,714285714285714";"2,50124555365885";"0,66260539999893808";"3,93434140000136";"0,0238095238095238";"0,0000000000000000";;;"tv";"vib";"CBC_1149_MSI_TV_v1_Vset5_Aset2_2024-11-02_14h54.25.240.csv";"children";"v1"
"CBC_1001";"1";"hard";"0,80";"0,880952380952381";"0,333333333333333";"1,000000000000000";"2,13777930714290";"1,14921000000003914";"3,77247699999998";"0,0454545454545455";"0,0000000000000000";;;"av";"env";"CBC_1001_MSI_AV_v3_Vset4_Aset2_2023-06-08_11h37.59.527.csv";"children";"v3"
"CBC_1001";"2";"hard";"0,90";"0,642857142857143";"0,428571428571429";"1,000000000000000";"2,56938453809542";"1,47302500000068903";"4,16821710000067";"0,0454545454545455";"0,0000000000000000";;;"tv";"vib";"CBC_1001_MSI_TV_v3_Vset1_Tset1_2023-06-08_11h53.34.814.csv";"children";"v3"
"CBC_1002";"1";"hard";"0,95";"0,682926829268293";"0,000000000000000";"0,700000000000000";"2,66642787560899";"2,24819369999931951";"5,34719419999965";"0,0681818181818182";"0,0243902439024390";;;"tv";"vib";"CBC_1002_MSI_TV_v3_Vset1_Tset3_2023-05-31_16h13.57.205.csv";"children";"v3"
"CBC_1002";"2";"hard";"0,95";"0,578947368421053";"0,000000000000000";"0,578947368421053";"2,49428667368394";"1,45364659999904688";"3,79878160000044";"0,1363636363636364";"0,0000000000000000";;;"av";"env";"CBC_1002_MSI_AV_v3_Vset4_Aset2_2023-05-31_16h22.12.197.csv";"children";"v3"
"CBC_1003";"1";"hard";"0,80";"0,500000000000000";"0,400000000000000";"1,000000000000000";"2,17934005500016";"0,59910489999992933";"4,24118630000021";"0,0909090909090909";"0,0000000000000000";;;"av";"env";"CBC_1003_MSI_AV_v3_Vset4_Aset3_2023-06-14_14h56.33.053.csv";"children";"v3"
"CBC_1003";"3";"hard";"0,95";"0,675000000000000";"0,657894736842105";"1,000000000000000";"2,22985396000013";"0,83969769999930577";"5,34942330000013";"0,0909090909090909";"0,0250000000000000";;;"tv";"vib";"CBC_1003_MSI_TV_v3_Vset5_Tset3_2023-06-14_16h21.52.910.csv";"children";"v3"
"CBC_1005";"1";"easy";"0,95";"0,395348837209302";"0,000000000000000";"0,666666666666667";"2,62987457441840";"1,67739559999972698";"5,27325980000023";"0,0227272727272727";"0,0232558139534884";;;"av";"env";"CBC_1005_MSI_AV_v3_Vset5_Aset2_2023-06-03_12h46.50.942.csv";"children";"v3"
"CBC_1005";"2";"hard";"0,90";"0,488372093023256";"0,444444444444444";"1,000000000000000";"2,81159566046467";"1,92301380000026256";"3,84742909999841";"0,0227272727272727";"0,0000000000000000";;;"tv";"vib";"CBC_1005_MSI_TV_v3_Vset2_Tset1_2023-06-03_12h55.30.379.csv";"children";"v3"
"CBC_1006";"1";"hard";"0,95";"0,720930232558139";"0,000000000000000";"0,720930232558139";"2,33068871395301";"1,25560809999933554";"3,38084520000029";"0,0227272727272727";"0,0000000000000000";;;"av";"env";"CBC_1006_MSI_AV_v3_Vset1_Aset3_2023-06-03_11h59.24.512.csv";"children";"v3"
"CBC_1006";"2";"hard";"0,90";"0,571428571428571";"0,000000000000000";"0,666666666666667";"2,44037947142916";"1,07595330000094691";"3,27190340000107";"0,0454545454545455";"0,0000000000000000";;;"tv";"vib";"CBC_1006_MSI_TV_v3_Vset4_Tset3_2023-06-03_12h08.01.236.csv";"children";"v3"
"CBC_1007";"3";"hard";"0,90";"0,813953488372093";"0,000000000000000";"0,813953488372093";"1,76047111395362";"0,98273379999955068";"3,50904509999964";"0,0227272727272727";"0,0232558139534884";;;"av";"env";"CBC_1007_MSI_AV_v3_Vset2_Aset1_2023-06-21_15h59.48.192.csv";"children";"v3"
"CBC_1007";"4";"easy";"0,95";"0,931818181818182";"0,750000000000000";"1,000000000000000";"2,28289347727257";"1,11930349999965983";"3,89634430000115";"0,0000000000000000";"0,0000000000000000";;;"tv";"vib";"CBC_1007_MSI_TV_v3_Vset5_Tset1_2023-06-21_16h08.10.582.csv";"children";"v3"
"CBC_1013";"1";"hard";"0,95";"0,704545454545455";"0,333333333333333";"1,000000000000000";"2,08328750681804";"1,06522469999981695";"3,63241629999902";"0,0000000000000000";"0,0000000000000000";;;"av";"env";"CBC_1013_MSI_AV_v3_Vset5_Aset2_2023-06-23_14h24.40.256.csv";"children";"v3"
"CBC_1013";"2";"easy";"0,95";"0,409090909090909";"0,000000000000000";"0,538461538461538";"2,64791045909310";"1,82462020000093617";"3,34097050000128";"0,0000000000000000";"0,0000000000000000";;;"tv";"vib";"CBC_1013_MSI_TV_v3_Vset2_Tset1_2023-06-23_14h33.16.590.csv";"children";"v3"
"CBC_1014";"1";"hard";"0,95";"0,595238095238095";"0,200000000000000";"1,000000000000000";"2,85191392142871";"1,32539670000005572";"4,35108949999994";"0,0454545454545455";"0,0000000000000000";;;"tv";"vib";"CBC_1014_MSI_TV_v3_Vset4_Tset3_2023-06-25_10h42.28.156.csv";"children";"v3"
"CBC_1014";"2";"easy";"0,95";"0,500000000000000";"0,000000000000000";"0,571428571428571";"2,61273775714288";"0,36763550000023315";"4,52554110000028";"0,0454545454545455";"0,0000000000000000";;;"av";"env";"CBC_1014_MSI_AV_v3_Vset1_Aset1_2023-06-25_10h51.07.076.csv";"children";"v3"
"CBC_1015";"1";"hard";"0,95";"0,930232558139535";"0,000000000000000";"0,930232558139535";"1,51653016046585";"0,79406519999974989";"2,92763870000090";"0,0227272727272727";"0,0000000000000000";;;"av";"env";"CBC_1015_MSI_AV_v3_Vset1_Aset2_2023-06-25_14h04.10.751.csv";"children";"v3"
"CBC_1015";"2";"hard";"0,95";"0,767441860465116";"0,500000000000000";"1,000000000000000";"2,29380665348964";"1,04467970000223431";"4,17986789999850";"0,0227272727272727";"0,0000000000000000";;;"tv";"vib";"CBC_1015_MSI_TV_v3_Vset4_Tset3_2023-06-25_14h12.36.349.csv";"children";"v3"
"CBC_1016";"1";"hard";"0,95";"0,772727272727273";"0,562500000000000";"1,000000000000000";"2,26377036363928";"1,11612090000562603";"3,30740410000362";"0,0000000000000000";"0,0000000000000000";;;"tv";"vib";"CBC_1016_MSI_TV_v3_Vset2_Tset3_2023-06-25_14h56.17.212.csv";"children";"v3"
"CBC_1016";"2";"hard";"0,95";"0,795454545454545";"0,500000000000000";"1,000000000000000";"2,14461785908952";"0,76747429999886663";"3,40483680000034";"0,0000000000000000";"0,0000000000000000";;;"av";"env";"CBC_1016_MSI_AV_v3_Vset5_Aset2_2023-06-25_15h04.51.235.csv";"children";"v3"
"CBC_1017";"2";"hard";"0,90";"0,931818181818182";"0,800000000000000";"1,000000000000000";"2,40572344545455";"1,34220339999997407";"4,23765849999997";"0,0000000000000000";"0,0227272727272727";;;"tv";"vib";"CBC_1017_MSI_TV_v3_Vset5_Tset1_2023-06-25_09h48.15.887.csv";"children";"v3"
"CBC_1017";"3";"hard";"0,95";"0,909090909090909";"0,727272727272727";"1,000000000000000";"1,99483984772726";"1,13334820000000036";"3,29068979999988";"0,0000000000000000";"0,0000000000000000";;;"av";"env";"CBC_1017_MSI_AV_v3_Vset3_Aset3_2023-06-25_10h04.01.692.csv";"children";"v3"
"CBC_1019";"1";"hard";"0,95";"0,818181818181818";"0,692307692307692";"1,000000000000000";"1,96742356590948";"1,01821670000026643";"3,91199170000073";"0,0000000000000000";"0,0000000000000000";;;"av";"env";"CBC_1019_MSI_AV_v3_Vset2_Aset1_2023-06-28_16h08.36.821.csv";"children";"v3"
"CBC_1019";"2";"hard";"0,90";"0,744186046511628";"0,000000000000000";"0,744186046511628";"2,26033219534884";"1,14783890000000000";"3,78075090000000";"0,0000000000000000";"0,0000000000000000";;;"tv";"vib";"CBC_1019_MSI_TV_v3_Vset5_Tset2_2023-06-28_16h17.24.850.csv";"children";"v3"
"CBC_1020";"2";"hard";"0,95";"0,386363636363636";"0,000000000000000";"0,666666666666667";"2,62525171136364";"1,46022720000000006";"5,24850820000000";"0,0000000000000000";"0,0454545454545455";;;"tv";"vib";"CBC_1020_MSI_TV_v3_Vset1_Tset2_2023-06-28_15h03.37.595.csv";"children";"v3"
"CBC_1020";"3";"hard";"0,90";"0,977272727272727";"0,954545454545455";"1,000000000000000";"1,66460809318195";"0,90077650000057474";"3,49203209999996";"0,0000000000000000";"0,0227272727272727";;;"av";"env";"CBC_1020_MSI_AV_v3_Vset6_Aset1_2023-06-28_15h13.22.031.csv";"children";"v3"
"CBC_1024";"1";"hard";"0,95";"0,681818181818182";"0,000000000000000";"0,720000000000000";"3,00305854090886";"1,60864320000018779";"5,15493020000031";"0,0000000000000000";"0,0000000000000000";;;"tv";"vib";"CBC_1024_MSI_TV_v3_Vset3_Tset1_2023-07-05_15h02.58.307.csv";"children";"v3"
"CBC_1024";"2";"hard";"0,95";"0,744186046511628";"0,625000000000000";"1,000000000000000";"2,65746066046542";"1,33078180000029533";"4,77649889999975";"0,0227272727272727";"0,0000000000000000";;;"av";"env";"CBC_1024_MSI_AV_v3_Vset6_Aset3_2023-07-05_15h12.04.977.csv";"children";"v3"
"CBC_1027";"1";"hard";"0,95";"0,681818181818182";"0,000000000000000";"0,812500000000000";"1,92232268181773";"1,05378839999866614";"3,56871849999879";"0,0000000000000000";"0,0000000000000000";;;"av";"env";"CBC_1027_MSI_AV_v3_Vset5_Aset1_2023-07-21_16h27.29.899.csv";"children";"v3"
"CBC_1027";"2";"hard";"0,95";"0,818181818181818";"0,500000000000000";"1,000000000000000";"2,01097496818164";"0,85342759999912232";"4,46111899999960";"0,0000000000000000";"0,0227272727272727";;;"tv";"vib";"CBC_1027_MSI_TV_v3_Vset2_Tset2_2023-07-21_16h36.05.936.csv";"children";"v3"
"CBC_1029";"1";"easy";"0,95";"0,613636363636364";"0,000000000000000";"0,800000000000000";"2,51725854545405";"1,28888779999942926";"3,65741829999934";"0,0000000000000000";"0,0000000000000000";;;"av";"env";"CBC_1029_MSI_AV_v3_Vset2_Aset2_2023-07-21_14h51.03.497.csv";"children";"v3"
"CBC_1029";"2";"hard";"0,95";"0,522727272727273";"0,448275862068966";"1,000000000000000";"2,32215175454580";"1,20068580000042857";"3,96560479999971";"0,0000000000000000";"0,0000000000000000";;;"tv";"vib";"CBC_1029_MSI_TV_v3_Vset5_Tset2_2023-07-21_14h59.39.665.csv";"children";"v3"
"CBC_1033";"2";"easy";"0,95";"1,000000000000000";"1,000000000000000";"1,000000000000000";"1,36061676590938";"0,71329020000030141";"2,51908509999976";"0,0000000000000000";"0,0000000000000000";;;"av";"env";"CBC_1033_MSI_AV_v3_Vset1_Aset1_2023-12-13_14h51.00.395.csv";"children";"v3"
"CBC_1033";"3";"easy";"0,95";"0,744186046511628";"0,285714285714286";"1,000000000000000";"2,14512606046529";"1,18501640000067709";"3,74355310000010";"0,0227272727272727";"0,0000000000000000";;;"tv";"vib";"CBC_1033_MSI_TV_v3_Vset2_Tset3_2023-12-13_15h01.20.123.csv";"children";"v3"
"CBC_1036";"1";"hard";"0,95";"0,666666666666667";"0,000000000000000";"0,666666666666667";"2,35014945714366";"-0,01724049999938870";"4,34973530000116";"0,0454545454545455";"0,0000000000000000";;;"tv";"vib";"CBC_1036_MSI_TV_v3_Vset2_Tset3_2023-12-06_14h51.37.594.csv";"children";"v3"
"CBC_1036";"3";"hard";"0,95";"0,750000000000000";"0,000000000000000";"0,777777777777778";"1,87609534772690";"0,94607709999945655";"3,56627889999982";"0,0000000000000000";"0,0000000000000000";;;"av";"env";"CBC_1036_MSI_AV_v3_Vset3_Aset1_2023-12-06_15h58.00.246.csv";"children";"v3"
"CBC_1037";"1";"hard";"0,95";"0,750000000000000";"0,500000000000000";"1,000000000000000";"2,41098767045474";"1,13264540000000125";"4,29734139999982";"0,0000000000000000";"0,0000000000000000";;;"av";"env";"CBC_1037_MSI_AV_v3_Vset3_Aset2_2024-01-04_12h44.35.607.csv";"children";"v3"
"CBC_1037";"3";"hard";"0,90";"0,512195121951220";"0,000000000000000";"0,714285714285714";"2,92593511707341";"0,11797509999996691";"4,72891400000026";"0,0681818181818182";"0,0000000000000000";;;"tv";"vib";"CBC_1037_MSI_TV_v3_Vset1_Tset3_2024-01-04_13h52.51.148.csv";"children";"v3"
"CBC_1040";"1";"hard";"0,90";"0,795454545454545";"0,500000000000000";"1,000000000000000";"2,57538201590881";"1,44367869999950926";"3,39026529999956";"0,0000000000000000";"0,0000000000000000";;;"tv";"vib";"CBC_1040_MSI_TV_v3_Vset6_Tset2_2023-12-20_15h38.50.725.csv";"children";"v3"
"CBC_1040";"2";"hard";"0,90";"0,909090909090909";"0,500000000000000";"1,000000000000000";"2,30474697045386";"1,64602689999901486";"3,24532869999894";"0,0000000000000000";"0,0227272727272727";;;"av";"env";"CBC_1040_MSI_AV_v3_Vset5_Aset3_2023-12-20_15h47.19.244.csv";"children";"v3"
"CBC_1051";"2";"hard";"0,95";"0,452380952380952";"0,250000000000000";"1,000000000000000";"2,21514359285634";"1,03571649999867077";"3,28585469999962";"0,0454545454545455";"0,0000000000000000";;;"av";"env";"CBC_1051_MSI_AV_v3_Vset1_Aset1_2024-05-03_16h25.09.705.csv";"children";"v3"
"CBC_1051";"3";"hard";"0,95";"0,813953488372093";"0,000000000000000";"0,888888888888889";"2,60417370930305";"1,45111499999984517";"4,18418820000079";"0,0227272727272727";"0,0000000000000000";;;"tv";"vib";"CBC_1051_MSI_TV_v3_Vset2_Tset1_2024-05-03_17h13.22.033.csv";"children";"v3"
"CBC_1058";"1";"hard";"0,90";"0,886363636363636";"0,666666666666667";"1,000000000000000";"2,21853548409054";"1,07649709999986953";"3,51866869999958";"0,0000000000000000";"0,0000000000000000";;;"tv";"vib";"CBC_1058_MSI_TV_v3_Vset4_Tset1_2024-01-26_14h07.19.138.csv";"children";"v3"
"CBC_1058";"2";"hard";"0,90";"0,953488372093023";"0,000000000000000";"0,953488372093023";"1,97483118604624";"0,91774599999916973";"5,68777529999988";"0,0227272727272727";"0,0232558139534884";;;"av";"env";"CBC_1058_MSI_AV_v3_Vset5_Aset3_2024-01-26_14h15.51.953.csv";"children";"v3"
"CBC_1072";"1";"hard";"0,95";"0,409090909090909";"0,000000000000000";"0,428571428571429";"2,22354157727287";"1,35464270000011311";"3,32132100000035";"0,0000000000000000";"0,0000000000000000";;;"tv";"vib";"CBC_1072_MSI_TV_v3_Vset5_Tset2_2024-02-02_14h13.45.206.csv";"children";"v3"
"CBC_1072";"3";"easy";"0,95";"0,651162790697674";"0,333333333333333";"1,000000000000000";"2,39288022558216";"1,44874739999977464";"3,50824370000191";"0,0227272727272727";"0,0000000000000000";;;"av";"env";"CBC_1072_MSI_AV_v3_Vset6_Aset2_2024-02-02_15h59.48.628.csv";"children";"v3"
"CBC_1075";"2";"hard";"0,95";"0,568181818181818";"0,000000000000000";"0,575000000000000";"2,56711076818320";"0,91214280000167491";"3,82870810000168";"0,0000000000000000";"0,0000000000000000";;;"av";"env";"CBC_1075_MSI_AV_v3_Vset3_Aset3_2024-03-13_15h01.44.828.csv";"children";"v3"
"CBC_1075";"3";"hard";"0,95";"0,545454545454545";"0,000000000000000";"0,578947368421053";"2,80953190000020";"0,14782179999747314";"3,95638980000149";"0,0000000000000000";"0,0000000000000000";;;"tv";"vib";"CBC_1075_MSI_TV_v3_Vset2_Tset1_2024-03-13_17h09.54.370.csv";"children";"v3"
"CBC_1102";"1";"easy";"0,95";"0,500000000000000";"0,000000000000000";"0,521739130434783";"2,83935398499984";"1,60259410000071512";"6,23177209999994";"0,0909090909090909";"0,0250000000000000";;;"tv";"vib";"CBC_1102_MSI_TV_v3_Vset4_Tset3_2024-05-26_11h06.10.825.csv";"children";"v3"
"CBC_1102";"3";"easy";"0,95";"0,627906976744186";"0,000000000000000";"0,777777777777778";"2,43765779767459";"1,04698450000068988";"5,80161009999938";"0,0227272727272727";"0,0232558139534884";;;"av";"env";"CBC_1102_MSI_AV_v3_Vset6_Aset3_2024-05-26_14h20.21.975.csv";"children";"v3"
"CBC_1109";"1";"hard";"0,95";"0,785714285714286";"0,600000000000000";"1,000000000000000";"2,47984681666685";"1,30650880000030156";"4,44489320000048";"0,0454545454545455";"0,0000000000000000";;;"av";"env";"CBC_1109_MSI_AV_v3_Vset3_Aset2_2024-06-07_14h04.19.059.csv";"children";"v3"
"CBC_1109";"3";"hard";"0,95";"0,651162790697674";"0,000000000000000";"0,750000000000000";"2,69209055348844";"1,04757389999940642";"4,22359289999986";"0,0227272727272727";"0,0000000000000000";;;"tv";"vib";"CBC_1109_MSI_TV_v3_Vset1_Tset3_2024-06-07_15h09.59.248.csv";"children";"v3"
"CBC_1142";"1";"hard";"0,95";"0,704545454545455";"0,000000000000000";"0,900000000000000";"2,26671132954547";"1,02625040000020817";"3,37730030000057";"0,0000000000000000";"0,0000000000000000";;;"tv";"vib";"CBC_1142_MSI_TV_v3_Vset6_Tset2_2024-11-06_14h55.07.235.csv";"children";"v3"
"CBC_1142";"2";"hard";"0,95";"0,697674418604651";"0,500000000000000";"1,000000000000000";"1,93278417674366";"0,72924069999862695";"2,94045899999946";"0,0227272727272727";"0,0000000000000000";;;"av";"env";"CBC_1142_MSI_AV_v3_Vset4_Aset2_2024-11-06_15h03.57.589.csv";"children";"v3"
"CBC_1143";"2";"hard";"0,90";"1,000000000000000";"1,000000000000000";"1,000000000000000";"2,25293714545466";"0,96912010000050941";"3,01747999999861";"0,0000000000000000";"0,0000000000000000";;;"tv";"vib";"CBC_1143_MSI_TV_v3_Vset2_Tset2_2024-09-27_16h22.40.071.csv";"children";"v3"
"CBC_1143";"3";"hard";"0,95";"0,886363636363636";"0,000000000000000";"0,900000000000000";"1,74531192727227";"0,96964699999989534";"3,11674579999999";"0,0000000000000000";"0,0000000000000000";;;"av";"env";"CBC_1143_MSI_AV_v3_Vset3_Aset2_2024-09-27_17h11.17.983.csv";"children";"v3"
"CBC_1144";"1";"hard";"0,90";"0,590909090909091";"0,000000000000000";"0,620689655172414";"2,32395041136366";"1,55777180000040971";"3,34402050000017";"0,0000000000000000";"0,0000000000000000";;;"tv";"vib";"CBC_1144_MSI_TV_v3_Vset5_Tset2_2024-10-16_13h57.49.373.csv";"children";"v3"
"CBC_1144";"3";"hard";"0,95";"0,931818181818182";"0,500000000000000";"1,000000000000000";"1,94055596818149";"0,92532879999998841";"3,22965049999948";"0,0000000000000000";"0,0000000000000000";;;"av";"env";"CBC_1144_MSI_AV_v3_Vset6_Aset2_2024-10-16_15h00.07.136.csv";"children";"v3"
