ID,filename,session,trial,visStimLeft,secondStim,mod2Type,frequency,rewardAccurate,yesKey,mod2Stim,stimPair,match,key,reactionTime,choice,choiceAccurate,reward,surprise,0A belief,1A belief,2A belief,0B belief,1B belief,2B belief,0C belief,1C belief,2C belief,beliefPair,lik,corrLik,rewardPE,update2,fit_percModel,fit_respModel,fit_startBelief,fit_alpha1,fit_nonDecisionTime,fit_weight,fit_startingBoundary,fit_startingPoint,fit_NLL
CBC_P008,CBC_P008_AV_prob0.9_Vset2_Aset3_2023-03-17_15h36.03.144.csv,1,1,0,2,aud,0.35,1,z,B,0B,0,z,2.4161073000032,1,0,0,2.19722457733622,0.5,0.5,0.5,0.5,0.5,0.5,0.5,0.5,0.5,0.5,0.117309148042396,0.49940334608799,-0.5,-0.0270623088756728,CBCsimpleRW,CBCdriftDiffusionLR,0.5,0.0541246177513456,0.662185552257687,8.52263295163631,2.32913820434014,0.5,48.5809728489116
CBC_P008,CBC_P008_AV_prob0.9_Vset2_Aset3_2023-03-17_15h36.03.144.csv,1,2,2,0,aud,0.5,1,z,C,2C,1,z,1.70315240000127,1,1,1,2.30258509299405,0.5,0.5,0.5,0.472937691124327,0.5,0.5,0.5,0.5,0.5,0.5,0.224261378984247,0.499894931361159,0.5,0.0270623088756728,CBCsimpleRW,CBCdriftDiffusionLR,0.5,0.0541246177513456,0.662185552257687,8.52263295163631,2.32913820434014,0.5,48.5809728489116
CBC_P008,CBC_P008_AV_prob0.9_Vset2_Aset3_2023-03-17_15h36.03.144.csv,1,3,1,2,aud,0.5,1,z,B,1B,1,b,2.40553490000093,0,0,0,2.39789527279837,0.5,0.5,0.5,0.472937691124327,0.5,0.5,0.5,0.5,0.527062308875673,0.5,0.118693284330013,0.500459845411002,-0.5,0.0270623088756728,CBCsimpleRW,CBCdriftDiffusionLR,0.5,0.0541246177513456,0.662185552257687,8.52263295163631,2.32913820434014,0.5,48.5809728489116
CBC_P008,CBC_P008_AV_prob0.9_Vset2_Aset3_2023-03-17_15h36.03.144.csv,1,4,2,0,aud,0.5,1,z,C,2C,1,z,2.32168410000304,1,1,1,1.79175946922805,0.5,0.5,0.5,0.472937691124327,0.527062308875673,0.5,0.5,0.5,0.527062308875673,0.527062308875673,0.183466886266282,0.744881216107385,0.472937691124327,0.0255975717523082,CBCsimpleRW,CBCdriftDiffusionLR,0.5,0.0541246177513456,0.662185552257687,8.52263295163631,2.32913820434014,0.5,48.5809728489116
CBC_P008,CBC_P008_AV_prob0.9_Vset2_Aset3_2023-03-17_15h36.03.144.csv,1,5,1,2,aud,0.5,1,z,B,1B,1,b,1.22565850000319,0,0,0,1.87180217690159,0.5,0.5,0.5,0.472937691124327,0.527062308875673,0.5,0.5,0.5,0.552659880627981,0.527062308875673,0.181219815059369,0.254221267210991,-0.472937691124327,0.0255975717523082,CBCsimpleRW,CBCdriftDiffusionLR,0.5,0.0541246177513456,0.662185552257687,8.52263295163631,2.32913820434014,0.5,48.5809728489116
CBC_P008,CBC_P008_AV_prob0.9_Vset2_Aset3_2023-03-17_15h36.03.144.csv,1,6,2,1,aud,0.35,1,z,A,2A,0,b,1.09195620000173,0,1,1,2.63905732961526,0.5,0.5,0.5,0.472937691124327,0.552659880627981,0.5,0.5,0.5,0.552659880627981,0.5,0.340582136578012,0.500292978366388,0.5,-0.0270623088756728,CBCsimpleRW,CBCdriftDiffusionLR,0.5,0.0541246177513456,0.662185552257687,8.52263295163631,2.32913820434014,0.5,48.5809728489116
CBC_P008,CBC_P008_AV_prob0.9_Vset2_Aset3_2023-03-17_15h36.03.144.csv,1,7,0,2,aud,0.35,0,z,B,0B,0,b,2.05880420000176,0,1,0,2.01490302054226,0.5,0.5,0.472937691124327,0.472937691124327,0.552659880627981,0.5,0.5,0.5,0.552659880627981,0.472937691124327,0.239750103084354,0.745486047409452,-0.527062308875673,0.0285270459990374,CBCsimpleRW,CBCdriftDiffusionLR,0.5,0.0541246177513456,0.662185552257687,8.52263295163631,2.32913820434014,0.5,48.5809728489116
CBC_P008,CBC_P008_AV_prob0.9_Vset2_Aset3_2023-03-17_15h36.03.144.csv,1,8,1,0,aud,0.35,1,z,C,1C,0,z,3.42471989999831,1,0,0,2.77258872223978,0.5,0.5,0.472937691124327,0.501464737123365,0.552659880627981,0.5,0.5,0.5,0.552659880627981,0.5,0.0468305679137892,0.499009707588462,-0.5,-0.0270623088756728,CBCsimpleRW,CBCdriftDiffusionLR,0.5,0.0541246177513456,0.662185552257687,8.52263295163631,2.32913820434014,0.5,48.5809728489116
CBC_P008,CBC_P008_AV_prob0.9_Vset2_Aset3_2023-03-17_15h36.03.144.csv,1,9,0,1,aud,0.5,1,z,A,0A,1,z,2.60926810000092,1,1,1,2.83321334405622,0.5,0.5,0.472937691124327,0.501464737123365,0.552659880627981,0.5,0.5,0.472937691124327,0.552659880627981,0.5,0.0985142681118644,0.499949326996507,0.5,0.0270623088756728,CBCsimpleRW,CBCdriftDiffusionLR,0.5,0.0541246177513456,0.662185552257687,8.52263295163631,2.32913820434014,0.5,48.5809728489116
CBC_P008,CBC_P008_AV_prob0.9_Vset2_Aset3_2023-03-17_15h36.03.144.csv,1,10,2,0,aud,0.5,1,z,C,2C,1,b,2.41023159999895,0,0,0,1.79175946922805,0.527062308875673,0.5,0.472937691124327,0.501464737123365,0.552659880627981,0.5,0.5,0.472937691124327,0.552659880627981,0.552659880627981,0.0204899183277495,0.109850961572381,-0.447340119372019,0.0242121129658518,CBCsimpleRW,CBCdriftDiffusionLR,0.5,0.0541246177513456,0.662185552257687,8.52263295163631,2.32913820434014,0.5,48.5809728489116
CBC_P008,CBC_P008_AV_prob0.9_Vset2_Aset3_2023-03-17_15h36.03.144.csv,1,11,0,1,aud,0.5,1,z,A,0A,1,z,2.52932599999986,1,1,1,2.2512917986065,0.527062308875673,0.5,0.472937691124327,0.501464737123365,0.552659880627981,0.5,0.5,0.472937691124327,0.576871993593833,0.527062308875673,0.148640512574587,0.7453736879774,0.472937691124327,0.0255975717523082,CBCsimpleRW,CBCdriftDiffusionLR,0.5,0.0541246177513456,0.662185552257687,8.52263295163631,2.32913820434014,0.5,48.5809728489116
CBC_P008,CBC_P008_AV_prob0.9_Vset2_Aset3_2023-03-17_15h36.03.144.csv,1,12,1,0,aud,0.35,1,z,C,1C,0,b,2.34272369999962,0,1,1,2.30258509299405,0.552659880627981,0.5,0.472937691124327,0.501464737123365,0.552659880627981,0.5,0.5,0.472937691124327,0.576871993593833,0.472937691124327,0.179744191731759,0.74586079150758,0.472937691124327,-0.0255975717523082,CBCsimpleRW,CBCdriftDiffusionLR,0.5,0.0541246177513456,0.662185552257687,8.52263295163631,2.32913820434014,0.5,48.5809728489116
CBC_P008,CBC_P008_AV_prob0.9_Vset2_Aset3_2023-03-17_15h36.03.144.csv,1,13,2,2,aud,0.15,1,z,B,2B,0,b,1.81164409999838,0,1,1,3.04452243772342,0.552659880627981,0.5,0.472937691124327,0.501464737123365,0.552659880627981,0.5,0.5,0.447340119372019,0.576871993593833,0.5,0.203148115698341,0.499381597753675,0.5,-0.0270623088756728,CBCsimpleRW,CBCdriftDiffusionLR,0.5,0.0541246177513456,0.662185552257687,8.52263295163631,2.32913820434014,0.5,48.5809728489116
CBC_P008,CBC_P008_AV_prob0.9_Vset2_Aset3_2023-03-17_15h36.03.144.csv,1,14,1,1,aud,0.15,1,z,A,1A,0,b,1.66131619999942,0,1,1,3.09104245335832,0.552659880627981,0.5,0.472937691124327,0.501464737123365,0.552659880627981,0.472937691124327,0.5,0.447340119372019,0.576871993593833,0.5,0.232913531535854,0.500068380059889,0.5,-0.0270623088756728,CBCsimpleRW,CBCdriftDiffusionLR,0.5,0.0541246177513456,0.662185552257687,8.52263295163631,2.32913820434014,0.5,48.5809728489116
CBC_P008,CBC_P008_AV_prob0.9_Vset2_Aset3_2023-03-17_15h36.03.144.csv,1,15,2,0,aud,0.5,1,z,C,2C,1,z,1.73251960000198,1,1,1,1.74919985480926,0.552659880627981,0.472937691124327,0.472937691124327,0.501464737123365,0.552659880627981,0.472937691124327,0.5,0.447340119372019,0.576871993593833,0.576871993593833,0.400905984558084,0.954859739968164,0.423128006406167,0.0229016416066227,CBCsimpleRW,CBCdriftDiffusionLR,0.5,0.0541246177513456,0.662185552257687,8.52263295163631,2.32913820434014,0.5,48.5809728489116
CBC_P008,CBC_P008_AV_prob0.9_Vset2_Aset3_2023-03-17_15h36.03.144.csv,1,16,0,1,aud,0.5,1,z,A,0A,1,z,1.83830200000011,1,1,1,2.07944154167984,0.552659880627981,0.472937691124327,0.472937691124327,0.501464737123365,0.552659880627981,0.472937691124327,0.5,0.447340119372019,0.599773635200455,0.552659880627981,0.351639875754244,0.890060932568705,0.447340119372019,0.0242121129658518,CBCsimpleRW,CBCdriftDiffusionLR,0.5,0.0541246177513456,0.662185552257687,8.52263295163631,2.32913820434014,0.5,48.5809728489116
CBC_P008,CBC_P008_AV_prob0.9_Vset2_Aset3_2023-03-17_15h36.03.144.csv,1,17,1,0,aud,0.35,0,z,C,1C,0,None,NaN,NaN,NaN,NaN,2.12026353620009,0.576871993593833,0.472937691124327,0.472937691124327,0.501464737123365,0.552659880627981,0.472937691124327,0.5,0.447340119372019,0.599773635200455,0.447340119372019,NaN,NaN,0,0,CBCsimpleRW,CBCdriftDiffusionLR,0.5,0.0541246177513456,0.662185552257687,8.52263295163631,2.32913820434014,0.5,48.5809728489116
CBC_P008,CBC_P008_AV_prob0.9_Vset2_Aset3_2023-03-17_15h36.03.144.csv,1,18,2,2,aud,0.15,1,z,B,2B,0,b,1.40061300000161,0,1,1,2.56494935746154,0.576871993593833,0.472937691124327,0.472937691124327,0.501464737123365,0.552659880627981,0.472937691124327,0.5,0.447340119372019,0.599773635200455,0.472937691124327,0.461897790847733,0.745938994079616,0.472937691124327,-0.0255975717523082,CBCsimpleRW,CBCdriftDiffusionLR,0.5,0.0541246177513456,0.662185552257687,8.52263295163631,2.32913820434014,0.5,48.5809728489116
CBC_P008,CBC_P008_AV_prob0.9_Vset2_Aset3_2023-03-17_15h36.03.144.csv,1,19,1,0,aud,0.35,1,z,C,1C,0,b,2.22765049999725,0,1,1,1.90954250488444,0.576871993593833,0.472937691124327,0.472937691124327,0.501464737123365,0.552659880627981,0.447340119372019,0.5,0.447340119372019,0.599773635200455,0.447340119372019,0.211026528654479,0.89009394597199,0.447340119372019,-0.0242121129658518,CBCsimpleRW,CBCdriftDiffusionLR,0.5,0.0541246177513456,0.662185552257687,8.52263295163631,2.32913820434014,0.5,48.5809728489116
CBC_P008,CBC_P008_AV_prob0.9_Vset2_Aset3_2023-03-17_15h36.03.144.csv,1,20,0,1,aud,0.5,1,z,A,0A,1,z,0.784880499999417,1,1,1,1.94591014905531,0.576871993593833,0.472937691124327,0.472937691124327,0.501464737123365,0.552659880627981,0.447340119372019,0.5,0.423128006406167,0.599773635200455,0.576871993593833,0.178095711285609,0.954889685270281,0.423128006406167,0.0229016416066227,CBCsimpleRW,CBCdriftDiffusionLR,0.5,0.0541246177513456,0.662185552257687,8.52263295163631,2.32913820434014,0.5,48.5809728489116
CBC_P008,CBC_P008_AV_prob0.9_Vset2_Aset3_2023-03-17_15h36.03.144.csv,1,21,2,0,aud,0.5,0,z,C,2C,1,b,1.23206960000243,0,0,1,1.75785791755237,0.599773635200455,0.472937691124327,0.472937691124327,0.501464737123365,0.552659880627981,0.447340119372019,0.5,0.423128006406167,0.599773635200455,0.599773635200455,0.019845270466832,0.0186488971653349,0.599773635200455,-0.0324625187425596,CBCsimpleRW,CBCdriftDiffusionLR,0.5,0.0541246177513456,0.662185552257687,8.52263295163631,2.32913820434014,0.5,48.5809728489116
CBC_P008,CBC_P008_AV_prob0.9_Vset2_Aset3_2023-03-17_15h36.03.144.csv,1,22,1,2,aud,0.5,1,z,B,1B,1,z,2.22703439999896,1,1,1,2.30258509299405,0.599773635200455,0.472937691124327,0.472937691124327,0.501464737123365,0.552659880627981,0.447340119372019,0.5,0.423128006406167,0.567311116457896,0.552659880627981,0.211210524193009,0.890034454103117,0.447340119372019,0.0242121129658518,CBCsimpleRW,CBCdriftDiffusionLR,0.5,0.0541246177513456,0.662185552257687,8.52263295163631,2.32913820434014,0.5,48.5809728489116
CBC_P008,CBC_P008_AV_prob0.9_Vset2_Aset3_2023-03-17_15h36.03.144.csv,1,23,0,0,aud,0.15,1,z,C,0C,0,b,1.58448960000169,0,1,1,3.43398720448515,0.599773635200455,0.472937691124327,0.472937691124327,0.501464737123365,0.576871993593833,0.447340119372019,0.5,0.423128006406167,0.567311116457896,0.5,0.24931347143938,0.499930862074611,0.5,-0.0270623088756728,CBCsimpleRW,CBCdriftDiffusionLR,0.5,0.0541246177513456,0.662185552257687,8.52263295163631,2.32913820434014,0.5,48.5809728489116
CBC_P008,CBC_P008_AV_prob0.9_Vset2_Aset3_2023-03-17_15h36.03.144.csv,1,24,1,2,aud,0.5,1,z,B,1B,1,z,1.90918100000272,1,1,1,2.07944154167984,0.599773635200455,0.472937691124327,0.472937691124327,0.501464737123365,0.576871993593833,0.447340119372019,0.472937691124327,0.423128006406167,0.567311116457896,0.576871993593833,0.293494085464106,0.954949726081844,0.423128006406167,0.0229016416066227,CBCsimpleRW,CBCdriftDiffusionLR,0.5,0.0541246177513456,0.662185552257687,8.52263295163631,2.32913820434014,0.5,48.5809728489116
CBC_P008,CBC_P008_AV_prob0.9_Vset2_Aset3_2023-03-17_15h36.03.144.csv,1,25,2,1,aud,0.35,1,z,A,2A,0,b,0.982875599998806,0,1,1,2.80336038090653,0.599773635200455,0.472937691124327,0.472937691124327,0.501464737123365,0.599773635200455,0.447340119372019,0.472937691124327,0.423128006406167,0.567311116457896,0.472937691124327,0.511138571835999,0.745870624545703,0.472937691124327,-0.0255975717523082,CBCsimpleRW,CBCdriftDiffusionLR,0.5,0.0541246177513456,0.662185552257687,8.52263295163631,2.32913820434014,0.5,48.5809728489116
CBC_P008,CBC_P008_AV_prob0.9_Vset2_Aset3_2023-03-17_15h36.03.144.csv,1,26,0,2,aud,0.35,1,z,B,0B,0,b,1.8631508000035,0,1,1,2.42774823594805,0.599773635200455,0.472937691124327,0.447340119372019,0.501464737123365,0.599773635200455,0.447340119372019,0.472937691124327,0.423128006406167,0.567311116457896,0.501464737123365,0.18838321998779,0.485169511100591,0.501464737123365,-0.0271415872125811,CBCsimpleRW,CBCdriftDiffusionLR,0.5,0.0541246177513456,0.662185552257687,8.52263295163631,2.32913820434014,0.5,48.5809728489116
CBC_P008,CBC_P008_AV_prob0.9_Vset2_Aset3_2023-03-17_15h36.03.144.csv,1,27,2,1,aud,0.35,1,z,A,2A,0,b,0.953919000003225,0,1,1,2.4567357728213,0.599773635200455,0.472937691124327,0.447340119372019,0.474323149910784,0.599773635200455,0.447340119372019,0.472937691124327,0.423128006406167,0.567311116457896,0.447340119372019,0.731111635448142,0.890531751071172,0.447340119372019,-0.0242121129658518,CBCsimpleRW,CBCdriftDiffusionLR,0.5,0.0541246177513456,0.662185552257687,8.52263295163631,2.32913820434014,0.5,48.5809728489116
CBC_P008,CBC_P008_AV_prob0.9_Vset2_Aset3_2023-03-17_15h36.03.144.csv,1,28,1,2,aud,0.5,1,z,B,1B,1,None,NaN,NaN,NaN,NaN,1.97408102602201,0.599773635200455,0.472937691124327,0.423128006406167,0.474323149910784,0.599773635200455,0.447340119372019,0.472937691124327,0.423128006406167,0.567311116457896,0.599773635200455,NaN,NaN,0,0,CBCsimpleRW,CBCdriftDiffusionLR,0.5,0.0541246177513456,0.662185552257687,8.52263295163631,2.32913820434014,0.5,48.5809728489116
CBC_P008,CBC_P008_AV_prob0.9_Vset2_Aset3_2023-03-17_15h36.03.144.csv,1,29,0,1,aud,0.5,1,z,A,0A,1,z,1.6872194000025,1,1,1,2.00148000021012,0.599773635200455,0.472937691124327,0.423128006406167,0.474323149910784,0.599773635200455,0.447340119372019,0.472937691124327,0.423128006406167,0.567311116457896,0.599773635200455,0.374289713163369,0.981350610616819,0.400226364799545,0.0216620990087859,CBCsimpleRW,CBCdriftDiffusionLR,0.5,0.0541246177513456,0.662185552257687,8.52263295163631,2.32913820434014,0.5,48.5809728489116
CBC_P008,CBC_P008_AV_prob0.9_Vset2_Aset3_2023-03-17_15h36.03.144.csv,1,30,1,2,aud,0.5,1,z,B,1B,1,z,1.16770610000094,1,1,1,1.84582669049833,0.621435734209241,0.472937691124327,0.423128006406167,0.474323149910784,0.599773635200455,0.447340119372019,0.472937691124327,0.423128006406167,0.567311116457896,0.599773635200455,1.17921075838791,0.981336607255208,0.400226364799545,0.0216620990087859,CBCsimpleRW,CBCdriftDiffusionLR,0.5,0.0541246177513456,0.662185552257687,8.52263295163631,2.32913820434014,0.5,48.5809728489116
CBC_P008,CBC_P008_AV_prob0.9_Vset2_Aset3_2023-03-17_15h36.03.144.csv,1,31,2,1,aud,0.35,1,z,A,2A,0,b,1.16837360000136,0,1,1,2.27726728500976,0.621435734209241,0.472937691124327,0.423128006406167,0.474323149910784,0.621435734209241,0.447340119372019,0.472937691124327,0.423128006406167,0.567311116457896,0.423128006406167,1.00585155077795,0.95475462058117,0.423128006406167,-0.0229016416066227,CBCsimpleRW,CBCdriftDiffusionLR,0.5,0.0541246177513456,0.662185552257687,8.52263295163631,2.32913820434014,0.5,48.5809728489116
CBC_P008,CBC_P008_AV_prob0.9_Vset2_Aset3_2023-03-17_15h36.03.144.csv,1,32,0,0,aud,0.15,1,z,C,0C,0,b,1.16608780000024,0,1,1,2.99573227355399,0.621435734209241,0.472937691124327,0.400226364799544,0.474323149910784,0.621435734209241,0.447340119372019,0.472937691124327,0.423128006406167,0.567311116457896,0.472937691124327,0.548376214496257,0.745398421770109,0.472937691124327,-0.0255975717523082,CBCsimpleRW,CBCdriftDiffusionLR,0.5,0.0541246177513456,0.662185552257687,8.52263295163631,2.32913820434014,0.5,48.5809728489116
CBC_P008,CBC_P008_AV_prob0.9_Vset2_Aset3_2023-03-17_15h36.03.144.csv,1,33,1,2,aud,0.5,1,z,B,1B,1,z,1.0310189999982,1,1,1,1.76766191764899,0.621435734209241,0.472937691124327,0.400226364799544,0.474323149910784,0.621435734209241,0.447340119372019,0.447340119372019,0.423128006406167,0.567311116457896,0.621435734209241,1.66788057906587,0.992013005999966,0.378564265790759,0.0204896461802436,CBCsimpleRW,CBCdriftDiffusionLR,0.5,0.0541246177513456,0.662185552257687,8.52263295163631,2.32913820434014,0.5,48.5809728489116
CBC_P008,CBC_P008_AV_prob0.9_Vset2_Aset3_2023-03-17_15h36.03.144.csv,1,34,0,1,aud,0.5,1,z,A,0A,1,z,1.11276260000159,1,1,1,1.94591014905531,0.621435734209241,0.472937691124327,0.400226364799544,0.474323149910784,0.641925380389485,0.447340119372019,0.447340119372019,0.423128006406167,0.567311116457896,0.621435734209241,1.44734161776655,0.99202075700885,0.378564265790759,0.0204896461802436,CBCsimpleRW,CBCdriftDiffusionLR,0.5,0.0541246177513456,0.662185552257687,8.52263295163631,2.32913820434014,0.5,48.5809728489116
CBC_P008,CBC_P008_AV_prob0.9_Vset2_Aset3_2023-03-17_15h36.03.144.csv,1,35,1,0,aud,0.35,1,z,C,1C,0,b,1.45544160000281,0,1,1,2.15176220325946,0.641925380389485,0.472937691124327,0.400226364799544,0.474323149910784,0.641925380389485,0.447340119372019,0.447340119372019,0.423128006406167,0.567311116457896,0.423128006406167,0.649091684078539,0.954932656190723,0.423128006406167,-0.0229016416066227,CBCsimpleRW,CBCdriftDiffusionLR,0.5,0.0541246177513456,0.662185552257687,8.52263295163631,2.32913820434014,0.5,48.5809728489116
CBC_P008,CBC_P008_AV_prob0.9_Vset2_Aset3_2023-03-17_15h36.03.144.csv,1,36,0,2,aud,0.35,1,z,B,0B,0,b,1.22970669999995,0,1,1,2.39789527279837,0.641925380389485,0.472937691124327,0.400226364799544,0.474323149910784,0.641925380389485,0.447340119372019,0.447340119372019,0.400226364799544,0.567311116457896,0.474323149910784,0.51853437009776,0.734783724885337,0.474323149910784,-0.0256725591795353,CBCsimpleRW,CBCdriftDiffusionLR,0.5,0.0541246177513456,0.662185552257687,8.52263295163631,2.32913820434014,0.5,48.5809728489116
CBC_P008,CBC_P008_AV_prob0.9_Vset2_Aset3_2023-03-17_15h36.03.144.csv,1,37,1,1,aud,0.15,1,z,A,1A,0,b,1.64520510000148,0,1,1,3.11351530921037,0.641925380389485,0.472937691124327,0.400226364799544,0.448650590731248,0.641925380389485,0.447340119372019,0.447340119372019,0.400226364799544,0.567311116457896,0.472937691124327,0.364623277304145,0.746256292906249,0.472937691124327,-0.0255975717523082,CBCsimpleRW,CBCdriftDiffusionLR,0.5,0.0541246177513456,0.662185552257687,8.52263295163631,2.32913820434014,0.5,48.5809728489116
CBC_P008,CBC_P008_AV_prob0.9_Vset2_Aset3_2023-03-17_15h36.03.144.csv,1,38,2,0,aud,0.5,1,z,C,2C,1,z,1.00590229999943,1,1,1,2.03688192726104,0.641925380389485,0.447340119372019,0.400226364799544,0.448650590731248,0.641925380389485,0.447340119372019,0.447340119372019,0.400226364799544,0.567311116457896,0.567311116457896,0.972074206377622,0.935246906683396,0.432688883542104,0.0234191204269729,CBCsimpleRW,CBCdriftDiffusionLR,0.5,0.0541246177513456,0.662185552257687,8.52263295163631,2.32913820434014,0.5,48.5809728489116
CBC_P008,CBC_P008_AV_prob0.9_Vset2_Aset3_2023-03-17_15h36.03.144.csv,1,39,0,1,aud,0.5,0,z,A,0A,1,z,0.880425899998954,1,1,0,1.90423745265475,0.641925380389485,0.447340119372019,0.400226364799544,0.448650590731248,0.641925380389485,0.447340119372019,0.447340119372019,0.400226364799544,0.590730236884869,0.641925380389485,1.79960825503624,0.99643294107591,-0.641925380389485,-0.034743965838468,CBCsimpleRW,CBCdriftDiffusionLR,0.5,0.0541246177513456,0.662185552257687,8.52263295163631,2.32913820434014,0.5,48.5809728489116
CBC_P008,CBC_P008_AV_prob0.9_Vset2_Aset3_2023-03-17_15h36.03.144.csv,1,40,2,0,aud,0.5,1,z,C,2C,1,z,1.49905289999879,1,1,1,1.92529086185258,0.607181414551017,0.447340119372019,0.400226364799544,0.448650590731248,0.641925380389485,0.447340119372019,0.447340119372019,0.400226364799544,0.590730236884869,0.590730236884869,0.59806607184152,0.97343544901023,0.409269763115131,0.0221515694857902,CBCsimpleRW,CBCdriftDiffusionLR,0.5,0.0541246177513456,0.662185552257687,8.52263295163631,2.32913820434014,0.5,48.5809728489116
CBC_P008,CBC_P008_AV_prob0.9_Vset2_Aset3_2023-03-17_15h36.03.144.csv,1,41,0,2,aud,0.35,1,z,B,0B,0,b,1.38127170000007,0,1,1,2.28238238567653,0.607181414551017,0.447340119372019,0.400226364799544,0.448650590731248,0.641925380389485,0.447340119372019,0.447340119372019,0.400226364799544,0.612881806370659,0.448650590731248,0.623031743854768,0.884574471665324,0.448650590731248,-0.0242830417272442,CBCsimpleRW,CBCdriftDiffusionLR,0.5,0.0541246177513456,0.662185552257687,8.52263295163631,2.32913820434014,0.5,48.5809728489116
CBC_P008,CBC_P008_AV_prob0.9_Vset2_Aset3_2023-03-17_15h36.03.144.csv,1,42,1,0,aud,0.35,1,z,C,1C,0,b,1.76695209999889,0,1,1,2.12026353620009,0.607181414551017,0.447340119372019,0.400226364799544,0.424367549004004,0.641925380389485,0.447340119372019,0.447340119372019,0.400226364799544,0.612881806370659,0.400226364799544,0.310634971932475,0.98130411119022,0.400226364799545,-0.0216620990087859,CBCsimpleRW,CBCdriftDiffusionLR,0.5,0.0541246177513456,0.662185552257687,8.52263295163631,2.32913820434014,0.5,48.5809728489116
CBC_P008,CBC_P008_TV_prob0.9_Vset4_Aset1_2023-03-17_15h27.47.120.csv,2,1,0,2,tac,0.5,1,z,A,0A,1,[],NaN,NaN,NaN,NaN,2.19722457733622,0.5,0.5,0.5,0.5,0.5,0.5,0.5,0.5,0.5,0.5,NaN,NaN,0,0,CBCsimpleRW,CBCdriftDiffusionLR,0.5,0.0258875966398152,0.981028106411275,14.3964968008288,2.50953419489535,0.5,55.8259297049153
CBC_P008,CBC_P008_TV_prob0.9_Vset4_Aset1_2023-03-17_15h27.47.120.csv,2,2,1,0,tac,0.35,1,z,C,1C,0,z,1.59818150000137,1,0,0,2.30258509299405,0.5,0.5,0.5,0.5,0.5,0.5,0.5,0.5,0.5,0.5,0.289236664788562,0.501600802941306,-0.5,-0.0129437983199076,CBCsimpleRW,CBCdriftDiffusionLR,0.5,0.0258875966398152,0.981028106411275,14.3964968008288,2.50953419489535,0.5,55.8259297049153
CBC_P008,CBC_P008_TV_prob0.9_Vset4_Aset1_2023-03-17_15h27.47.120.csv,2,3,0,1,tac,0.35,0,z,B,0B,0,z,2.0553390999994,1,0,1,2.39789527279837,0.5,0.5,0.5,0.5,0.5,0.5,0.5,0.487056201680092,0.5,0.5,0.21434802993324,0.500346617857154,0.5,0.0129437983199076,CBCsimpleRW,CBCdriftDiffusionLR,0.5,0.0258875966398152,0.981028106411275,14.3964968008288,2.50953419489535,0.5,55.8259297049153
CBC_P008,CBC_P008_TV_prob0.9_Vset4_Aset1_2023-03-17_15h27.47.120.csv,2,4,2,0,tac,0.5,1,z,C,2C,1,z,1.56019409999863,1,1,1,2.484906649788,0.5,0.5,0.5,0.512943798319908,0.5,0.5,0.5,0.487056201680092,0.5,0.5,0.291784893641567,0.500144267789235,0.5,0.0129437983199076,CBCsimpleRW,CBCdriftDiffusionLR,0.5,0.0258875966398152,0.981028106411275,14.3964968008288,2.50953419489535,0.5,55.8259297049153
CBC_P008,CBC_P008_TV_prob0.9_Vset4_Aset1_2023-03-17_15h27.47.120.csv,2,5,1,1,tac,0.5,1,z,B,1B,1,b,2.47692580000148,0,0,0,2.56494935746154,0.5,0.5,0.5,0.512943798319908,0.5,0.5,0.5,0.487056201680092,0.512943798319908,0.5,0.154521859674735,0.500227356125541,-0.5,0.0129437983199076,CBCsimpleRW,CBCdriftDiffusionLR,0.5,0.0258875966398152,0.981028106411275,14.3964968008288,2.50953419489535,0.5,55.8259297049153
CBC_P008,CBC_P008_TV_prob0.9_Vset4_Aset1_2023-03-17_15h27.47.120.csv,2,6,2,2,tac,0.35,1,z,A,2A,0,z,2.11445539999841,1,0,0,2.63905732961526,0.5,0.5,0.5,0.512943798319908,0.512943798319908,0.5,0.5,0.487056201680092,0.512943798319908,0.5,0.20489322528254,0.500397777931757,-0.5,-0.0129437983199076,CBCsimpleRW,CBCdriftDiffusionLR,0.5,0.0258875966398152,0.981028106411275,14.3964968008288,2.50953419489535,0.5,55.8259297049153
CBC_P008,CBC_P008_TV_prob0.9_Vset4_Aset1_2023-03-17_15h27.47.120.csv,2,7,0,1,tac,0.35,1,z,B,0B,0,b,2.71261929999673,0,1,1,2.01490302054226,0.5,0.5,0.487056201680092,0.512943798319908,0.512943798319908,0.5,0.5,0.487056201680092,0.512943798319908,0.512943798319908,0.0713290753479383,0.281803812912612,0.512943798319908,-0.0132788821498005,CBCsimpleRW,CBCdriftDiffusionLR,0.5,0.0258875966398152,0.981028106411275,14.3964968008288,2.50953419489535,0.5,55.8259297049153
CBC_P008,CBC_P008_TV_prob0.9_Vset4_Aset1_2023-03-17_15h27.47.120.csv,2,8,2,0,tac,0.5,1,z,C,2C,1,b,2.03854739999952,0,0,0,2.07944154167984,0.5,0.5,0.487056201680092,0.499664916170107,0.512943798319908,0.5,0.5,0.487056201680092,0.512943798319908,0.512943798319908,0.126158934497999,0.281534001545646,-0.487056201680092,0.0126087144900147,CBCsimpleRW,CBCdriftDiffusionLR,0.5,0.0258875966398152,0.981028106411275,14.3964968008288,2.50953419489535,0.5,55.8259297049153
CBC_P008,CBC_P008_TV_prob0.9_Vset4_Aset1_2023-03-17_15h27.47.120.csv,2,9,0,2,tac,0.5,1,z,A,0A,1,b,2.31432919999861,0,0,0,2.14006616349627,0.5,0.5,0.487056201680092,0.499664916170107,0.512943798319908,0.5,0.5,0.487056201680092,0.525552512809922,0.5,0.175576101157061,0.500617322336915,-0.5,0.0129437983199076,CBCsimpleRW,CBCdriftDiffusionLR,0.5,0.0258875966398152,0.981028106411275,14.3964968008288,2.50953419489535,0.5,55.8259297049153
CBC_P008,CBC_P008_TV_prob0.9_Vset4_Aset1_2023-03-17_15h27.47.120.csv,2,10,1,0,tac,0.35,1,z,C,1C,0,b,1.84939730000042,0,1,1,2.19722457733622,0.512943798319908,0.5,0.487056201680092,0.499664916170107,0.512943798319908,0.5,0.5,0.487056201680092,0.525552512809922,0.487056201680092,0.37522191101996,0.718902780126827,0.487056201680092,-0.0126087144900147,CBCsimpleRW,CBCdriftDiffusionLR,0.5,0.0258875966398152,0.981028106411275,14.3964968008288,2.50953419489535,0.5,55.8259297049153
CBC_P008,CBC_P008_TV_prob0.9_Vset4_Aset1_2023-03-17_15h27.47.120.csv,2,11,0,2,tac,0.5,1,z,A,0A,1,z,2.19765220000045,1,1,1,1.84582669049833,0.512943798319908,0.5,0.487056201680092,0.499664916170107,0.512943798319908,0.5,0.5,0.474447487190078,0.525552512809922,0.512943798319908,0.281697758684861,0.718261340733895,0.487056201680092,0.0126087144900147,CBCsimpleRW,CBCdriftDiffusionLR,0.5,0.0258875966398152,0.981028106411275,14.3964968008288,2.50953419489535,0.5,55.8259297049153
CBC_P008,CBC_P008_TV_prob0.9_Vset4_Aset1_2023-03-17_15h27.47.120.csv,2,12,1,1,tac,0.5,0,z,B,1B,1,z,2.05542769999738,1,1,0,2.30258509299405,0.525552512809922,0.5,0.487056201680092,0.499664916170107,0.512943798319908,0.5,0.5,0.474447487190078,0.525552512809922,0.512943798319908,0.31720895351284,0.717964741316148,-0.512943798319908,-0.0132788821498005,CBCsimpleRW,CBCdriftDiffusionLR,0.5,0.0258875966398152,0.981028106411275,14.3964968008288,2.50953419489535,0.5,55.8259297049153
CBC_P008,CBC_P008_TV_prob0.9_Vset4_Aset1_2023-03-17_15h27.47.120.csv,2,13,0,0,tac,0.15,1,z,C,0C,0,b,2.05769610000061,0,1,1,3.04452243772342,0.525552512809922,0.5,0.487056201680092,0.499664916170107,0.499664916170107,0.5,0.5,0.474447487190078,0.525552512809922,0.5,0.213436345803531,0.499113089059608,0.5,-0.0129437983199076,CBCsimpleRW,CBCdriftDiffusionLR,0.5,0.0258875966398152,0.981028106411275,14.3964968008288,2.50953419489535,0.5,55.8259297049153
CBC_P008,CBC_P008_TV_prob0.9_Vset4_Aset1_2023-03-17_15h27.47.120.csv,2,14,1,2,tac,0.15,1,z,A,1A,0,z,2.25085390000095,1,0,0,3.09104245335832,0.525552512809922,0.5,0.487056201680092,0.499664916170107,0.499664916170107,0.5,0.487056201680092,0.474447487190078,0.525552512809922,0.5,0.184045602495748,0.499475783238731,-0.5,-0.0129437983199076,CBCsimpleRW,CBCdriftDiffusionLR,0.5,0.0258875966398152,0.981028106411275,14.3964968008288,2.50953419489535,0.5,55.8259297049153
CBC_P008,CBC_P008_TV_prob0.9_Vset4_Aset1_2023-03-17_15h27.47.120.csv,2,15,0,1,tac,0.35,1,z,B,0B,0,b,2.55341020000196,0,1,1,2.03688192726104,0.525552512809922,0.487056201680092,0.487056201680092,0.499664916170107,0.499664916170107,0.5,0.487056201680092,0.474447487190078,0.525552512809922,0.499664916170107,0.147210081536068,0.505942331210878,0.499664916170107,-0.0129351238048788,CBCsimpleRW,CBCdriftDiffusionLR,0.5,0.0258875966398152,0.981028106411275,14.3964968008288,2.50953419489535,0.5,55.8259297049153
CBC_P008,CBC_P008_TV_prob0.9_Vset4_Aset1_2023-03-17_15h27.47.120.csv,2,16,1,2,tac,0.15,1,z,A,1A,0,z,2.28530400000091,1,0,0,2.484906649788,0.525552512809922,0.487056201680092,0.487056201680092,0.486729792365228,0.499664916170107,0.5,0.487056201680092,0.474447487190078,0.525552512809922,0.487056201680092,0.10224091662743,0.280722372470448,-0.487056201680092,-0.0126087144900147,CBCsimpleRW,CBCdriftDiffusionLR,0.5,0.0258875966398152,0.981028106411275,14.3964968008288,2.50953419489535,0.5,55.8259297049153
CBC_P008,CBC_P008_TV_prob0.9_Vset4_Aset1_2023-03-17_15h27.47.120.csv,2,17,2,0,tac,0.5,1,z,C,2C,1,z,2.1559156000003,1,1,1,2.12026353620009,0.525552512809922,0.474447487190078,0.487056201680092,0.486729792365228,0.499664916170107,0.5,0.487056201680092,0.474447487190078,0.525552512809922,0.525552512809922,0.363311708262245,0.863925945749283,0.474447487190078,0.0122823051751506,CBCsimpleRW,CBCdriftDiffusionLR,0.5,0.0258875966398152,0.981028106411275,14.3964968008288,2.50953419489535,0.5,55.8259297049153
CBC_P008,CBC_P008_TV_prob0.9_Vset4_Aset1_2023-03-17_15h27.47.120.csv,2,18,0,2,tac,0.5,1,z,A,0A,1,b,2.26998710000044,0,0,0,1.87180217690159,0.525552512809922,0.474447487190078,0.487056201680092,0.486729792365228,0.499664916170107,0.5,0.487056201680092,0.474447487190078,0.537834817985073,0.525552512809922,0.0510109477360787,0.136666843141203,-0.474447487190078,0.0122823051751506,CBCsimpleRW,CBCdriftDiffusionLR,0.5,0.0258875966398152,0.981028106411275,14.3964968008288,2.50953419489535,0.5,55.8259297049153
CBC_P008,CBC_P008_TV_prob0.9_Vset4_Aset1_2023-03-17_15h27.47.120.csv,2,19,2,0,tac,0.5,1,z,C,2C,1,z,1.22260659999665,1,1,1,1.90954250488444,0.537834817985073,0.474447487190078,0.487056201680092,0.486729792365228,0.499664916170107,0.5,0.487056201680092,0.474447487190078,0.537834817985073,0.537834817985073,0.549673901672701,0.938673968397571,0.462165182014927,0.0119643458129692,CBCsimpleRW,CBCdriftDiffusionLR,0.5,0.0258875966398152,0.981028106411275,14.3964968008288,2.50953419489535,0.5,55.8259297049153
CBC_P008,CBC_P008_TV_prob0.9_Vset4_Aset1_2023-03-17_15h27.47.120.csv,2,20,1,1,tac,0.5,1,z,B,1B,1,z,2.92067919999681,1,1,1,2.23359222150709,0.537834817985073,0.474447487190078,0.487056201680092,0.486729792365228,0.499664916170107,0.5,0.487056201680092,0.474447487190078,0.549799163798042,0.499664916170107,0.107766631322016,0.493829890915576,0.500335083829893,0.0129524728349364,CBCsimpleRW,CBCdriftDiffusionLR,0.5,0.0258875966398152,0.981028106411275,14.3964968008288,2.50953419489535,0.5,55.8259297049153
CBC_P008,CBC_P008_TV_prob0.9_Vset4_Aset1_2023-03-17_15h27.47.120.csv,2,21,2,2,tac,0.35,1,z,A,2A,0,b,2.3261625999985,0,1,1,2.67414864942653,0.537834817985073,0.474447487190078,0.487056201680092,0.486729792365228,0.512617389005044,0.5,0.487056201680092,0.474447487190078,0.549799163798042,0.487056201680092,0.252855057321456,0.718805180461754,0.487056201680092,-0.0126087144900147,CBCsimpleRW,CBCdriftDiffusionLR,0.5,0.0258875966398152,0.981028106411275,14.3964968008288,2.50953419489535,0.5,55.8259297049153
CBC_P008,CBC_P008_TV_prob0.9_Vset4_Aset1_2023-03-17_15h27.47.120.csv,2,22,0,1,tac,0.35,1,z,B,0B,0,b,2.24135780000142,0,1,1,2.01490302054226,0.537834817985073,0.474447487190078,0.474447487190078,0.486729792365228,0.512617389005044,0.5,0.487056201680092,0.474447487190078,0.549799163798042,0.486729792365228,0.273570920709327,0.72323150519916,0.486729792365228,-0.012600264537332,CBCsimpleRW,CBCdriftDiffusionLR,0.5,0.0258875966398152,0.981028106411275,14.3964968008288,2.50953419489535,0.5,55.8259297049153
CBC_P008,CBC_P008_TV_prob0.9_Vset4_Aset1_2023-03-17_15h27.47.120.csv,2,23,2,0,tac,0.5,1,z,C,2C,1,[],NaN,NaN,NaN,NaN,1.82454929205105,0.537834817985073,0.474447487190078,0.474447487190078,0.474129527827896,0.512617389005044,0.5,0.487056201680092,0.474447487190078,0.549799163798042,0.549799163798042,NaN,NaN,0,0,CBCsimpleRW,CBCdriftDiffusionLR,0.5,0.0258875966398152,0.981028106411275,14.3964968008288,2.50953419489535,0.5,55.8259297049153
CBC_P008,CBC_P008_TV_prob0.9_Vset4_Aset1_2023-03-17_15h27.47.120.csv,2,24,1,1,tac,0.5,1,z,B,1B,1,z,2.2523766000013,1,1,1,2.07944154167984,0.537834817985073,0.474447487190078,0.474447487190078,0.474129527827896,0.512617389005044,0.5,0.487056201680092,0.474447487190078,0.549799163798042,0.512617389005044,0.266742117206738,0.712882833706315,0.487382610994956,0.0126171644426974,CBCsimpleRW,CBCdriftDiffusionLR,0.5,0.0258875966398152,0.981028106411275,14.3964968008288,2.50953419489535,0.5,55.8259297049153
CBC_P008,CBC_P008_TV_prob0.9_Vset4_Aset1_2023-03-17_15h27.47.120.csv,2,25,0,2,tac,0.5,1,z,A,0A,1,z,2.34793039999931,1,1,1,1.88706964903238,0.537834817985073,0.474447487190078,0.474447487190078,0.474129527827896,0.525234553447741,0.5,0.487056201680092,0.474447487190078,0.549799163798042,0.537834817985073,0.297683837871415,0.93926459013587,0.462165182014927,0.0119643458129692,CBCsimpleRW,CBCdriftDiffusionLR,0.5,0.0258875966398152,0.981028106411275,14.3964968008288,2.50953419489535,0.5,55.8259297049153
CBC_P008,CBC_P008_TV_prob0.9_Vset4_Aset1_2023-03-17_15h27.47.120.csv,2,26,1,0,tac,0.35,1,z,C,1C,0,b,2.31882260000202,0,1,1,2.42774823594805,0.549799163798042,0.474447487190078,0.474447487190078,0.474129527827896,0.525234553447741,0.5,0.487056201680092,0.474447487190078,0.549799163798042,0.474447487190078,0.306320136308252,0.86391207741448,0.474447487190078,-0.0122823051751506,CBCsimpleRW,CBCdriftDiffusionLR,0.5,0.0258875966398152,0.981028106411275,14.3964968008288,2.50953419489535,0.5,55.8259297049153
CBC_P008,CBC_P008_TV_prob0.9_Vset4_Aset1_2023-03-17_15h27.47.120.csv,2,27,2,1,tac,0.15,1,z,B,2B,0,b,2.08869090000007,0,1,1,3.55534806148941,0.549799163798042,0.474447487190078,0.474447487190078,0.474129527827896,0.525234553447741,0.5,0.487056201680092,0.462165182014927,0.549799163798042,0.5,0.208647432014477,0.499598379834723,0.5,-0.0129437983199076,CBCsimpleRW,CBCdriftDiffusionLR,0.5,0.0258875966398152,0.981028106411275,14.3964968008288,2.50953419489535,0.5,55.8259297049153
CBC_P008,CBC_P008_TV_prob0.9_Vset4_Aset1_2023-03-17_15h27.47.120.csv,2,28,1,0,tac,0.35,0,z,C,1C,0,b,2.13478650000252,0,1,0,2.19722457733622,0.549799163798042,0.474447487190078,0.474447487190078,0.474129527827896,0.525234553447741,0.487056201680092,0.487056201680092,0.462165182014927,0.549799163798042,0.462165182014927,0.398761198006018,0.939140663406298,-0.537834817985073,0.013923250826846,CBCsimpleRW,CBCdriftDiffusionLR,0.5,0.0258875966398152,0.981028106411275,14.3964968008288,2.50953419489535,0.5,55.8259297049153
CBC_P008,CBC_P008_TV_prob0.9_Vset4_Aset1_2023-03-17_15h27.47.120.csv,2,29,0,1,tac,0.35,1,z,B,0B,0,b,2.40398769999956,0,1,1,2.00148000021012,0.549799163798042,0.474447487190078,0.474447487190078,0.474129527827896,0.525234553447741,0.487056201680092,0.487056201680092,0.476088432841773,0.549799163798042,0.474129527827896,0.280626717475609,0.866751181239341,0.474129527827896,-0.0122740739714346,CBCsimpleRW,CBCdriftDiffusionLR,0.5,0.0258875966398152,0.981028106411275,14.3964968008288,2.50953419489535,0.5,55.8259297049153
CBC_P008,CBC_P008_TV_prob0.9_Vset4_Aset1_2023-03-17_15h27.47.120.csv,2,30,2,0,tac,0.5,1,z,C,2C,1,z,1.77105980000124,1,1,1,1.84582669049833,0.549799163798042,0.474447487190078,0.474447487190078,0.461855453856462,0.525234553447741,0.487056201680092,0.487056201680092,0.476088432841773,0.549799163798042,0.549799163798042,0.705422731148558,0.973337516243009,0.450200836201958,0.0116546176545038,CBCsimpleRW,CBCdriftDiffusionLR,0.5,0.0258875966398152,0.981028106411275,14.3964968008288,2.50953419489535,0.5,55.8259297049153
CBC_P008,CBC_P008_TV_prob0.9_Vset4_Aset1_2023-03-17_15h27.47.120.csv,2,31,0,2,tac,0.5,1,z,A,0A,1,z,2.74543740000081,1,1,1,1.87180217690159,0.549799163798042,0.474447487190078,0.474447487190078,0.461855453856462,0.525234553447741,0.487056201680092,0.487056201680092,0.476088432841773,0.561453781452546,0.549799163798042,0.123297651832844,0.973383651545763,0.450200836201958,0.0116546176545038,CBCsimpleRW,CBCdriftDiffusionLR,0.5,0.0258875966398152,0.981028106411275,14.3964968008288,2.50953419489535,0.5,55.8259297049153
CBC_P008,CBC_P008_TV_prob0.9_Vset4_Aset1_2023-03-17_15h27.47.120.csv,2,32,2,1,tac,0.15,1,z,B,2B,0,b,2.30510440000216,0,1,1,2.99573227355399,0.561453781452546,0.474447487190078,0.474447487190078,0.461855453856462,0.525234553447741,0.487056201680092,0.487056201680092,0.476088432841773,0.561453781452546,0.487056201680092,0.257270103868868,0.718423865892978,0.487056201680092,-0.0126087144900147,CBCsimpleRW,CBCdriftDiffusionLR,0.5,0.0258875966398152,0.981028106411275,14.3964968008288,2.50953419489535,0.5,55.8259297049153
CBC_P008,CBC_P008_TV_prob0.9_Vset4_Aset1_2023-03-17_15h27.47.120.csv,2,33,1,0,tac,0.35,1,z,C,1C,0,b,1.98451800000112,0,1,1,2.10413415427021,0.561453781452546,0.474447487190078,0.474447487190078,0.461855453856462,0.525234553447741,0.474447487190078,0.487056201680092,0.476088432841773,0.561453781452546,0.476088432841773,0.4228318596389,0.849424377242017,0.476088432841773,-0.0123247853142896,CBCsimpleRW,CBCdriftDiffusionLR,0.5,0.0258875966398152,0.981028106411275,14.3964968008288,2.50953419489535,0.5,55.8259297049153
CBC_P008,CBC_P008_TV_prob0.9_Vset4_Aset1_2023-03-17_15h27.47.120.csv,2,34,2,2,tac,0.35,0,z,A,2A,0,b,2.10448380000162,0,1,0,2.63905732961526,0.561453781452546,0.474447487190078,0.474447487190078,0.461855453856462,0.525234553447741,0.474447487190078,0.487056201680092,0.463763647527483,0.561453781452546,0.474447487190078,0.383277429475176,0.863906457765257,-0.525552512809922,0.0136052914646646,CBCsimpleRW,CBCdriftDiffusionLR,0.5,0.0258875966398152,0.981028106411275,14.3964968008288,2.50953419489535,0.5,55.8259297049153
CBC_P008,CBC_P008_TV_prob0.9_Vset4_Aset1_2023-03-17_15h27.47.120.csv,2,35,1,1,tac,0.5,1,z,B,1B,1,z,2.91412380000111,1,1,1,2.15176220325946,0.561453781452546,0.474447487190078,0.488052778654742,0.461855453856462,0.525234553447741,0.474447487190078,0.487056201680092,0.463763647527483,0.561453781452546,0.525234553447741,0.163869026940038,0.860772272110183,0.474765446552259,0.0122905363788666,CBCsimpleRW,CBCdriftDiffusionLR,0.5,0.0258875966398152,0.981028106411275,14.3964968008288,2.50953419489535,0.5,55.8259297049153
CBC_P008,CBC_P008_TV_prob0.9_Vset4_Aset1_2023-03-17_15h27.47.120.csv,2,36,0,0,tac,0.15,1,z,C,0C,0,b,1.47938859999704,0,1,1,3.09104245335832,0.561453781452546,0.474447487190078,0.488052778654742,0.461855453856462,0.537525089826608,0.474447487190078,0.487056201680092,0.463763647527483,0.561453781452546,0.487056201680092,0.452316343192576,0.718415219348,0.487056201680092,-0.0126087144900147,CBCsimpleRW,CBCdriftDiffusionLR,0.5,0.0258875966398152,0.981028106411275,14.3964968008288,2.50953419489535,0.5,55.8259297049153
CBC_P008,CBC_P008_TV_prob0.9_Vset4_Aset1_2023-03-17_15h27.47.120.csv,2,37,1,1,tac,0.5,1,z,B,1B,1,z,2.28411249999772,1,1,1,2.01490302054226,0.561453781452546,0.474447487190078,0.488052778654742,0.461855453856462,0.537525089826608,0.474447487190078,0.474447487190078,0.463763647527483,0.561453781452546,0.537525089826608,0.325487644850613,0.93785486237589,0.462474910173392,0.0119723639306036,CBCsimpleRW,CBCdriftDiffusionLR,0.5,0.0258875966398152,0.981028106411275,14.3964968008288,2.50953419489535,0.5,55.8259297049153
CBC_P008,CBC_P008_TV_prob0.9_Vset4_Aset1_2023-03-17_15h27.47.120.csv,2,38,2,2,tac,0.35,1,z,A,2A,0,b,1.86244930000248,0,1,1,2.4423470353692,0.561453781452546,0.474447487190078,0.488052778654742,0.461855453856462,0.549497453757211,0.474447487190078,0.474447487190078,0.463763647527483,0.561453781452546,0.488052778654742,0.361457012956272,0.703925478355952,0.488052778654742,-0.012634513472755,CBCsimpleRW,CBCdriftDiffusionLR,0.5,0.0258875966398152,0.981028106411275,14.3964968008288,2.50953419489535,0.5,55.8259297049153
CBC_P008,CBC_P008_TV_prob0.9_Vset4_Aset1_2023-03-17_15h27.47.120.csv,2,39,1,0,tac,0.35,1,z,C,1C,0,b,1.32692769999994,0,1,1,2.058388132482,0.561453781452546,0.474447487190078,0.475418265181987,0.461855453856462,0.549497453757211,0.474447487190078,0.474447487190078,0.463763647527483,0.561453781452546,0.463763647527483,0.774733472927696,0.9319094277203,0.463763647527483,-0.0120057262434009,CBCsimpleRW,CBCdriftDiffusionLR,0.5,0.0258875966398152,0.981028106411275,14.3964968008288,2.50953419489535,0.5,55.8259297049153
CBC_P008,CBC_P008_TV_prob0.9_Vset4_Aset1_2023-03-17_15h27.47.120.csv,2,40,0,2,tac,0.5,1,z,A,0A,1,z,2.19893540000339,1,1,1,1.92529086185258,0.561453781452546,0.474447487190078,0.475418265181987,0.461855453856462,0.549497453757211,0.474447487190078,0.474447487190078,0.451757921284083,0.561453781452546,0.561453781452546,0.262789980628594,0.988308614835496,0.438546218547454,0.0113529076136727,CBCsimpleRW,CBCdriftDiffusionLR,0.5,0.0258875966398152,0.981028106411275,14.3964968008288,2.50953419489535,0.5,55.8259297049153
CBC_P008,CBC_P008_TV_prob0.9_Vset4_Aset1_2023-03-17_15h27.47.120.csv,2,41,1,1,tac,0.5,1,z,B,1B,1,z,2.26159740000003,1,1,1,1.94591014905531,0.572806689066219,0.474447487190078,0.475418265181987,0.461855453856462,0.549497453757211,0.474447487190078,0.474447487190078,0.451757921284083,0.561453781452546,0.549497453757211,0.297612586565313,0.972771563678577,0.450502546242789,0.011662428202343,CBCsimpleRW,CBCdriftDiffusionLR,0.5,0.0258875966398152,0.981028106411275,14.3964968008288,2.50953419489535,0.5,55.8259297049153
CBC_P008,CBC_P008_TV_prob0.9_Vset4_Aset1_2023-03-17_15h27.47.120.csv,2,42,2,0,tac,0.5,1,z,C,2C,1,z,1.13707449999856,1,1,1,1.96611285637283,0.572806689066219,0.474447487190078,0.475418265181987,0.461855453856462,0.561159881959554,0.474447487190078,0.474447487190078,0.451757921284083,0.561453781452546,0.561453781452546,0.377015090075968,0.988315892702241,0.438546218547454,0.0113529076136727,CBCsimpleRW,CBCdriftDiffusionLR,0.5,0.0258875966398152,0.981028106411275,14.3964968008288,2.50953419489535,0.5,55.8259297049153
