ID,filename,session,trial,visStimLeft,visStimRight,correctKey,leftCorrect,rightCorrect,secondStim,mod2Type,mod2Stim,frequency,rewardAccurate,stimPairLeft,stimPairRight,pCorrectLeft,pCorrectRight,key,reactionTime,choiceLeft,choiceRight,choiceAccurate,reward,chosenPair,otherPair,triplet,surprise,0A belief,1A belief,2A belief,3A belief,0B belief,1B belief,2B belief,3B belief,0C belief,1C belief,2C belief,3C belief,0D belief,1D belief,2D belief,3D belief,beliefPair,beliefOtherPair,beliefPairNorm,beliefOtherPairNorm,prob,lik,rewardPE,update2,fitCBCsimpleRW_CBCsimpleSigmoid_startBelief,fitCBCsimpleRW_CBCsimpleSigmoid_alpha1,fitCBCsimpleRW_CBCsimpleSigmoid_beta,fit_CBCsimpleRW_CBCsimpleSigmoid_NLL
CBC_1001,CBC_1001_MSI_AV_v3_Vset4_Aset2_2023-06-08_11h37.59.527.csv,1,1,3,1,z,0,1,1,aud,B,27,1,3B,1B,0,1,z,2.5182563999997,0,1,1,1,1B,3B,B31,2.77258872223978,0.5,0.5,0.5,0.5,0.5,0.5,0.5,0.5,0.5,0.5,0.5,0.5,0.5,0.5,0.5,0.5,0.5,0.5,0.5,0.5,0.5,0.5,0.5,0.0832976017213474,0.5,0.166595203442695,14.9999998788953,15.617384374329
CBC_1001,CBC_1001_MSI_AV_v3_Vset4_Aset2_2023-06-08_11h37.59.527.csv,1,2,2,3,b,1,0,2,aud,C,63,1,2C,3C,1,0,z,2.24184400000013,0,1,0,0,3C,2C,C23,2.83321334405622,0.5,0.5,0.5,0.5,0.5,0.583297601721347,0.5,0.5,0.5,0.5,0.5,0.5,0.5,0.5,0.5,0.5,0.5,0.5,0.5,0.5,0.5,0.5,-0.5,-0.0832976017213474,0.5,0.166595203442695,14.9999998788953,15.617384374329
CBC_1001,CBC_1001_MSI_AV_v3_Vset4_Aset2_2023-06-08_11h37.59.527.csv,1,3,2,3,z,0,1,3,aud,D,63,1,2D,3D,0,1,b,2.57463349999989,1,0,0,0,2D,3D,D23,2.89037175789616,0.5,0.5,0.5,0.5,0.5,0.583297601721347,0.5,0.5,0.5,0.5,0.5,0.416702398278653,0.5,0.5,0.5,0.5,0.5,0.5,0.5,0.5,0.5,0.5,-0.5,-0.0832976017213474,0.5,0.166595203442695,14.9999998788953,15.617384374329
CBC_1001,CBC_1001_MSI_AV_v3_Vset4_Aset2_2023-06-08_11h37.59.527.csv,1,4,1,0,b,1,0,1,aud,B,63,0,1B,0B,0,1,b,2.42206690000012,1,0,1,0,1B,0B,B10,2.94443897916644,0.5,0.5,0.5,0.5,0.5,0.583297601721347,0.5,0.5,0.5,0.5,0.5,0.416702398278653,0.5,0.5,0.416702398278653,0.5,0.583297601721347,0.5,0.538446315024139,0.461553684975861,0.760129467597961,0.760129467597961,-0.583297601721347,-0.0971745826264038,0.5,0.166595203442695,14.9999998788953,15.617384374329
CBC_1001,CBC_1001_MSI_AV_v3_Vset4_Aset2_2023-06-08_11h37.59.527.csv,1,5,3,0,z,0,1,0,aud,A,9,1,3A,0A,0,1,z,3.39004290000003,0,1,1,1,0A,3A,A30,2.99573227355399,0.5,0.5,0.5,0.5,0.5,0.486123019094944,0.5,0.5,0.5,0.5,0.5,0.416702398278653,0.5,0.5,0.416702398278653,0.5,0.5,0.5,0.5,0.5,0.5,0.5,0.5,0.0832976017213474,0.5,0.166595203442695,14.9999998788953,15.617384374329
CBC_1001,CBC_1001_MSI_AV_v3_Vset4_Aset2_2023-06-08_11h37.59.527.csv,1,6,2,3,z,0,1,3,aud,D,63,1,2D,3D,NaN,NaN,[],NaN,NaN,NaN,NaN,NaN,,,D23,2.35137525716348,0.583297601721347,0.5,0.5,0.5,0.5,0.486123019094944,0.5,0.5,0.5,0.5,0.5,0.416702398278653,0.5,0.5,0.416702398278653,0.5,0,0,0,0,0,NaN,0,0,0.5,0.166595203442695,14.9999998788953,15.617384374329
CBC_1001,CBC_1001_MSI_AV_v3_Vset4_Aset2_2023-06-08_11h37.59.527.csv,1,7,2,0,b,1,0,2,aud,C,27,1,2C,0C,1,0,b,3.77247699999998,1,0,1,1,2C,0C,C20,3.09104245335832,0.583297601721347,0.5,0.5,0.5,0.5,0.486123019094944,0.5,0.5,0.5,0.5,0.5,0.416702398278653,0.5,0.5,0.416702398278653,0.5,0.5,0.5,0.5,0.5,0.5,0.5,0.5,0.0832976017213474,0.5,0.166595203442695,14.9999998788953,15.617384374329
CBC_1001,CBC_1001_MSI_AV_v3_Vset4_Aset2_2023-06-08_11h37.59.527.csv,1,8,1,0,z,0,1,0,aud,A,63,1,1A,0A,0,1,z,2.78982200000019,0,1,1,1,0A,1A,A10,3.13549421592915,0.583297601721347,0.5,0.5,0.5,0.5,0.486123019094944,0.5,0.5,0.5,0.5,0.583297601721347,0.416702398278653,0.5,0.5,0.416702398278653,0.5,0.583297601721347,0.5,0.538446315024139,0.461553684975861,0.760129467597961,0.760129467597961,0.416702398278653,0.0694206208162909,0.5,0.166595203442695,14.9999998788953,15.617384374329
CBC_1001,CBC_1001_MSI_AV_v3_Vset4_Aset2_2023-06-08_11h37.59.527.csv,1,9,0,1,z,0,1,1,aud,B,63,1,0B,1B,0,1,z,2.07255699999996,0,1,1,1,1B,0B,B01,3.17805383034795,0.652718222537638,0.5,0.5,0.5,0.5,0.486123019094944,0.5,0.5,0.5,0.5,0.583297601721347,0.416702398278653,0.5,0.5,0.416702398278653,0.5,0.486123019094944,0.5,0.492963869296048,0.507036130703952,0.447424091523982,0.447424091523982,0.513876980905056,0.0856094401783956,0.5,0.166595203442695,14.9999998788953,15.617384374329
CBC_1001,CBC_1001_MSI_AV_v3_Vset4_Aset2_2023-06-08_11h37.59.527.csv,1,10,3,1,b,1,0,3,aud,D,27,0,3D,1D,0,1,b,2.58499330000041,1,0,1,0,3D,1D,D31,3.2188758248682,0.652718222537638,0.5,0.5,0.5,0.5,0.571732459273339,0.5,0.5,0.5,0.5,0.583297601721347,0.416702398278653,0.5,0.5,0.416702398278653,0.5,0.5,0.5,0.5,0.5,0.5,0.5,-0.5,-0.0832976017213474,0.5,0.166595203442695,14.9999998788953,15.617384374329
CBC_1001,CBC_1001_MSI_AV_v3_Vset4_Aset2_2023-06-08_11h37.59.527.csv,1,11,2,3,b,1,0,2,aud,C,63,1,2C,3C,1,0,b,1.78561600000012,1,0,1,1,2C,3C,C23,2.56494935746154,0.652718222537638,0.5,0.5,0.5,0.5,0.571732459273339,0.5,0.5,0.5,0.5,0.583297601721347,0.416702398278653,0.5,0.5,0.416702398278653,0.416702398278653,0.583297601721347,0.416702398278653,0.583297601721347,0.416702398278653,0.924066636824355,0.924066636824355,0.416702398278653,0.0694206208162909,0.5,0.166595203442695,14.9999998788953,15.617384374329
CBC_1001,CBC_1001_MSI_AV_v3_Vset4_Aset2_2023-06-08_11h37.59.527.csv,1,12,0,1,z,0,1,1,aud,B,63,1,0B,1B,0,1,z,1.59718599999997,0,1,1,1,1B,0B,B01,2.60268968544438,0.652718222537638,0.5,0.5,0.5,0.5,0.571732459273339,0.5,0.5,0.5,0.5,0.652718222537638,0.416702398278653,0.5,0.5,0.416702398278653,0.416702398278653,0.571732459273339,0.5,0.533465655841933,0.466534344158067,0.731838346316237,0.731838346316237,0.428267540726661,0.0713473180752606,0.5,0.166595203442695,14.9999998788953,15.617384374329
CBC_1001,CBC_1001_MSI_AV_v3_Vset4_Aset2_2023-06-08_11h37.59.527.csv,1,13,1,0,z,0,1,0,aud,A,63,0,1A,0A,1,0,z,1.70943140000008,0,1,1,0,0A,1A,A10,2.63905732961526,0.652718222537638,0.5,0.5,0.5,0.5,0.6430797773486,0.5,0.5,0.5,0.5,0.652718222537638,0.416702398278653,0.5,0.5,0.416702398278653,0.416702398278653,0.652718222537638,0.5,0.566242651305294,0.433757348694706,0.879455026808983,0.879455026808983,-0.652718222537638,-0.108739725074412,0.5,0.166595203442695,14.9999998788953,15.617384374329
CBC_1001,CBC_1001_MSI_AV_v3_Vset4_Aset2_2023-06-08_11h37.59.527.csv,1,14,2,1,b,1,0,2,aud,C,9,1,2C,1C,1,0,z,3.18978910000033,0,1,0,0,1C,2C,C21,3.36729582998647,0.543978497463226,0.5,0.5,0.5,0.5,0.6430797773486,0.5,0.5,0.5,0.5,0.652718222537638,0.416702398278653,0.5,0.5,0.416702398278653,0.416702398278653,0.5,0.652718222537638,0.433757348694706,0.566242651305294,0.120544973191017,0.120544973191017,-0.5,-0.0832976017213474,0.5,0.166595203442695,14.9999998788953,15.617384374329
CBC_1001,CBC_1001_MSI_AV_v3_Vset4_Aset2_2023-06-08_11h37.59.527.csv,1,15,0,1,b,1,0,0,aud,A,63,1,0A,1A,NaN,NaN,[],NaN,NaN,NaN,NaN,NaN,,,A01,3.40119738166216,0.543978497463226,0.5,0.5,0.5,0.5,0.6430797773486,0.5,0.5,0.5,0.416702398278653,0.652718222537638,0.416702398278653,0.5,0.5,0.416702398278653,0.416702398278653,0,0,0,0,0,NaN,0,0,0.5,0.166595203442695,14.9999998788953,15.617384374329
CBC_1001,CBC_1001_MSI_AV_v3_Vset4_Aset2_2023-06-08_11h37.59.527.csv,1,16,1,3,z,0,1,3,aud,D,27,1,1D,3D,0,1,z,2.58515670000043,0,1,1,1,3D,1D,D13,3.43398720448515,0.543978497463226,0.5,0.5,0.5,0.5,0.6430797773486,0.5,0.5,0.5,0.416702398278653,0.652718222537638,0.416702398278653,0.5,0.5,0.416702398278653,0.416702398278653,0.416702398278653,0.5,0.454566715502348,0.545433284497652,0.203753395755541,0.203753395755541,0.583297601721347,0.0971745826264038,0.5,0.166595203442695,14.9999998788953,15.617384374329
CBC_1001,CBC_1001_MSI_AV_v3_Vset4_Aset2_2023-06-08_11h37.59.527.csv,1,17,1,0,b,1,0,1,aud,B,63,1,1B,0B,1,0,b,1.56869869999991,1,0,1,1,1B,0B,B10,2.77258872223978,0.543978497463226,0.5,0.5,0.5,0.5,0.6430797773486,0.5,0.5,0.5,0.416702398278653,0.652718222537638,0.416702398278653,0.5,0.5,0.416702398278653,0.513876980905056,0.6430797773486,0.5,0.562585210666782,0.437414789333218,0.867330186362133,0.867330186362133,0.3569202226514,0.0594611971054219,0.5,0.166595203442695,14.9999998788953,15.617384374329
CBC_1001,CBC_1001_MSI_AV_v3_Vset4_Aset2_2023-06-08_11h37.59.527.csv,1,18,3,2,z,0,1,2,aud,C,63,0,3C,2C,1,0,z,3.12383599999976,0,1,1,0,2C,3C,C32,3.49650756146648,0.543978497463226,0.5,0.5,0.5,0.5,0.702540974454022,0.5,0.5,0.5,0.416702398278653,0.652718222537638,0.416702398278653,0.5,0.5,0.416702398278653,0.513876980905056,0.652718222537638,0.416702398278653,0.61034751886439,0.38965248113561,0.964784741409756,0.964784741409756,-0.652718222537638,-0.108739725074412,0.5,0.166595203442695,14.9999998788953,15.617384374329
CBC_1001,CBC_1001_MSI_AV_v3_Vset4_Aset2_2023-06-08_11h37.59.527.csv,1,19,0,2,b,1,0,0,aud,A,27,1,0A,2A,1,0,b,1.14921000000004,1,0,1,1,0A,2A,A02,3.52636052461616,0.543978497463226,0.5,0.5,0.5,0.5,0.702540974454022,0.5,0.5,0.5,0.416702398278653,0.543978497463226,0.416702398278653,0.5,0.5,0.416702398278653,0.513876980905056,0.543978497463226,0.5,0.52106293260354,0.47893706739646,0.652917431001868,0.652917431001868,0.456021502536774,0.0759709949893571,0.5,0.166595203442695,14.9999998788953,15.617384374329
CBC_1001,CBC_1001_MSI_AV_v3_Vset4_Aset2_2023-06-08_11h37.59.527.csv,1,20,2,3,z,0,1,3,aud,D,63,1,2D,3D,0,1,z,2.32911330000024,0,1,1,1,3D,2D,D23,2.4567357728213,0.619949492452583,0.5,0.5,0.5,0.5,0.702540974454022,0.5,0.5,0.5,0.416702398278653,0.543978497463226,0.416702398278653,0.5,0.5,0.416702398278653,0.513876980905056,0.513876980905056,0.416702398278653,0.552211871872577,0.447788128127423,0.827263527109982,0.827263527109982,0.486123019094944,0.0809857632642991,0.5,0.166595203442695,14.9999998788953,15.617384374329
CBC_1001,CBC_1001_MSI_AV_v3_Vset4_Aset2_2023-06-08_11h37.59.527.csv,1,21,1,3,b,1,0,1,aud,B,27,1,1B,3B,1,0,b,2.61349879999989,1,0,1,1,1B,3B,B13,3.58351893845611,0.619949492452583,0.5,0.5,0.5,0.5,0.702540974454022,0.5,0.5,0.5,0.416702398278653,0.543978497463226,0.416702398278653,0.5,0.5,0.416702398278653,0.594862744169355,0.702540974454022,0.5,0.584213751862376,0.415786248137624,0.925972818380552,0.925972818380552,0.297459025545978,0.049555246876698,0.5,0.166595203442695,14.9999998788953,15.617384374329
CBC_1001,CBC_1001_MSI_AV_v3_Vset4_Aset2_2023-06-08_11h37.59.527.csv,1,22,2,3,b,1,0,2,aud,C,63,1,2C,3C,1,0,b,2.32661290000033,1,0,1,1,2C,3C,C23,2.51230562397611,0.619949492452583,0.5,0.5,0.5,0.5,0.75209622133072,0.5,0.5,0.5,0.416702398278653,0.543978497463226,0.416702398278653,0.5,0.5,0.416702398278653,0.594862744169355,0.543978497463226,0.416702398278653,0.566242651305294,0.433757348694706,0.879455026808982,0.879455026808982,0.456021502536774,0.0759709949893571,0.5,0.166595203442695,14.9999998788953,15.617384374329
CBC_1001,CBC_1001_MSI_AV_v3_Vset4_Aset2_2023-06-08_11h37.59.527.csv,1,23,1,0,z,0,1,0,aud,A,63,0,1A,0A,1,0,z,1.51755240000011,0,1,1,0,0A,1A,A10,2.53897387105828,0.619949492452583,0.5,0.5,0.5,0.5,0.75209622133072,0.5,0.5,0.5,0.416702398278653,0.619949492452583,0.416702398278653,0.5,0.5,0.416702398278653,0.594862744169355,0.619949492452583,0.5,0.553551295509722,0.446448704490278,0.832930296902073,0.832930296902073,-0.619949492452583,-0.103280611819333,0.5,0.166595203442695,14.9999998788953,15.617384374329
CBC_1001,CBC_1001_MSI_AV_v3_Vset4_Aset2_2023-06-08_11h37.59.527.csv,1,24,1,2,b,1,0,1,aud,B,9,1,1B,2B,1,0,b,1.58183529999997,1,0,1,1,1B,2B,B12,3.66356164612965,0.51666888063325,0.5,0.5,0.5,0.5,0.75209622133072,0.5,0.5,0.5,0.416702398278653,0.619949492452583,0.416702398278653,0.5,0.5,0.416702398278653,0.594862744169355,0.75209622133072,0.5,0.600669667808275,0.399330332191725,0.953473518644999,0.953473518644999,0.24790377866928,0.0412995804416215,0.5,0.166595203442695,14.9999998788953,15.617384374329
CBC_1001,CBC_1001_MSI_AV_v3_Vset4_Aset2_2023-06-08_11h37.59.527.csv,1,25,3,2,z,0,1,2,aud,C,63,1,3C,2C,0,1,z,1.88420610000003,0,1,1,1,2C,3C,C32,2.99573227355399,0.51666888063325,0.5,0.5,0.5,0.5,0.793395801772341,0.5,0.5,0.5,0.416702398278653,0.619949492452583,0.416702398278653,0.5,0.5,0.416702398278653,0.594862744169355,0.619949492452583,0.416702398278653,0.598030542360061,0.401969457639939,0.94983240472119,0.94983240472119,0.380050507547417,0.0633145916233613,0.5,0.166595203442695,14.9999998788953,15.617384374329
CBC_1001,CBC_1001_MSI_AV_v3_Vset4_Aset2_2023-06-08_11h37.59.527.csv,1,26,3,2,b,1,0,3,aud,D,63,0,3D,2D,0,1,b,2.44767640000009,1,0,1,0,3D,2D,D32,3.71357206670431,0.51666888063325,0.5,0.5,0.5,0.5,0.793395801772341,0.5,0.5,0.5,0.416702398278653,0.683264084075945,0.416702398278653,0.5,0.5,0.416702398278653,0.594862744169355,0.594862744169355,0.416702398278653,0.588061726533771,0.411938273466229,0.933506999505444,0.933506999505444,-0.594862744169355,-0.0991012798853735,0.5,0.166595203442695,14.9999998788953,15.617384374329
CBC_1001,CBC_1001_MSI_AV_v3_Vset4_Aset2_2023-06-08_11h37.59.527.csv,1,27,1,0,b,1,0,1,aud,B,63,1,1B,0B,1,0,b,1.74692489999961,1,0,1,1,1B,0B,B10,2.63905732961526,0.51666888063325,0.5,0.5,0.5,0.5,0.793395801772341,0.5,0.5,0.5,0.416702398278653,0.683264084075945,0.416702398278653,0.5,0.5,0.416702398278653,0.495761464283982,0.793395801772341,0.5,0.613420733765449,0.386579266234551,0.967786378406062,0.967786378406062,0.206604198227659,0.0344192684358516,0.5,0.166595203442695,14.9999998788953,15.617384374329
CBC_1001,CBC_1001_MSI_AV_v3_Vset4_Aset2_2023-06-08_11h37.59.527.csv,1,28,2,0,z,0,1,0,aud,A,27,1,2A,0A,0,1,z,1.51640159999988,0,1,1,1,0A,2A,A20,3.76120011569356,0.51666888063325,0.5,0.5,0.5,0.5,0.827815070208193,0.5,0.5,0.5,0.416702398278653,0.683264084075945,0.416702398278653,0.5,0.5,0.416702398278653,0.495761464283982,0.51666888063325,0.5,0.508197792295397,0.491802207704603,0.561175410605264,0.561175410605264,0.48333111936675,0.0805206461610891,0.5,0.166595203442695,14.9999998788953,15.617384374329
CBC_1001,CBC_1001_MSI_AV_v3_Vset4_Aset2_2023-06-08_11h37.59.527.csv,1,29,3,1,b,1,0,3,aud,D,27,1,3D,1D,1,0,z,2.33447410000008,0,1,0,0,1D,3D,D31,3.09104245335832,0.597189526794339,0.5,0.5,0.5,0.5,0.827815070208193,0.5,0.5,0.5,0.416702398278653,0.683264084075945,0.416702398278653,0.5,0.5,0.416702398278653,0.495761464283982,0.5,0.495761464283982,0.502128288685617,0.497871711314383,0.515956744541132,0.515956744541132,-0.5,-0.0832976017213474,0.5,0.166595203442695,14.9999998788953,15.617384374329
CBC_1001,CBC_1001_MSI_AV_v3_Vset4_Aset2_2023-06-08_11h37.59.527.csv,1,30,0,1,b,1,0,0,aud,A,63,1,0A,1A,1,0,b,1.47099959999969,1,0,1,1,0A,1A,A01,3.11351530921037,0.597189526794339,0.5,0.5,0.5,0.5,0.827815070208193,0.5,0.5,0.5,0.416702398278653,0.683264084075945,0.416702398278653,0.5,0.416702398278653,0.416702398278653,0.495761464283982,0.597189526794339,0.5,0.544290218062096,0.455709781937904,0.790626599381759,0.790626599381759,0.402810473205661,0.0671062927325452,0.5,0.166595203442695,14.9999998788953,15.617384374329
CBC_1001,CBC_1001_MSI_AV_v3_Vset4_Aset2_2023-06-08_11h37.59.527.csv,1,31,0,2,z,0,1,2,aud,C,27,1,0C,2C,0,1,z,2.05611799999997,0,1,1,1,2C,0C,C02,3.8286413964891,0.664295819526884,0.5,0.5,0.5,0.5,0.827815070208193,0.5,0.5,0.5,0.416702398278653,0.683264084075945,0.416702398278653,0.5,0.416702398278653,0.416702398278653,0.495761464283982,0.683264084075945,0.5,0.577440060313781,0.422559939686219,0.910780458720697,0.910780458720697,0.316735915924055,0.0527666843509762,0.5,0.166595203442695,14.9999998788953,15.617384374329
CBC_1001,CBC_1001_MSI_AV_v3_Vset4_Aset2_2023-06-08_11h37.59.527.csv,1,32,3,2,b,1,0,3,aud,D,63,1,3D,2D,1,0,b,1.89630200000011,1,0,1,1,3D,2D,D32,3.15700042115011,0.664295819526884,0.5,0.5,0.5,0.5,0.827815070208193,0.5,0.5,0.5,0.416702398278653,0.736030768426921,0.416702398278653,0.5,0.416702398278653,0.416702398278653,0.495761464283982,0.495761464283982,0.416702398278653,0.543321751824392,0.456678248175608,0.785776500999367,0.785776500999367,0.504238535716018,0.0840037214412565,0.5,0.166595203442695,14.9999998788953,15.617384374329
CBC_1001,CBC_1001_MSI_AV_v3_Vset4_Aset2_2023-06-08_11h37.59.527.csv,1,33,0,1,z,0,1,1,aud,B,63,1,0B,1B,0,1,z,1.24876840000024,0,1,1,1,1B,0B,B01,2.77258872223978,0.664295819526884,0.5,0.5,0.5,0.5,0.827815070208193,0.5,0.5,0.5,0.416702398278653,0.736030768426921,0.416702398278653,0.5,0.416702398278653,0.416702398278653,0.579765185725239,0.827815070208193,0.5,0.623441538495565,0.376558461504435,0.975949290347806,0.975949290347806,0.172184929791807,0.0286851834084322,0.5,0.166595203442695,14.9999998788953,15.617384374329
CBC_1001,CBC_1001_MSI_AV_v3_Vset4_Aset2_2023-06-08_11h37.59.527.csv,1,34,1,0,z,0,1,0,aud,A,63,1,1A,0A,0,1,z,1.3421986000003,0,1,1,1,0A,1A,A10,2.50552593699074,0.664295819526884,0.5,0.5,0.5,0.5,0.856500253616625,0.5,0.5,0.5,0.416702398278653,0.736030768426921,0.416702398278653,0.5,0.416702398278653,0.416702398278653,0.579765185725239,0.664295819526884,0.5,0.57055587453438,0.42944412546562,0.892513484424164,0.892513484424164,0.335704180473116,0.0559267062424818,0.5,0.166595203442695,14.9999998788953,15.617384374329
CBC_1001,CBC_1001_MSI_AV_v3_Vset4_Aset2_2023-06-08_11h37.59.527.csv,1,35,3,2,b,1,0,3,aud,D,63,0,3D,2D,0,1,b,2.72871000000032,1,0,1,0,3D,2D,D32,2.81341071676004,0.720222525769366,0.5,0.5,0.5,0.5,0.856500253616625,0.5,0.5,0.5,0.416702398278653,0.736030768426921,0.416702398278653,0.5,0.416702398278653,0.416702398278653,0.579765185725239,0.579765185725239,0.416702398278653,0.581820417474789,0.418179582525211,0.920898100700224,0.920898100700224,-0.579765185725239,-0.0965860990648878,0.5,0.166595203442695,14.9999998788953,15.617384374329
CBC_1001,CBC_1001_MSI_AV_v3_Vset4_Aset2_2023-06-08_11h37.59.527.csv,1,36,0,2,z,0,1,2,aud,C,27,1,0C,2C,0,1,z,1.89188760000025,0,1,1,1,2C,0C,C02,3.23867845216438,0.720222525769366,0.5,0.5,0.5,0.5,0.856500253616625,0.5,0.5,0.5,0.416702398278653,0.736030768426921,0.416702398278653,0.5,0.416702398278653,0.416702398278653,0.483179086660351,0.736030768426921,0.5,0.595479325618776,0.404520674381224,0.94605724791946,0.94605724791946,0.263969231573079,0.0439760078365289,0.5,0.166595203442695,14.9999998788953,15.617384374329
CBC_1001,CBC_1001_MSI_AV_v3_Vset4_Aset2_2023-06-08_11h37.59.527.csv,1,37,1,0,z,0,1,0,aud,A,63,1,1A,0A,0,1,z,1.17191539999976,0,1,1,1,0A,1A,A10,2.34180580614733,0.720222525769366,0.5,0.5,0.5,0.5,0.856500253616625,0.5,0.5,0.5,0.416702398278653,0.78000677626345,0.416702398278653,0.5,0.416702398278653,0.416702398278653,0.483179086660351,0.720222525769366,0.5,0.590238674142863,0.409761325857137,0.937447831330554,0.937447831330554,0.279777474230634,0.0466095852381357,0.5,0.166595203442695,14.9999998788953,15.617384374329
CBC_1001,CBC_1001_MSI_AV_v3_Vset4_Aset2_2023-06-08_11h37.59.527.csv,1,38,3,1,z,0,1,1,aud,B,27,1,3B,1B,0,1,z,1.44698119999975,0,1,1,1,1B,3B,B31,3.27714473299218,0.766832111007502,0.5,0.5,0.5,0.5,0.856500253616625,0.5,0.5,0.5,0.416702398278653,0.78000677626345,0.416702398278653,0.5,0.416702398278653,0.416702398278653,0.483179086660351,0.856500253616625,0.5,0.63140441834277,0.36859558165723,0.980962668152286,0.980962668152286,0.143499746383375,0.0239063694427134,0.5,0.166595203442695,14.9999998788953,15.617384374329
CBC_1001,CBC_1001_MSI_AV_v3_Vset4_Aset2_2023-06-08_11h37.59.527.csv,1,39,2,3,b,1,0,2,aud,C,63,0,2C,3C,0,1,b,2.96182120000003,1,0,1,0,2C,3C,C23,2.60268968544438,0.766832111007502,0.5,0.5,0.5,0.5,0.880406623059338,0.5,0.5,0.5,0.416702398278653,0.78000677626345,0.416702398278653,0.5,0.416702398278653,0.416702398278653,0.483179086660351,0.78000677626345,0.416702398278653,0.651793094643821,0.348206905356179,0.989582466494273,0.989582466494273,-0.78000677626345,-0.12994538757829,0.5,0.166595203442695,14.9999998788953,15.617384374329
CBC_1001,CBC_1001_MSI_AV_v3_Vset4_Aset2_2023-06-08_11h37.59.527.csv,1,40,2,3,z,0,1,3,aud,D,63,1,2D,3D,0,1,b,2.35783190000029,1,0,0,0,2D,3D,D23,2.62103882411258,0.766832111007502,0.5,0.5,0.5,0.5,0.880406623059338,0.5,0.5,0.5,0.416702398278653,0.65006138868516,0.416702398278653,0.5,0.416702398278653,0.416702398278653,0.483179086660351,0.416702398278653,0.483179086660351,0.463063642549438,0.536936357450561,0.24822700970643,0.24822700970643,-0.416702398278653,-0.0694206208162909,0.5,0.166595203442695,14.9999998788953,15.617384374329
CBC_1001,CBC_1001_MSI_AV_v3_Vset4_Aset2_2023-06-08_11h37.59.527.csv,1,41,1,0,b,1,0,1,aud,B,63,1,1B,0B,1,0,b,1.19339880000007,1,0,1,1,1B,0B,B10,2.63905732961526,0.766832111007502,0.5,0.5,0.5,0.5,0.880406623059338,0.5,0.5,0.5,0.416702398278653,0.65006138868516,0.416702398278653,0.5,0.416702398278653,0.347281777462362,0.483179086660351,0.880406623059338,0.5,0.637787886809851,0.362212113190149,0.984228236097614,0.984228236097614,0.119593376940662,0.0199236829618284,0.5,0.166595203442695,14.9999998788953,15.617384374329
CBC_1001,CBC_1001_MSI_AV_v3_Vset4_Aset2_2023-06-08_11h37.59.527.csv,1,42,0,2,b,1,0,0,aud,A,27,1,0A,2A,1,0,b,1.40796890000001,1,0,1,1,0A,2A,A02,3.3499040872746,0.766832111007502,0.5,0.5,0.5,0.5,0.900330306021167,0.5,0.5,0.5,0.416702398278653,0.65006138868516,0.416702398278653,0.5,0.416702398278653,0.347281777462362,0.483179086660351,0.766832111007502,0.5,0.605314709300861,0.394685290699139,0.959279125891132,0.959279125891132,0.233167888992498,0.0388446519030089,0.5,0.166595203442695,14.9999998788953,15.617384374329
CBC_1001,CBC_1001_MSI_AV_v3_Vset4_Aset2_2023-06-08_11h37.59.527.csv,1,43,0,3,z,0,1,3,aud,D,9,1,0D,3D,0,1,z,2.75495509999973,0,1,1,1,3D,0D,D03,4.06044301054642,0.805676762910511,0.5,0.5,0.5,0.5,0.900330306021167,0.5,0.5,0.5,0.416702398278653,0.65006138868516,0.416702398278653,0.5,0.416702398278653,0.347281777462362,0.483179086660351,0.483179086660351,0.5,0.491445651373248,0.508554348626752,0.436192196223725,0.436192196223725,0.516820913339649,0.0860998852012582,0.5,0.166595203442695,14.9999998788953,15.617384374329
CBC_1001,CBC_1001_MSI_AV_v3_Vset4_Aset2_2023-06-08_11h37.59.527.csv,1,44,2,3,b,1,0,2,aud,C,63,1,2C,3C,1,0,b,2.48296149999987,1,0,1,1,2C,3C,C23,2.46809953147162,0.805676762910511,0.5,0.5,0.5,0.5,0.900330306021167,0.5,0.5,0.5,0.416702398278653,0.65006138868516,0.416702398278653,0.5,0.416702398278653,0.347281777462362,0.569278971861609,0.65006138868516,0.416702398278653,0.609377067940545,0.390622932059455,0.963782108788171,0.963782108788171,0.34993861131484,0.0582980941444499,0.5,0.166595203442695,14.9999998788953,15.617384374329
CBC_1001,CBC_1001_MSI_TV_v3_Vset1_Tset1_2023-06-08_11h53.34.814.csv,2,1,1,0,b,1,0,1,tac,B,63,1,1B,0B,1,0,b,1.47302500000069,1,0,1,1,1B,0B,B10,2.77258872223978,0.5,0.5,0.5,0.5,0.5,0.5,0.5,0.5,0.5,0.5,0.5,0.5,0.5,0.5,0.5,0.5,0.5,0.5,0.5,0.5,0.5,0.5,0.5,0.0318150962175216,0.5,0.0636301924350431,6.57670559643389,26.9018879569734
CBC_1001,CBC_1001_MSI_TV_v3_Vset1_Tset1_2023-06-08_11h53.34.814.csv,2,2,1,0,z,0,1,0,tac,A,63,1,1A,0A,0,1,z,1.61898499999961,0,1,1,1,0A,1A,A10,2.83321334405622,0.5,0.5,0.5,0.5,0.5,0.531815096217522,0.5,0.5,0.5,0.5,0.5,0.5,0.5,0.5,0.5,0.5,0.5,0.5,0.5,0.5,0.5,0.5,0.5,0.0318150962175216,0.5,0.0636301924350431,6.57670559643389,26.9018879569734
CBC_1001,CBC_1001_MSI_TV_v3_Vset1_Tset1_2023-06-08_11h53.34.814.csv,2,3,3,2,b,1,0,3,tac,D,63,1,3D,2D,1,0,z,2.38288740000053,0,1,0,0,2D,3D,D32,2.89037175789616,0.531815096217522,0.5,0.5,0.5,0.5,0.531815096217522,0.5,0.5,0.5,0.5,0.5,0.5,0.5,0.5,0.5,0.5,0.5,0.5,0.5,0.5,0.5,0.5,-0.5,-0.0318150962175216,0.5,0.0636301924350431,6.57670559643389,26.9018879569734
CBC_1001,CBC_1001_MSI_TV_v3_Vset1_Tset1_2023-06-08_11h53.34.814.csv,2,4,1,2,b,1,0,1,tac,B,9,1,1B,2B,NaN,NaN,None,NaN,NaN,NaN,NaN,NaN,,,B12,2.94443897916644,0.531815096217522,0.5,0.5,0.5,0.5,0.531815096217522,0.5,0.5,0.5,0.5,0.5,0.5,0.5,0.5,0.468184903782478,0.5,0,0,0,0,0,NaN,0,0,0.5,0.0636301924350431,6.57670559643389,26.9018879569734
CBC_1001,CBC_1001_MSI_TV_v3_Vset1_Tset1_2023-06-08_11h53.34.814.csv,2,5,2,0,z,0,1,0,tac,A,27,1,2A,0A,0,1,z,2.56436939999958,0,1,1,1,0A,2A,A20,2.99573227355399,0.531815096217522,0.5,0.5,0.5,0.5,0.531815096217522,0.5,0.5,0.5,0.5,0.5,0.5,0.5,0.5,0.468184903782478,0.5,0.531815096217522,0.5,0.51541705308158,0.48458294691842,0.550523689812223,0.550523689812223,0.468184903782478,0.0297906955228612,0.5,0.0636301924350431,6.57670559643389,26.9018879569734
CBC_1001,CBC_1001_MSI_TV_v3_Vset1_Tset1_2023-06-08_11h53.34.814.csv,2,6,3,2,z,0,1,2,tac,C,63,1,3C,2C,0,1,b,3.33090360000051,1,0,0,0,3C,2C,C32,3.04452243772342,0.561605791740383,0.5,0.5,0.5,0.5,0.531815096217522,0.5,0.5,0.5,0.5,0.5,0.5,0.5,0.5,0.468184903782478,0.5,0.5,0.5,0.5,0.5,0.5,0.5,-0.5,-0.0318150962175216,0.5,0.0636301924350431,6.57670559643389,26.9018879569734
CBC_1001,CBC_1001_MSI_TV_v3_Vset1_Tset1_2023-06-08_11h53.34.814.csv,2,7,3,1,b,1,0,3,tac,D,27,1,3D,1D,1,0,z,2.33253970000032,0,1,0,0,1D,3D,D31,3.09104245335832,0.561605791740383,0.5,0.5,0.5,0.5,0.531815096217522,0.5,0.5,0.5,0.5,0.5,0.468184903782478,0.5,0.5,0.468184903782478,0.5,0.5,0.5,0.5,0.5,0.5,0.5,-0.5,-0.0318150962175216,0.5,0.0636301924350431,6.57670559643389,26.9018879569734
CBC_1001,CBC_1001_MSI_TV_v3_Vset1_Tset1_2023-06-08_11h53.34.814.csv,2,8,0,1,b,1,0,0,tac,A,63,1,0A,1A,1,0,b,2.34114360000012,1,0,1,1,0A,1A,A01,3.13549421592915,0.561605791740383,0.5,0.5,0.5,0.5,0.531815096217522,0.5,0.5,0.5,0.5,0.5,0.468184903782478,0.5,0.468184903782478,0.468184903782478,0.5,0.561605791740383,0.5,0.529015380388697,0.470984619611303,0.594271297518876,0.594271297518876,0.438394208259617,0.0278951078339678,0.5,0.0636301924350431,6.57670559643389,26.9018879569734
CBC_1001,CBC_1001_MSI_TV_v3_Vset1_Tset1_2023-06-08_11h53.34.814.csv,2,9,0,2,z,0,1,2,tac,C,27,1,0C,2C,0,1,z,3.4135411000002,0,1,1,1,2C,0C,C02,3.17805383034795,0.589500899574351,0.5,0.5,0.5,0.5,0.531815096217522,0.5,0.5,0.5,0.5,0.5,0.468184903782478,0.5,0.468184903782478,0.468184903782478,0.5,0.5,0.5,0.5,0.5,0.5,0.5,0.5,0.0318150962175216,0.5,0.0636301924350431,6.57670559643389,26.9018879569734
CBC_1001,CBC_1001_MSI_TV_v3_Vset1_Tset1_2023-06-08_11h53.34.814.csv,2,10,3,2,b,1,0,3,tac,D,63,1,3D,2D,1,0,b,3.37501769999972,1,0,1,1,3D,2D,D32,2.52572864430826,0.589500899574351,0.5,0.5,0.5,0.5,0.531815096217522,0.5,0.5,0.5,0.5,0.531815096217522,0.468184903782478,0.5,0.468184903782478,0.468184903782478,0.5,0.5,0.468184903782478,0.516430279016553,0.483569720983447,0.553819246274534,0.553819246274534,0.5,0.0318150962175216,0.5,0.0636301924350431,6.57670559643389,26.9018879569734
CBC_1001,CBC_1001_MSI_TV_v3_Vset1_Tset1_2023-06-08_11h53.34.814.csv,2,11,0,1,z,0,1,1,tac,B,63,0,0B,1B,1,0,b,3.06084520000013,1,0,0,1,0B,1B,B01,3.25809653802148,0.589500899574351,0.5,0.5,0.5,0.5,0.531815096217522,0.5,0.5,0.5,0.5,0.531815096217522,0.468184903782478,0.5,0.468184903782478,0.468184903782478,0.531815096217522,0.5,0.531815096217522,0.48458294691842,0.51541705308158,0.449476310187777,0.449476310187777,0.5,0.0318150962175216,0.5,0.0636301924350431,6.57670559643389,26.9018879569734
CBC_1001,CBC_1001_MSI_TV_v3_Vset1_Tset1_2023-06-08_11h53.34.814.csv,2,12,1,0,z,0,1,0,tac,A,63,1,1A,0A,0,1,b,2.5656597000002,1,0,0,0,1A,0A,A10,2.60268968544438,0.589500899574351,0.5,0.5,0.5,0.531815096217522,0.531815096217522,0.5,0.5,0.5,0.5,0.531815096217522,0.468184903782478,0.5,0.468184903782478,0.468184903782478,0.531815096217522,0.5,0.589500899574351,0.458925733971713,0.541074266028287,0.368125540781996,0.368125540781996,-0.5,-0.0318150962175216,0.5,0.0636301924350431,6.57670559643389,26.9018879569734
CBC_1001,CBC_1001_MSI_TV_v3_Vset1_Tset1_2023-06-08_11h53.34.814.csv,2,13,3,2,b,1,0,3,tac,D,63,1,3D,2D,1,0,z,2.95413549999967,0,1,0,0,2D,3D,D32,2.23359222150709,0.589500899574351,0.468184903782478,0.5,0.5,0.531815096217522,0.531815096217522,0.5,0.5,0.5,0.5,0.531815096217522,0.468184903782478,0.5,0.468184903782478,0.468184903782478,0.531815096217522,0.468184903782478,0.531815096217522,0.468184903782478,0.531815096217522,0.396881237816505,0.396881237816505,-0.468184903782478,-0.0297906955228612,0.5,0.0636301924350431,6.57670559643389,26.9018879569734
CBC_1001,CBC_1001_MSI_TV_v3_Vset1_Tset1_2023-06-08_11h53.34.814.csv,2,14,0,2,z,0,1,2,tac,C,27,1,0C,2C,0,1,b,2.62160820000054,1,0,0,0,0C,2C,C02,2.67414864942653,0.589500899574351,0.468184903782478,0.5,0.5,0.531815096217522,0.531815096217522,0.5,0.5,0.5,0.5,0.531815096217522,0.468184903782478,0.5,0.468184903782478,0.438394208259617,0.531815096217522,0.5,0.531815096217522,0.48458294691842,0.51541705308158,0.449476310187777,0.449476310187777,-0.5,-0.0318150962175216,0.5,0.0636301924350431,6.57670559643389,26.9018879569734
CBC_1001,CBC_1001_MSI_TV_v3_Vset1_Tset1_2023-06-08_11h53.34.814.csv,2,15,1,0,z,0,1,0,tac,A,63,1,1A,0A,0,1,b,2.59557020000057,1,0,0,0,1A,0A,A10,2.30258509299405,0.589500899574351,0.468184903782478,0.5,0.5,0.531815096217522,0.531815096217522,0.5,0.5,0.468184903782478,0.5,0.531815096217522,0.468184903782478,0.5,0.468184903782478,0.438394208259617,0.531815096217522,0.468184903782478,0.589500899574351,0.442650267495864,0.557349732504136,0.319875369168788,0.319875369168788,-0.468184903782478,-0.0297906955228612,0.5,0.0636301924350431,6.57670559643389,26.9018879569734
CBC_1001,CBC_1001_MSI_TV_v3_Vset1_Tset1_2023-06-08_11h53.34.814.csv,2,16,3,1,z,0,1,1,tac,B,27,1,3B,1B,0,1,z,2.52995490000058,0,1,1,1,1B,3B,B31,3.43398720448515,0.589500899574351,0.438394208259617,0.5,0.5,0.531815096217522,0.531815096217522,0.5,0.5,0.468184903782478,0.5,0.531815096217522,0.468184903782478,0.5,0.468184903782478,0.438394208259617,0.531815096217522,0.531815096217522,0.5,0.51541705308158,0.48458294691842,0.550523689812223,0.550523689812223,0.468184903782478,0.0297906955228612,0.5,0.0636301924350431,6.57670559643389,26.9018879569734
CBC_1001,CBC_1001_MSI_TV_v3_Vset1_Tset1_2023-06-08_11h53.34.814.csv,2,17,2,3,b,1,0,2,tac,C,63,1,2C,3C,1,0,b,2.9325472000005,1,0,1,1,2C,3C,C23,3.46573590279973,0.589500899574351,0.438394208259617,0.5,0.5,0.531815096217522,0.561605791740383,0.5,0.5,0.468184903782478,0.5,0.531815096217522,0.468184903782478,0.5,0.468184903782478,0.438394208259617,0.531815096217522,0.531815096217522,0.468184903782478,0.531815096217522,0.468184903782478,0.603118762183495,0.603118762183495,0.468184903782478,0.0297906955228612,0.5,0.0636301924350431,6.57670559643389,26.9018879569734
CBC_1001,CBC_1001_MSI_TV_v3_Vset1_Tset1_2023-06-08_11h53.34.814.csv,2,18,3,2,b,1,0,3,tac,D,63,0,3D,2D,NaN,NaN,None,NaN,NaN,NaN,NaN,NaN,,,D32,2.11021320034659,0.589500899574351,0.438394208259617,0.5,0.5,0.531815096217522,0.561605791740383,0.5,0.5,0.468184903782478,0.5,0.561605791740383,0.468184903782478,0.5,0.468184903782478,0.438394208259617,0.531815096217522,0,0,0,0,0,NaN,0,0,0.5,0.0636301924350431,6.57670559643389,26.9018879569734
CBC_1001,CBC_1001_MSI_TV_v3_Vset1_Tset1_2023-06-08_11h53.34.814.csv,2,19,0,1,z,0,1,1,tac,B,63,1,0B,1B,0,1,z,2.36990699999978,0,1,1,1,1B,0B,B01,2.83321334405622,0.589500899574351,0.438394208259617,0.5,0.5,0.531815096217522,0.561605791740383,0.5,0.5,0.468184903782478,0.5,0.561605791740383,0.468184903782478,0.5,0.468184903782478,0.438394208259617,0.531815096217522,0.561605791740383,0.531815096217522,0.513622702772077,0.486377297227923,0.544676779253468,0.544676779253468,0.438394208259617,0.0278951078339678,0.5,0.0636301924350431,6.57670559643389,26.9018879569734
CBC_1001,CBC_1001_MSI_TV_v3_Vset1_Tset1_2023-06-08_11h53.34.814.csv,2,20,0,2,b,1,0,0,tac,A,27,1,0A,2A,1,0,b,2.4699942000002,1,0,1,1,0A,2A,A02,3.55534806148941,0.589500899574351,0.438394208259617,0.5,0.5,0.531815096217522,0.589500899574351,0.5,0.5,0.468184903782478,0.5,0.561605791740383,0.468184903782478,0.5,0.468184903782478,0.438394208259617,0.531815096217522,0.589500899574351,0.5,0.541074266028287,0.458925733971713,0.631874459218004,0.631874459218004,0.410499100425649,0.0261201367544962,0.5,0.0636301924350431,6.57670559643389,26.9018879569734
CBC_1001,CBC_1001_MSI_TV_v3_Vset1_Tset1_2023-06-08_11h53.34.814.csv,2,21,3,0,b,1,0,3,tac,D,9,1,3D,0D,1,0,b,3.05295680000063,1,0,1,1,3D,0D,D30,3.58351893845611,0.615621036328847,0.438394208259617,0.5,0.5,0.531815096217522,0.589500899574351,0.5,0.5,0.468184903782478,0.5,0.561605791740383,0.468184903782478,0.5,0.468184903782478,0.438394208259617,0.531815096217522,0.531815096217522,0.5,0.51541705308158,0.48458294691842,0.550523689812223,0.550523689812223,0.468184903782478,0.0297906955228612,0.5,0.0636301924350431,6.57670559643389,26.9018879569734
CBC_1001,CBC_1001_MSI_TV_v3_Vset1_Tset1_2023-06-08_11h53.34.814.csv,2,22,3,2,z,0,1,2,tac,C,63,1,3C,2C,0,1,z,2.24072060000026,0,1,1,1,2C,3C,C32,2.91777073208428,0.615621036328847,0.438394208259617,0.5,0.5,0.531815096217522,0.589500899574351,0.5,0.5,0.468184903782478,0.5,0.561605791740383,0.468184903782478,0.5,0.468184903782478,0.438394208259617,0.561605791740383,0.561605791740383,0.468184903782478,0.545359162965864,0.454640837034136,0.64488440370959,0.64488440370959,0.438394208259617,0.0278951078339678,0.5,0.0636301924350431,6.57670559643389,26.9018879569734
CBC_1001,CBC_1001_MSI_TV_v3_Vset1_Tset1_2023-06-08_11h53.34.814.csv,2,23,1,3,b,1,0,1,tac,B,27,1,1B,3B,1,0,b,2.47497290000001,1,0,1,1,1B,3B,B13,3.63758615972639,0.615621036328847,0.438394208259617,0.5,0.5,0.531815096217522,0.589500899574351,0.5,0.5,0.468184903782478,0.5,0.589500899574351,0.468184903782478,0.5,0.468184903782478,0.438394208259617,0.561605791740383,0.589500899574351,0.5,0.541074266028287,0.458925733971713,0.631874459218004,0.631874459218004,0.410499100425649,0.0261201367544962,0.5,0.0636301924350431,6.57670559643389,26.9018879569734
CBC_1001,CBC_1001_MSI_TV_v3_Vset1_Tset1_2023-06-08_11h53.34.814.csv,2,24,2,3,b,1,0,2,tac,C,63,1,2C,3C,1,0,z,2.54615030000014,0,1,0,0,3C,2C,C23,2.9704144655697,0.615621036328847,0.438394208259617,0.5,0.5,0.531815096217522,0.615621036328847,0.5,0.5,0.468184903782478,0.5,0.589500899574351,0.468184903782478,0.5,0.468184903782478,0.438394208259617,0.561605791740383,0.468184903782478,0.589500899574351,0.442650267495864,0.557349732504136,0.319875369168788,0.319875369168788,-0.468184903782478,-0.0297906955228612,0.5,0.0636301924350431,6.57670559643389,26.9018879569734
CBC_1001,CBC_1001_MSI_TV_v3_Vset1_Tset1_2023-06-08_11h53.34.814.csv,2,25,3,2,b,1,0,3,tac,D,63,1,3D,2D,1,0,b,2.97116570000026,1,0,1,1,3D,2D,D32,2.07944154167984,0.615621036328847,0.438394208259617,0.5,0.5,0.531815096217522,0.615621036328847,0.5,0.5,0.468184903782478,0.5,0.589500899574351,0.438394208259617,0.5,0.468184903782478,0.438394208259617,0.561605791740383,0.561605791740383,0.438394208259617,0.561605791740383,0.438394208259617,0.692179034758365,0.692179034758365,0.438394208259617,0.0278951078339678,0.5,0.0636301924350431,6.57670559643389,26.9018879569734
CBC_1001,CBC_1001_MSI_TV_v3_Vset1_Tset1_2023-06-08_11h53.34.814.csv,2,26,0,1,z,0,1,1,tac,B,63,1,0B,1B,0,1,b,2.71671500000002,1,0,0,0,0B,1B,B01,2.6149597780362,0.615621036328847,0.438394208259617,0.5,0.5,0.531815096217522,0.615621036328847,0.5,0.5,0.468184903782478,0.5,0.589500899574351,0.438394208259617,0.5,0.468184903782478,0.438394208259617,0.589500899574351,0.531815096217522,0.615621036328847,0.463481217937008,0.536518782062991,0.382170294243853,0.382170294243853,-0.531815096217522,-0.0338394969121819,0.5,0.0636301924350431,6.57670559643389,26.9018879569734
CBC_1001,CBC_1001_MSI_TV_v3_Vset1_Tset1_2023-06-08_11h53.34.814.csv,2,27,3,0,z,0,1,0,tac,A,9,1,3A,0A,0,1,b,1.99343550000003,1,0,0,0,3A,0A,A30,3.73766961828337,0.615621036328847,0.438394208259617,0.5,0.5,0.49797559930534,0.615621036328847,0.5,0.5,0.468184903782478,0.5,0.589500899574351,0.438394208259617,0.5,0.468184903782478,0.438394208259617,0.589500899574351,0.5,0.615621036328847,0.448180864037255,0.551819135962745,0.335904649031709,0.335904649031709,-0.5,-0.0318150962175216,0.5,0.0636301924350431,6.57670559643389,26.9018879569734
CBC_1001,CBC_1001_MSI_TV_v3_Vset1_Tset1_2023-06-08_11h53.34.814.csv,2,28,3,2,b,1,0,3,tac,D,63,1,3D,2D,1,0,z,2.72957930000075,0,1,0,0,2D,3D,D32,1.96944064646551,0.615621036328847,0.438394208259617,0.5,0.468184903782478,0.49797559930534,0.615621036328847,0.5,0.5,0.468184903782478,0.5,0.589500899574351,0.438394208259617,0.5,0.468184903782478,0.438394208259617,0.589500899574351,0.438394208259617,0.589500899574351,0.426497027681573,0.573502972318427,0.275515831409416,0.275515831409416,-0.438394208259617,-0.0278951078339678,0.5,0.0636301924350431,6.57670559643389,26.9018879569734
CBC_1001,CBC_1001_MSI_TV_v3_Vset1_Tset1_2023-06-08_11h53.34.814.csv,2,29,0,2,z,0,1,2,tac,C,27,1,0C,2C,0,1,b,4.16821710000067,1,0,0,0,0C,2C,C02,2.68557734525015,0.615621036328847,0.438394208259617,0.5,0.468184903782478,0.49797559930534,0.615621036328847,0.5,0.5,0.468184903782478,0.5,0.589500899574351,0.438394208259617,0.5,0.468184903782478,0.410499100425649,0.589500899574351,0.468184903782478,0.589500899574351,0.442650267495864,0.557349732504136,0.319875369168788,0.319875369168788,-0.468184903782478,-0.0297906955228612,0.5,0.0636301924350431,6.57670559643389,26.9018879569734
CBC_1001,CBC_1001_MSI_TV_v3_Vset1_Tset1_2023-06-08_11h53.34.814.csv,2,30,0,1,b,1,0,0,tac,A,63,0,0A,1A,0,1,b,3.2208958999995,1,0,1,0,0A,1A,A01,3.11351530921037,0.615621036328847,0.438394208259617,0.5,0.468184903782478,0.49797559930534,0.615621036328847,0.5,0.5,0.438394208259617,0.5,0.589500899574351,0.438394208259617,0.5,0.468184903782478,0.410499100425649,0.589500899574351,0.615621036328847,0.438394208259617,0.584072231867209,0.415927768132791,0.751352117137837,0.751352117137837,-0.615621036328847,-0.0391720850086652,0.5,0.0636301924350431,6.57670559643389,26.9018879569734
CBC_1001,CBC_1001_MSI_TV_v3_Vset1_Tset1_2023-06-08_11h53.34.814.csv,2,31,0,1,z,0,1,1,tac,B,63,1,0B,1B,0,1,z,2.92884339999955,0,1,1,1,1B,0B,B01,2.4423470353692,0.576448951320182,0.438394208259617,0.5,0.468184903782478,0.49797559930534,0.615621036328847,0.5,0.5,0.438394208259617,0.5,0.589500899574351,0.438394208259617,0.5,0.468184903782478,0.410499100425649,0.589500899574351,0.615621036328847,0.49797559930534,0.552822284685024,0.447177715314976,0.667032355160258,0.667032355160258,0.384378963671153,0.0244581074263779,0.5,0.0636301924350431,6.57670559643389,26.9018879569734
CBC_1001,CBC_1001_MSI_TV_v3_Vset1_Tset1_2023-06-08_11h53.34.814.csv,2,32,1,3,z,0,1,3,tac,D,27,1,1D,3D,0,1,b,2.2916708000007,1,0,0,0,1D,3D,D13,3.85014760171006,0.576448951320182,0.438394208259617,0.5,0.468184903782478,0.49797559930534,0.640079143755225,0.5,0.5,0.438394208259617,0.5,0.589500899574351,0.438394208259617,0.5,0.468184903782478,0.410499100425649,0.589500899574351,0.468184903782478,0.589500899574351,0.442650267495864,0.557349732504136,0.319875369168788,0.319875369168788,-0.468184903782478,-0.0297906955228612,0.5,0.0636301924350431,6.57670559643389,26.9018879569734
CBC_1001,CBC_1001_MSI_TV_v3_Vset1_Tset1_2023-06-08_11h53.34.814.csv,2,33,2,3,b,1,0,2,tac,C,63,1,2C,3C,1,0,b,3.4357827000008,1,0,1,1,2C,3C,C23,2.77258872223978,0.576448951320182,0.438394208259617,0.5,0.468184903782478,0.49797559930534,0.640079143755225,0.5,0.5,0.438394208259617,0.5,0.589500899574351,0.438394208259617,0.5,0.438394208259617,0.410499100425649,0.589500899574351,0.589500899574351,0.438394208259617,0.573502972318427,0.426497027681573,0.724484168590584,0.724484168590584,0.410499100425649,0.0261201367544962,0.5,0.0636301924350431,6.57670559643389,26.9018879569734
CBC_1001,CBC_1001_MSI_TV_v3_Vset1_Tset1_2023-06-08_11h53.34.814.csv,2,34,0,1,z,0,1,1,tac,B,63,1,0B,1B,0,1,z,2.29848319999974,0,1,1,1,1B,0B,B01,2.28238238567653,0.576448951320182,0.438394208259617,0.5,0.468184903782478,0.49797559930534,0.640079143755225,0.5,0.5,0.438394208259617,0.5,0.615621036328847,0.438394208259617,0.5,0.438394208259617,0.410499100425649,0.589500899574351,0.640079143755225,0.49797559930534,0.562432648919738,0.437567351080262,0.694491496067971,0.694491496067971,0.359920856244775,0.0229018333442405,0.5,0.0636301924350431,6.57670559643389,26.9018879569734
CBC_1001,CBC_1001_MSI_TV_v3_Vset1_Tset1_2023-06-08_11h53.34.814.csv,2,35,1,0,z,0,1,0,tac,A,63,1,1A,0A,0,1,z,1.66613030000053,0,1,1,1,0A,1A,A10,2.52572864430826,0.576448951320182,0.438394208259617,0.5,0.468184903782478,0.49797559930534,0.662980977099465,0.5,0.5,0.438394208259617,0.5,0.615621036328847,0.438394208259617,0.5,0.438394208259617,0.410499100425649,0.589500899574351,0.576448951320182,0.438394208259617,0.568017772873262,0.431982227126738,0.709852077245951,0.709852077245951,0.423551048679818,0.0269506347335612,0.5,0.0636301924350431,6.57670559643389,26.9018879569734
CBC_1001,CBC_1001_MSI_TV_v3_Vset1_Tset1_2023-06-08_11h53.34.814.csv,2,36,2,1,b,1,0,2,tac,C,9,1,2C,1C,1,0,b,2.28756480000038,1,0,1,1,2C,1C,C21,3.93182563272433,0.603399586053743,0.438394208259617,0.5,0.468184903782478,0.49797559930534,0.662980977099465,0.5,0.5,0.438394208259617,0.5,0.615621036328847,0.438394208259617,0.5,0.438394208259617,0.410499100425649,0.589500899574351,0.615621036328847,0.5,0.551819135962745,0.448180864037255,0.664095350968291,0.664095350968291,0.384378963671153,0.0244581074263779,0.5,0.0636301924350431,6.57670559643389,26.9018879569734
CBC_1001,CBC_1001_MSI_TV_v3_Vset1_Tset1_2023-06-08_11h53.34.814.csv,2,37,0,1,b,1,0,0,tac,A,63,1,0A,1A,1,0,b,2.02986720000035,1,0,1,1,0A,1A,A01,2.85263142991332,0.603399586053743,0.438394208259617,0.5,0.468184903782478,0.49797559930534,0.662980977099465,0.5,0.5,0.438394208259617,0.5,0.640079143755225,0.438394208259617,0.5,0.438394208259617,0.410499100425649,0.589500899574351,0.603399586053743,0.438394208259617,0.579192916436443,0.420807083563557,0.739169597529652,0.739169597529652,0.396600413946257,0.0252357606592181,0.5,0.0636301924350431,6.57670559643389,26.9018879569734
CBC_1001,CBC_1001_MSI_TV_v3_Vset1_Tset1_2023-06-08_11h53.34.814.csv,2,38,1,3,z,0,1,3,tac,D,27,1,1D,3D,0,1,b,1.94946610000034,1,0,0,0,1D,3D,D13,3.27714473299218,0.628635346712961,0.438394208259617,0.5,0.468184903782478,0.49797559930534,0.662980977099465,0.5,0.5,0.438394208259617,0.5,0.640079143755225,0.438394208259617,0.5,0.438394208259617,0.410499100425649,0.589500899574351,0.438394208259617,0.589500899574351,0.426497027681573,0.573502972318427,0.275515831409416,0.275515831409416,-0.438394208259617,-0.0278951078339678,0.5,0.0636301924350431,6.57670559643389,26.9018879569734
CBC_1001,CBC_1001_MSI_TV_v3_Vset1_Tset1_2023-06-08_11h53.34.814.csv,2,39,1,0,b,1,0,1,tac,B,63,1,1B,0B,1,0,b,3.06466469999987,1,0,1,1,1B,0B,B10,3.29583686600433,0.628635346712961,0.438394208259617,0.5,0.468184903782478,0.49797559930534,0.662980977099465,0.5,0.5,0.438394208259617,0.5,0.640079143755225,0.438394208259617,0.5,0.410499100425649,0.410499100425649,0.589500899574351,0.662980977099465,0.49797559930534,0.571064405485822,0.428935594514178,0.718035806180484,0.718035806180484,0.337019022900535,0.0214445852814312,0.5,0.0636301924350431,6.57670559643389,26.9018879569734
CBC_1001,CBC_1001_MSI_TV_v3_Vset1_Tset1_2023-06-08_11h53.34.814.csv,2,40,3,2,z,0,1,2,tac,C,63,0,3C,2C,1,0,z,1.99799059999941,0,1,1,0,2C,3C,C32,2.90872089656436,0.628635346712961,0.438394208259617,0.5,0.468184903782478,0.49797559930534,0.684425562380896,0.5,0.5,0.438394208259617,0.5,0.640079143755225,0.438394208259617,0.5,0.410499100425649,0.410499100425649,0.589500899574351,0.640079143755225,0.438394208259617,0.593504830285705,0.406495169714294,0.77380238091713,0.77380238091713,-0.640079143755225,-0.0407283590908026,0.5,0.0636301924350431,6.57670559643389,26.9018879569734
CBC_1001,CBC_1001_MSI_TV_v3_Vset1_Tset1_2023-06-08_11h53.34.814.csv,2,41,0,2,b,1,0,0,tac,A,27,1,0A,2A,1,0,b,1.6262128000003,1,0,1,1,0A,2A,A02,3.3322045101752,0.628635346712961,0.438394208259617,0.5,0.468184903782478,0.49797559930534,0.684425562380896,0.5,0.5,0.438394208259617,0.5,0.599350784664422,0.438394208259617,0.5,0.410499100425649,0.410499100425649,0.589500899574351,0.628635346712961,0.5,0.556987115939439,0.443012884060561,0.679086079919228,0.679086079919228,0.371364653287039,0.0236300043522274,0.5,0.0636301924350431,6.57670559643389,26.9018879569734
CBC_1001,CBC_1001_MSI_TV_v3_Vset1_Tset1_2023-06-08_11h53.34.814.csv,2,42,2,3,z,0,1,3,tac,D,63,1,2D,3D,0,1,z,2.74069949999966,0,1,1,1,3D,2D,D23,4.04305126783455,0.652265351065188,0.438394208259617,0.5,0.468184903782478,0.49797559930534,0.684425562380896,0.5,0.5,0.438394208259617,0.5,0.599350784664422,0.438394208259617,0.5,0.410499100425649,0.410499100425649,0.589500899574351,0.589500899574351,0.410499100425649,0.589500899574351,0.410499100425649,0.764451569880552,0.764451569880552,0.410499100425649,0.0261201367544962,0.5,0.0636301924350431,6.57670559643389,26.9018879569734
CBC_1001,CBC_1001_MSI_TV_v3_Vset1_Tset1_2023-06-08_11h53.34.814.csv,2,43,1,3,b,1,0,1,tac,B,27,1,1B,3B,1,0,b,2.36596080000027,1,0,1,1,1B,3B,B13,3.36729582998647,0.652265351065188,0.438394208259617,0.5,0.468184903782478,0.49797559930534,0.684425562380896,0.5,0.5,0.438394208259617,0.5,0.599350784664422,0.438394208259617,0.5,0.410499100425649,0.410499100425649,0.615621036328847,0.684425562380896,0.5,0.577854433507062,0.422145566492938,0.7357610070011,0.7357610070011,0.315574437619104,0.0200800621932841,0.5,0.0636301924350431,6.57670559643389,26.9018879569734
CBC_1001,CBC_1001_MSI_TV_v3_Vset1_Tset1_2023-06-08_11h53.34.814.csv,2,44,3,2,z,0,1,2,tac,C,63,1,3C,2C,0,1,z,2.1833700000002,0,1,1,1,2C,3C,C32,2.69124308278583,0.652265351065188,0.438394208259617,0.5,0.468184903782478,0.49797559930534,0.704505624574181,0.5,0.5,0.438394208259617,0.5,0.599350784664422,0.438394208259617,0.5,0.410499100425649,0.410499100425649,0.615621036328847,0.599350784664422,0.438394208259617,0.577551121663946,0.422448878336054,0.734984635568574,0.734984635568574,0.400649215335578,0.0254933866707518,0.5,0.0636301924350431,6.57670559643389,26.9018879569734
CBC_1001,CBC_1001_MSI_AV_v3_Vset6_Aset1_2023-06-08_12h45.15.645.csv,3,1,1,0,z,0,1,0,aud,A,63,1,1A,0A,0,1,b,2.09499780000078,1,0,0,0,1A,0A,A10,2.77258872223978,0.5,0.5,0.5,0.5,0.5,0.5,0.5,0.5,0.5,0.5,0.5,0.5,0.5,0.5,0.5,0.5,0.5,0.5,0.5,0.5,0.5,0.5,-0.5,-0.0655249482109366,0.5,0.131049896421873,14.9999992281073,15.9328550180549
CBC_1001,CBC_1001_MSI_AV_v3_Vset6_Aset1_2023-06-08_12h45.15.645.csv,3,2,3,2,b,1,0,3,aud,D,63,1,3D,2D,1,0,b,2.02259850000064,1,0,1,1,3D,2D,D32,2.83321334405622,0.5,0.434475051789063,0.5,0.5,0.5,0.5,0.5,0.5,0.5,0.5,0.5,0.5,0.5,0.5,0.5,0.5,0.5,0.5,0.5,0.5,0.5,0.5,0.5,0.0655249482109366,0.5,0.131049896421873,14.9999992281073,15.9328550180549
CBC_1001,CBC_1001_MSI_AV_v3_Vset6_Aset1_2023-06-08_12h45.15.645.csv,3,3,2,0,b,1,0,2,aud,C,27,1,2C,0C,1,0,b,2.43564229999993,1,0,1,1,2C,0C,C20,2.89037175789616,0.5,0.434475051789063,0.5,0.5,0.5,0.5,0.5,0.5,0.5,0.5,0.5,0.5,0.5,0.5,0.5,0.565524948210937,0.5,0.5,0.5,0.5,0.5,0.5,0.5,0.0655249482109366,0.5,0.131049896421873,14.9999992281073,15.9328550180549
CBC_1001,CBC_1001_MSI_AV_v3_Vset6_Aset1_2023-06-08_12h45.15.645.csv,3,4,1,0,z,0,1,0,aud,A,63,1,1A,0A,0,1,z,2.69116349999967,0,1,1,1,0A,1A,A10,2.2512917986065,0.5,0.434475051789063,0.5,0.5,0.5,0.5,0.5,0.5,0.5,0.5,0.565524948210937,0.5,0.5,0.5,0.5,0.565524948210937,0.5,0.434475051789063,0.535059763278585,0.464940236721415,0.741119025842723,0.741119025842723,0.5,0.0655249482109366,0.5,0.131049896421873,14.9999992281073,15.9328550180549
CBC_1001,CBC_1001_MSI_AV_v3_Vset6_Aset1_2023-06-08_12h45.15.645.csv,3,5,3,1,z,0,1,1,aud,B,27,1,3B,1B,0,1,z,2.31908350000049,0,1,1,1,1B,3B,B31,2.99573227355399,0.565524948210937,0.434475051789063,0.5,0.5,0.5,0.5,0.5,0.5,0.5,0.5,0.565524948210937,0.5,0.5,0.5,0.5,0.565524948210937,0.5,0.5,0.5,0.5,0.5,0.5,0.5,0.0655249482109366,0.5,0.131049896421873,14.9999992281073,15.9328550180549
CBC_1001,CBC_1001_MSI_AV_v3_Vset6_Aset1_2023-06-08_12h45.15.645.csv,3,6,2,3,b,1,0,2,aud,C,63,1,2C,3C,1,0,b,1.85020870000062,1,0,1,1,2C,3C,C23,3.04452243772342,0.565524948210937,0.434475051789063,0.5,0.5,0.5,0.565524948210937,0.5,0.5,0.5,0.5,0.565524948210937,0.5,0.5,0.5,0.5,0.565524948210937,0.565524948210937,0.5,0.530747730647206,0.469252269352794,0.715537357134579,0.715537357134579,0.434475051789063,0.0569379105348448,0.5,0.131049896421873,14.9999992281073,15.9328550180549
CBC_1001,CBC_1001_MSI_AV_v3_Vset6_Aset1_2023-06-08_12h45.15.645.csv,3,7,2,3,z,0,1,3,aud,D,63,0,2D,3D,1,0,z,2.00592620000043,0,1,1,0,3D,2D,D23,3.09104245335832,0.565524948210937,0.434475051789063,0.5,0.5,0.5,0.565524948210937,0.5,0.5,0.5,0.5,0.622462858745781,0.5,0.5,0.5,0.5,0.565524948210937,0.565524948210937,0.5,0.530747730647206,0.469252269352794,0.715537357134579,0.715537357134579,-0.565524948210937,-0.0741119858870285,0.5,0.131049896421873,14.9999992281073,15.9328550180549
CBC_1001,CBC_1001_MSI_AV_v3_Vset6_Aset1_2023-06-08_12h45.15.645.csv,3,8,1,0,b,1,0,1,aud,B,63,1,1B,0B,1,0,z,2.63332570000057,0,1,0,0,0B,1B,B10,3.13549421592915,0.565524948210937,0.434475051789063,0.5,0.5,0.5,0.565524948210937,0.5,0.5,0.5,0.5,0.622462858745781,0.5,0.5,0.5,0.5,0.491412962323908,0.5,0.565524948210937,0.469252269352794,0.530747730647206,0.28446264286542,0.28446264286542,-0.5,-0.0655249482109366,0.5,0.131049896421873,14.9999992281073,15.9328550180549
CBC_1001,CBC_1001_MSI_AV_v3_Vset6_Aset1_2023-06-08_12h45.15.645.csv,3,9,0,2,b,1,0,0,aud,A,27,1,0A,2A,1,0,b,2.19143900000017,1,0,1,1,0A,2A,A02,3.17805383034795,0.565524948210937,0.434475051789063,0.5,0.5,0.434475051789063,0.565524948210937,0.5,0.5,0.5,0.5,0.622462858745781,0.5,0.5,0.5,0.5,0.491412962323908,0.565524948210937,0.5,0.530747730647206,0.469252269352794,0.715537357134579,0.715537357134579,0.434475051789063,0.0569379105348448,0.5,0.131049896421873,14.9999992281073,15.9328550180549
CBC_1001,CBC_1001_MSI_AV_v3_Vset6_Aset1_2023-06-08_12h45.15.645.csv,3,10,0,3,z,0,1,3,aud,D,9,1,0D,3D,0,1,z,2.55734659999962,0,1,1,1,3D,0D,D03,3.2188758248682,0.622462858745781,0.434475051789063,0.5,0.5,0.434475051789063,0.565524948210937,0.5,0.5,0.5,0.5,0.622462858745781,0.5,0.5,0.5,0.5,0.491412962323908,0.491412962323908,0.5,0.495669293219667,0.504330706780333,0.467565311479697,0.467565311479697,0.508587037676092,0.0666502786089592,0.5,0.131049896421873,14.9999992281073,15.9328550180549
CBC_1001,CBC_1001_MSI_AV_v3_Vset6_Aset1_2023-06-08_12h45.15.645.csv,3,11,3,2,z,0,1,2,aud,C,63,0,3C,2C,1,0,z,2.05659800000103,0,1,1,0,2C,3C,C32,3.25809653802148,0.622462858745781,0.434475051789063,0.5,0.5,0.434475051789063,0.565524948210937,0.5,0.5,0.5,0.5,0.622462858745781,0.5,0.5,0.5,0.5,0.558063240932867,0.622462858745781,0.5,0.5545509625515,0.4454490374485,0.83706205603688,0.83706205603688,-0.622462858745781,-0.0815736931650978,0.5,0.131049896421873,14.9999992281073,15.9328550180549
CBC_1001,CBC_1001_MSI_AV_v3_Vset6_Aset1_2023-06-08_12h45.15.645.csv,3,12,1,0,b,1,0,1,aud,B,63,1,1B,0B,1,0,b,2.75951770000029,1,0,1,1,1B,0B,B10,2.60268968544438,0.622462858745781,0.434475051789063,0.5,0.5,0.434475051789063,0.565524948210937,0.5,0.5,0.5,0.5,0.540889165580684,0.5,0.5,0.5,0.5,0.558063240932867,0.565524948210937,0.434475051789063,0.565524948210937,0.434475051789063,0.877153709922322,0.877153709922322,0.434475051789063,0.0569379105348448,0.5,0.131049896421873,14.9999992281073,15.9328550180549
CBC_1001,CBC_1001_MSI_AV_v3_Vset6_Aset1_2023-06-08_12h45.15.645.csv,3,13,3,2,b,1,0,3,aud,D,63,0,3D,2D,0,1,b,2.47841750000043,1,0,1,0,3D,2D,D32,2.63905732961526,0.622462858745781,0.434475051789063,0.5,0.5,0.434475051789063,0.622462858745781,0.5,0.5,0.5,0.5,0.540889165580684,0.5,0.5,0.5,0.5,0.558063240932867,0.558063240932867,0.5,0.527438454851562,0.472561545148438,0.694905352179942,0.694905352179942,-0.558063240932867,-0.0731341299211072,0.5,0.131049896421873,14.9999992281073,15.9328550180549
CBC_1001,CBC_1001_MSI_AV_v3_Vset6_Aset1_2023-06-08_12h45.15.645.csv,3,14,3,2,z,0,1,2,aud,C,63,1,3C,2C,0,1,z,2.77059000000008,0,1,1,1,2C,3C,C32,2.67414864942653,0.622462858745781,0.434475051789063,0.5,0.5,0.434475051789063,0.622462858745781,0.5,0.5,0.5,0.5,0.540889165580684,0.5,0.5,0.5,0.5,0.48492911101176,0.540889165580684,0.5,0.519641459884863,0.480358540115137,0.643191611744545,0.643191611744545,0.459110834419316,0.0601664272968112,0.5,0.131049896421873,14.9999992281073,15.9328550180549
CBC_1001,CBC_1001_MSI_AV_v3_Vset6_Aset1_2023-06-08_12h45.15.645.csv,3,15,1,3,b,1,0,1,aud,B,27,1,1B,3B,NaN,NaN,[],NaN,NaN,NaN,NaN,NaN,,,B13,3.40119738166216,0.622462858745781,0.434475051789063,0.5,0.5,0.434475051789063,0.622462858745781,0.5,0.5,0.5,0.5,0.601055592877495,0.5,0.5,0.5,0.5,0.48492911101176,0,0,0,0,0,NaN,0,0,0.5,0.131049896421873,14.9999992281073,15.9328550180549
CBC_1001,CBC_1001_MSI_AV_v3_Vset6_Aset1_2023-06-08_12h45.15.645.csv,3,16,3,0,z,0,1,0,aud,A,9,1,3A,0A,0,1,z,1.59555200000068,0,1,1,1,0A,3A,A30,3.43398720448515,0.622462858745781,0.434475051789063,0.5,0.5,0.434475051789063,0.622462858745781,0.5,0.5,0.5,0.5,0.601055592877495,0.5,0.5,0.5,0.5,0.48492911101176,0.622462858745781,0.5,0.5545509625515,0.4454490374485,0.83706205603688,0.83706205603688,0.377537141254219,0.0494762032567755,0.5,0.131049896421873,14.9999992281073,15.9328550180549
CBC_1001,CBC_1001_MSI_AV_v3_Vset6_Aset1_2023-06-08_12h45.15.645.csv,3,17,3,2,b,1,0,3,aud,D,63,1,3D,2D,1,0,z,2.95673360000001,0,1,0,0,2D,3D,D32,2.36712361413162,0.671939062002557,0.434475051789063,0.5,0.5,0.434475051789063,0.622462858745781,0.5,0.5,0.5,0.5,0.601055592877495,0.5,0.5,0.5,0.5,0.48492911101176,0.5,0.48492911101176,0.507650748068944,0.492349251931056,0.557130024090997,0.557130024090997,-0.5,-0.0655249482109366,0.5,0.131049896421873,14.9999992281073,15.9328550180549
CBC_1001,CBC_1001_MSI_AV_v3_Vset6_Aset1_2023-06-08_12h45.15.645.csv,3,18,2,0,b,1,0,2,aud,C,27,1,2C,0C,1,0,b,1.85350890000063,1,0,1,1,2C,0C,C20,2.80336038090653,0.671939062002557,0.434475051789063,0.5,0.5,0.434475051789063,0.622462858745781,0.5,0.5,0.5,0.5,0.601055592877495,0.5,0.5,0.5,0.434475051789063,0.48492911101176,0.601055592877495,0.5,0.545890322673625,0.454109677326375,0.798462029172577,0.798462029172577,0.398944407122505,0.0522816232314899,0.5,0.131049896421873,14.9999992281073,15.9328550180549
CBC_1001,CBC_1001_MSI_AV_v3_Vset6_Aset1_2023-06-08_12h45.15.645.csv,3,19,1,0,z,0,1,0,aud,A,63,1,1A,0A,0,1,b,2.22779300000002,1,0,0,0,1A,0A,A10,2.42774823594805,0.671939062002557,0.434475051789063,0.5,0.5,0.434475051789063,0.622462858745781,0.5,0.5,0.5,0.5,0.653337216108985,0.5,0.5,0.5,0.434475051789063,0.48492911101176,0.434475051789063,0.671939062002557,0.392687553758819,0.607312446241181,0.0384431478354446,0.0384431478354446,-0.434475051789063,-0.0569379105348448,0.5,0.131049896421873,14.9999992281073,15.9328550180549
CBC_1001,CBC_1001_MSI_AV_v3_Vset6_Aset1_2023-06-08_12h45.15.645.csv,3,20,0,1,z,0,1,1,aud,B,63,0,0B,1B,1,0,z,1.55913200000123,0,1,1,0,1B,0B,B01,3.55534806148941,0.671939062002557,0.377537141254219,0.5,0.5,0.434475051789063,0.622462858745781,0.5,0.5,0.5,0.5,0.653337216108985,0.5,0.5,0.5,0.434475051789063,0.48492911101176,0.622462858745781,0.434475051789063,0.588930392733094,0.411069607266906,0.935106420067303,0.935106420067303,-0.622462858745781,-0.0815736931650978,0.5,0.131049896421873,14.9999992281073,15.9328550180549
CBC_1001,CBC_1001_MSI_AV_v3_Vset6_Aset1_2023-06-08_12h45.15.645.csv,3,21,1,3,z,0,1,3,aud,D,27,1,1D,3D,0,1,z,3.07898800000112,0,1,1,1,3D,1D,D13,3.58351893845611,0.671939062002557,0.377537141254219,0.5,0.5,0.434475051789063,0.540889165580684,0.5,0.5,0.5,0.5,0.653337216108985,0.5,0.5,0.5,0.434475051789063,0.48492911101176,0.48492911101176,0.5,0.492349251931056,0.507650748068944,0.442869975909004,0.442869975909004,0.51507088898824,0.067499986651831,0.5,0.131049896421873,14.9999992281073,15.9328550180549
CBC_1001,CBC_1001_MSI_AV_v3_Vset6_Aset1_2023-06-08_12h45.15.645.csv,3,22,2,3,b,1,0,2,aud,C,63,1,2C,3C,1,0,b,2.08173770000121,1,0,1,1,2C,3C,C23,2.91777073208428,0.671939062002557,0.377537141254219,0.5,0.5,0.434475051789063,0.540889165580684,0.5,0.5,0.5,0.5,0.653337216108985,0.5,0.5,0.5,0.434475051789063,0.552429097663591,0.653337216108985,0.5,0.5664754479294,0.4335245520706,0.880193448000996,0.880193448000996,0.346662783891015,0.0454301219222358,0.5,0.131049896421873,14.9999992281073,15.9328550180549
CBC_1001,CBC_1001_MSI_AV_v3_Vset6_Aset1_2023-06-08_12h45.15.645.csv,3,23,1,0,b,1,0,1,aud,B,63,1,1B,0B,1,0,z,2.3606776000006,0,1,0,0,0B,1B,B10,2.53897387105828,0.671939062002557,0.377537141254219,0.5,0.5,0.434475051789063,0.540889165580684,0.5,0.5,0.5,0.5,0.698767338031221,0.5,0.5,0.5,0.434475051789063,0.552429097663591,0.434475051789063,0.540889165580684,0.4454490374485,0.5545509625515,0.16293794396312,0.16293794396312,-0.434475051789063,-0.0569379105348448,0.5,0.131049896421873,14.9999992281073,15.9328550180549
CBC_1001,CBC_1001_MSI_AV_v3_Vset6_Aset1_2023-06-08_12h45.15.645.csv,3,24,2,0,z,0,1,0,aud,A,27,1,2A,0A,0,1,z,2.26862320000055,0,1,1,1,0A,2A,A20,3.66356164612965,0.671939062002557,0.377537141254219,0.5,0.5,0.377537141254219,0.540889165580684,0.5,0.5,0.5,0.5,0.698767338031221,0.5,0.5,0.5,0.434475051789063,0.552429097663591,0.671939062002557,0.5,0.573356656321684,0.426643343678316,0.900312315483375,0.900312315483375,0.328060937997443,0.0429923519446275,0.5,0.131049896421873,14.9999992281073,15.9328550180549
CBC_1001,CBC_1001_MSI_AV_v3_Vset6_Aset1_2023-06-08_12h45.15.645.csv,3,25,2,3,z,0,1,3,aud,D,63,1,2D,3D,0,1,z,2.56164250000074,0,1,1,1,3D,2D,D23,2.99573227355399,0.714931413947184,0.377537141254219,0.5,0.5,0.377537141254219,0.540889165580684,0.5,0.5,0.5,0.5,0.698767338031221,0.5,0.5,0.5,0.434475051789063,0.552429097663591,0.552429097663591,0.434475051789063,0.559759626069029,0.440240373930971,0.857268837834534,0.857268837834534,0.447570902336409,0.0586541203926307,0.5,0.131049896421873,14.9999992281073,15.9328550180549
CBC_1001,CBC_1001_MSI_AV_v3_Vset6_Aset1_2023-06-08_12h45.15.645.csv,3,26,2,0,b,1,0,2,aud,C,27,1,2C,0C,1,0,b,2.45149890000084,1,0,1,1,2C,0C,C20,2.6149597780362,0.714931413947184,0.377537141254219,0.5,0.5,0.377537141254219,0.540889165580684,0.5,0.5,0.5,0.5,0.698767338031221,0.5,0.5,0.5,0.434475051789063,0.611083218056222,0.698767338031221,0.5,0.582904885595925,0.417095114404075,0.923235810798405,0.923235810798405,0.301232661968779,0.0394765091498937,0.5,0.131049896421873,14.9999992281073,15.9328550180549
CBC_1001,CBC_1001_MSI_AV_v3_Vset6_Aset1_2023-06-08_12h45.15.645.csv,3,27,1,0,b,1,0,1,aud,B,63,1,1B,0B,1,0,b,2.80006240000057,1,0,1,1,1B,0B,B10,2.35137525716348,0.714931413947184,0.377537141254219,0.5,0.5,0.377537141254219,0.540889165580684,0.5,0.5,0.5,0.5,0.738243847181114,0.5,0.5,0.5,0.434475051789063,0.611083218056222,0.540889165580684,0.377537141254219,0.588930392733094,0.411069607266906,0.935106420067303,0.935106420067303,0.459110834419316,0.0601664272968112,0.5,0.131049896421873,14.9999992281073,15.9328550180549
CBC_1001,CBC_1001_MSI_AV_v3_Vset6_Aset1_2023-06-08_12h45.15.645.csv,3,28,0,1,b,1,0,0,aud,A,63,1,0A,1A,1,0,b,1.84562410000035,1,0,1,1,0A,1A,A01,3.76120011569356,0.714931413947184,0.377537141254219,0.5,0.5,0.377537141254219,0.601055592877495,0.5,0.5,0.5,0.5,0.738243847181114,0.5,0.5,0.5,0.434475051789063,0.611083218056222,0.714931413947184,0.377537141254219,0.654418299312407,0.345581700687593,0.990363830831127,0.990363830831127,0.285068586052816,0.0373582086753514,0.5,0.131049896421873,14.9999992281073,15.9328550180549
CBC_1001,CBC_1001_MSI_AV_v3_Vset6_Aset1_2023-06-08_12h45.15.645.csv,3,29,3,2,z,0,1,2,aud,C,63,0,3C,2C,1,0,z,1.91158820000055,0,1,1,0,2C,3C,C32,2.68557734525015,0.752289622622536,0.377537141254219,0.5,0.5,0.377537141254219,0.601055592877495,0.5,0.5,0.5,0.5,0.738243847181114,0.5,0.5,0.5,0.434475051789063,0.611083218056222,0.738243847181114,0.5,0.596202314157862,0.403797685842138,0.947153479493675,0.947153479493675,-0.738243847181114,-0.0967467797071703,0.5,0.131049896421873,14.9999992281073,15.9328550180549
CBC_1001,CBC_1001_MSI_AV_v3_Vset6_Aset1_2023-06-08_12h45.15.645.csv,3,30,3,1,b,1,0,3,aud,D,27,1,3D,1D,1,0,b,2.27335850000054,1,0,1,1,3D,1D,D31,3.80666248977032,0.752289622622536,0.377537141254219,0.5,0.5,0.377537141254219,0.601055592877495,0.5,0.5,0.5,0.5,0.641497067473944,0.5,0.5,0.5,0.434475051789063,0.611083218056222,0.611083218056222,0.5,0.549988703029174,0.450011296970826,0.817523912147295,0.817523912147295,0.388916781943778,0.0509675039904604,0.5,0.131049896421873,14.9999992281073,15.9328550180549
CBC_1001,CBC_1001_MSI_AV_v3_Vset6_Aset1_2023-06-08_12h45.15.645.csv,3,31,1,0,z,0,1,0,aud,A,63,0,1A,0A,1,0,z,1.78355660000034,0,1,1,0,0A,1A,A10,2.4423470353692,0.752289622622536,0.377537141254219,0.5,0.5,0.377537141254219,0.601055592877495,0.5,0.5,0.5,0.5,0.641497067473944,0.5,0.5,0.5,0.434475051789063,0.662050722046682,0.752289622622536,0.377537141254219,0.665845107121748,0.334154892878252,0.993141285879657,0.993141285879657,-0.752289622622536,-0.0985874771239335,0.5,0.131049896421873,14.9999992281073,15.9328550180549
CBC_1001,CBC_1001_MSI_AV_v3_Vset6_Aset1_2023-06-08_12h45.15.645.csv,3,32,3,2,b,1,0,3,aud,D,63,1,3D,2D,1,0,b,2.42577440000059,1,0,1,1,3D,2D,D32,2.46385324059017,0.653702145498602,0.377537141254219,0.5,0.5,0.377537141254219,0.601055592877495,0.5,0.5,0.5,0.5,0.641497067473944,0.5,0.5,0.5,0.434475051789063,0.662050722046682,0.662050722046682,0.434475051789063,0.603771236248072,0.396228763751928,0.957431389645877,0.957431389645877,0.337949277953318,0.0442882178716291,0.5,0.131049896421873,14.9999992281073,15.9328550180549
CBC_1001,CBC_1001_MSI_AV_v3_Vset6_Aset1_2023-06-08_12h45.15.645.csv,3,33,2,1,z,0,1,1,aud,B,9,1,2B,1B,0,1,z,2.6262540000007,0,1,1,1,1B,2B,B21,3.87120101090789,0.653702145498602,0.377537141254219,0.5,0.5,0.377537141254219,0.601055592877495,0.5,0.5,0.5,0.5,0.641497067473944,0.5,0.5,0.5,0.434475051789063,0.706338939918312,0.601055592877495,0.5,0.545890322673625,0.454109677326375,0.798462029172577,0.798462029172577,0.398944407122505,0.0522816232314899,0.5,0.131049896421873,14.9999992281073,15.9328550180549
CBC_1001,CBC_1001_MSI_AV_v3_Vset6_Aset1_2023-06-08_12h45.15.645.csv,3,34,1,0,z,0,1,0,aud,A,63,1,1A,0A,0,1,z,3.53284429999985,0,1,1,1,0A,1A,A10,2.28238238567653,0.653702145498602,0.377537141254219,0.5,0.5,0.377537141254219,0.653337216108985,0.5,0.5,0.5,0.5,0.641497067473944,0.5,0.5,0.5,0.434475051789063,0.706338939918312,0.653702145498602,0.377537141254219,0.633899574905634,0.366100425094366,0.982311383296891,0.982311383296891,0.346297854501398,0.0453822979635251,0.5,0.131049896421873,14.9999992281073,15.9328550180549
CBC_1001,CBC_1001_MSI_AV_v3_Vset6_Aset1_2023-06-08_12h45.15.645.csv,3,35,2,1,b,1,0,2,aud,C,9,1,2C,1C,1,0,b,2.38442920000034,1,0,1,1,2C,1C,C21,3.91202300542815,0.699084443462127,0.377537141254219,0.5,0.5,0.377537141254219,0.653337216108985,0.5,0.5,0.5,0.5,0.641497067473944,0.5,0.5,0.5,0.434475051789063,0.706338939918312,0.641497067473944,0.5,0.561978725791678,0.438021274208322,0.865222529080807,0.865222529080807,0.358502932526056,0.0469817721744775,0.5,0.131049896421873,14.9999992281073,15.9328550180549
CBC_1001,CBC_1001_MSI_AV_v3_Vset6_Aset1_2023-06-08_12h45.15.645.csv,3,36,1,0,b,1,0,1,aud,B,63,1,1B,0B,1,0,b,2.44020950000049,1,0,1,1,1B,0B,B10,2.32238772029023,0.699084443462127,0.377537141254219,0.5,0.5,0.377537141254219,0.653337216108985,0.5,0.5,0.5,0.5,0.688478839648421,0.5,0.5,0.5,0.434475051789063,0.706338939918312,0.653337216108985,0.377537141254219,0.633769975402344,0.366230024597656,0.982243699886847,0.982243699886847,0.346662783891015,0.0454301219222358,0.5,0.131049896421873,14.9999992281073,15.9328550180549
CBC_1001,CBC_1001_MSI_AV_v3_Vset6_Aset1_2023-06-08_12h45.15.645.csv,3,37,0,1,b,1,0,0,aud,A,63,0,0A,1A,0,1,b,2.50709600000027,1,0,1,0,0A,1A,A01,3.25809653802148,0.699084443462127,0.377537141254219,0.5,0.5,0.377537141254219,0.698767338031221,0.5,0.5,0.5,0.5,0.688478839648421,0.5,0.5,0.5,0.434475051789063,0.706338939918312,0.699084443462127,0.377537141254219,0.649331625323407,0.350668374676593,0.988793023324621,0.988793023324621,-0.699084443462127,-0.0916149439058547,0.5,0.131049896421873,14.9999992281073,15.9328550180549
CBC_1001,CBC_1001_MSI_AV_v3_Vset6_Aset1_2023-06-08_12h45.15.645.csv,3,38,0,1,z,0,1,1,aud,B,63,1,0B,1B,0,1,z,2.32225920000019,0,1,1,1,1B,0B,B01,3.27714473299218,0.607469499556273,0.377537141254219,0.5,0.5,0.377537141254219,0.698767338031221,0.5,0.5,0.5,0.5,0.688478839648421,0.5,0.5,0.5,0.434475051789063,0.706338939918312,0.698767338031221,0.377537141254219,0.649228309906444,0.350771690093556,0.988758624917553,0.988758624917553,0.301232661968779,0.0394765091498937,0.5,0.131049896421873,14.9999992281073,15.9328550180549
CBC_1001,CBC_1001_MSI_AV_v3_Vset6_Aset1_2023-06-08_12h45.15.645.csv,3,39,1,3,z,0,1,3,aud,D,27,1,1D,3D,0,1,z,2.41200180000033,0,1,1,1,3D,1D,D13,3.29583686600433,0.607469499556273,0.377537141254219,0.5,0.5,0.377537141254219,0.738243847181114,0.5,0.5,0.5,0.5,0.688478839648421,0.5,0.5,0.5,0.434475051789063,0.706338939918312,0.706338939918312,0.5,0.585522788451264,0.414477211548736,0.928620107806898,0.928620107806898,0.293661060081688,0.0384842515068428,0.5,0.131049896421873,14.9999992281073,15.9328550180549
CBC_1001,CBC_1001_MSI_AV_v3_Vset6_Aset1_2023-06-08_12h45.15.645.csv,3,40,3,2,z,0,1,2,aud,C,63,1,3C,2C,0,1,z,1.84050730000035,0,1,1,1,2C,3C,C32,2.62103882411258,0.607469499556273,0.377537141254219,0.5,0.5,0.377537141254219,0.738243847181114,0.5,0.5,0.5,0.5,0.688478839648421,0.5,0.5,0.5,0.434475051789063,0.744823191425154,0.688478839648421,0.5,0.579294150371317,0.420705849628683,0.915198239105857,0.915198239105857,0.311521160351579,0.0408248157972961,0.5,0.131049896421873,14.9999992281073,15.9328550180549
CBC_1001,CBC_1001_MSI_AV_v3_Vset6_Aset1_2023-06-08_12h45.15.645.csv,3,41,0,2,b,1,0,0,aud,A,27,1,0A,2A,1,0,b,2.03445600000032,1,0,1,1,0A,2A,A02,3.3322045101752,0.607469499556273,0.377537141254219,0.5,0.5,0.377537141254219,0.738243847181114,0.5,0.5,0.5,0.5,0.729303655445718,0.5,0.5,0.5,0.434475051789063,0.744823191425154,0.607469499556273,0.5,0.548520297669296,0.451479702330704,0.810860141700188,0.810860141700188,0.392530500443727,0.0514410814255766,0.5,0.131049896421873,14.9999992281073,15.9328550180549
CBC_1001,CBC_1001_MSI_AV_v3_Vset6_Aset1_2023-06-08_12h45.15.645.csv,3,42,2,3,z,0,1,3,aud,D,63,1,2D,3D,0,1,z,2.35965800000031,0,1,1,1,3D,2D,D23,2.94443897916644,0.658910580981849,0.377537141254219,0.5,0.5,0.377537141254219,0.738243847181114,0.5,0.5,0.5,0.5,0.729303655445718,0.5,0.5,0.5,0.434475051789063,0.744823191425154,0.744823191425154,0.434475051789063,0.631581701839149,0.368418298160851,0.981061733927317,0.981061733927317,0.255176808574846,0.0334408943329977,0.5,0.131049896421873,14.9999992281073,15.9328550180549
CBC_1001,CBC_1001_MSI_AV_v3_Vset6_Aset1_2023-06-08_12h45.15.645.csv,3,43,1,3,b,1,0,1,aud,B,27,0,1B,3B,0,1,b,2.3914889000007,1,0,1,0,1B,3B,B13,3.36729582998647,0.658910580981849,0.377537141254219,0.5,0.5,0.377537141254219,0.738243847181114,0.5,0.5,0.5,0.5,0.729303655445718,0.5,0.5,0.5,0.434475051789063,0.778264085758152,0.738243847181114,0.5,0.596202314157862,0.403797685842138,0.947153479493675,0.947153479493675,-0.738243847181114,-0.0967467797071703,0.5,0.131049896421873,14.9999992281073,15.9328550180549
CBC_1001,CBC_1001_MSI_AV_v3_Vset6_Aset1_2023-06-08_12h45.15.645.csv,3,44,3,2,z,0,1,2,aud,C,63,1,3C,2C,0,1,z,2.74693790000129,0,1,1,1,2C,3C,C32,2.46809953147162,0.658910580981849,0.377537141254219,0.5,0.5,0.377537141254219,0.641497067473944,0.5,0.5,0.5,0.5,0.729303655445718,0.5,0.5,0.5,0.434475051789063,0.778264085758152,0.729303655445718,0.5,0.593265668913421,0.406734331086579,0.942566023954032,0.942566023954032,0.270696344554282,0.0354747279156184,0.5,0.131049896421873,14.9999992281073,15.9328550180549
CBC_1001,CBC_1001_MSI_TV_v3_Vset3_Tset2_2023-06-08_12h53.37.433.csv,4,1,0,1,z,0,1,1,tac,B,63,1,0B,1B,0,1,z,2.46899730000041,0,1,1,1,1B,0B,B01,2.77258872223978,0.5,0.5,0.5,0.5,0.5,0.5,0.5,0.5,0.5,0.5,0.5,0.5,0.5,0.5,0.5,0.5,0.5,0.5,0.5,0.5,0.5,0.5,0.5,0.142951564333769,0.5,0.285903128667538,14.9999997687282,9.38726044721446
CBC_1001,CBC_1001_MSI_TV_v3_Vset3_Tset2_2023-06-08_12h53.37.433.csv,4,2,1,0,z,0,1,0,tac,A,63,1,1A,0A,0,1,z,2.47680480000054,0,1,1,1,0A,1A,A10,2.83321334405622,0.5,0.5,0.5,0.5,0.5,0.642951564333769,0.5,0.5,0.5,0.5,0.5,0.5,0.5,0.5,0.5,0.5,0.5,0.5,0.5,0.5,0.5,0.5,0.5,0.142951564333769,0.5,0.285903128667538,14.9999997687282,9.38726044721446
CBC_1001,CBC_1001_MSI_TV_v3_Vset3_Tset2_2023-06-08_12h53.37.433.csv,4,3,2,1,b,1,0,2,tac,C,9,1,2C,1C,1,0,b,2.40419250000014,1,0,1,1,2C,1C,C21,2.89037175789616,0.642951564333769,0.5,0.5,0.5,0.5,0.642951564333769,0.5,0.5,0.5,0.5,0.5,0.5,0.5,0.5,0.5,0.5,0.5,0.5,0.5,0.5,0.5,0.5,0.5,0.142951564333769,0.5,0.285903128667538,14.9999997687282,9.38726044721446
CBC_1001,CBC_1001_MSI_TV_v3_Vset3_Tset2_2023-06-08_12h53.37.433.csv,4,4,0,1,b,1,0,0,tac,A,63,1,0A,1A,1,0,b,2.60468769999989,1,0,1,1,0A,1A,A01,2.94443897916644,0.642951564333769,0.5,0.5,0.5,0.5,0.642951564333769,0.5,0.5,0.5,0.5,0.642951564333769,0.5,0.5,0.5,0.5,0.5,0.642951564333769,0.5,0.562536142735452,0.437463857264548,0.867160707918667,0.867160707918667,0.357048435666231,0.102081264842826,0.5,0.285903128667538,14.9999997687282,9.38726044721446
CBC_1001,CBC_1001_MSI_TV_v3_Vset3_Tset2_2023-06-08_12h53.37.433.csv,4,5,1,3,z,0,1,3,tac,D,27,1,1D,3D,0,1,z,2.33989590000056,0,1,1,1,3D,1D,D13,2.99573227355399,0.745032829176595,0.5,0.5,0.5,0.5,0.642951564333769,0.5,0.5,0.5,0.5,0.642951564333769,0.5,0.5,0.5,0.5,0.5,0.5,0.5,0.5,0.5,0.5,0.5,0.5,0.142951564333769,0.5,0.285903128667538,14.9999997687282,9.38726044721446
CBC_1001,CBC_1001_MSI_TV_v3_Vset3_Tset2_2023-06-08_12h53.37.433.csv,4,6,1,0,b,1,0,1,tac,B,63,1,1B,0B,1,0,b,2.10577130000001,1,0,1,1,1B,0B,B10,3.04452243772342,0.745032829176595,0.5,0.5,0.5,0.5,0.642951564333769,0.5,0.5,0.5,0.5,0.642951564333769,0.5,0.5,0.5,0.5,0.642951564333769,0.642951564333769,0.5,0.562536142735452,0.437463857264548,0.867160707918667,0.867160707918667,0.357048435666231,0.102081264842826,0.5,0.285903128667538,14.9999997687282,9.38726044721446
CBC_1001,CBC_1001_MSI_TV_v3_Vset3_Tset2_2023-06-08_12h53.37.433.csv,4,7,3,2,z,0,1,2,tac,C,63,1,3C,2C,0,1,z,2.27718650000043,0,1,1,1,2C,3C,C32,3.09104245335832,0.745032829176595,0.5,0.5,0.5,0.5,0.745032829176595,0.5,0.5,0.5,0.5,0.642951564333769,0.5,0.5,0.5,0.5,0.642951564333769,0.642951564333769,0.5,0.562536142735452,0.437463857264548,0.867160707918667,0.867160707918667,0.357048435666231,0.102081264842826,0.5,0.285903128667538,14.9999997687282,9.38726044721446
CBC_1001,CBC_1001_MSI_TV_v3_Vset3_Tset2_2023-06-08_12h53.37.433.csv,4,8,0,2,b,1,0,0,tac,A,27,1,0A,2A,1,0,b,2.41220740000063,1,0,1,1,0A,2A,A02,3.13549421592915,0.745032829176595,0.5,0.5,0.5,0.5,0.745032829176595,0.5,0.5,0.5,0.5,0.745032829176595,0.5,0.5,0.5,0.5,0.642951564333769,0.745032829176595,0.5,0.598404163904115,0.401595836095885,0.950363819774104,0.950363819774104,0.254967170823405,0.0728959118459222,0.5,0.285903128667538,14.9999997687282,9.38726044721446
CBC_1001,CBC_1001_MSI_TV_v3_Vset3_Tset2_2023-06-08_12h53.37.433.csv,4,9,2,3,z,0,1,3,tac,D,63,1,2D,3D,0,1,z,1.9911103000004,0,1,1,1,3D,2D,D23,3.17805383034795,0.817928741022517,0.5,0.5,0.5,0.5,0.745032829176595,0.5,0.5,0.5,0.5,0.745032829176595,0.5,0.5,0.5,0.5,0.642951564333769,0.642951564333769,0.5,0.562536142735452,0.437463857264548,0.867160707918667,0.867160707918667,0.357048435666231,0.102081264842826,0.5,0.285903128667538,14.9999997687282,9.38726044721446
CBC_1001,CBC_1001_MSI_TV_v3_Vset3_Tset2_2023-06-08_12h53.37.433.csv,4,10,1,3,b,1,0,1,tac,B,27,1,1B,3B,1,0,b,2.41406840000036,1,0,1,1,1B,3B,B13,3.2188758248682,0.817928741022517,0.5,0.5,0.5,0.5,0.745032829176595,0.5,0.5,0.5,0.5,0.745032829176595,0.5,0.5,0.5,0.5,0.745032829176595,0.745032829176595,0.5,0.598404163904115,0.401595836095885,0.950363819774104,0.950363819774104,0.254967170823405,0.0728959118459222,0.5,0.285903128667538,14.9999997687282,9.38726044721446
CBC_1001,CBC_1001_MSI_TV_v3_Vset3_Tset2_2023-06-08_12h53.37.433.csv,4,11,2,3,b,1,0,2,tac,C,63,0,2C,3C,0,1,b,2.4334942000005,1,0,1,0,2C,3C,C23,3.25809653802148,0.817928741022517,0.5,0.5,0.5,0.5,0.817928741022517,0.5,0.5,0.5,0.5,0.745032829176595,0.5,0.5,0.5,0.5,0.745032829176595,0.745032829176595,0.5,0.598404163904115,0.401595836095885,0.950363819774104,0.950363819774104,-0.745032829176595,-0.213007216821616,0.5,0.285903128667538,14.9999997687282,9.38726044721446
CBC_1001,CBC_1001_MSI_TV_v3_Vset3_Tset2_2023-06-08_12h53.37.433.csv,4,12,3,1,z,0,1,1,tac,B,27,1,3B,1B,0,1,z,2.49260109999977,0,1,1,1,1B,3B,B31,3.29583686600433,0.817928741022517,0.5,0.5,0.5,0.5,0.817928741022517,0.5,0.5,0.5,0.5,0.532025612354979,0.5,0.5,0.5,0.5,0.745032829176595,0.817928741022517,0.5,0.620616817558684,0.379383182441316,0.973877905949522,0.973877905949522,0.182071258977483,0.0520547425821,0.5,0.285903128667538,14.9999997687282,9.38726044721446
CBC_1001,CBC_1001_MSI_TV_v3_Vset3_Tset2_2023-06-08_12h53.37.433.csv,4,13,2,3,b,1,0,2,tac,C,63,1,2C,3C,1,0,b,2.72951120000016,1,0,1,1,2C,3C,C23,2.63905732961526,0.817928741022517,0.5,0.5,0.5,0.5,0.869983483604617,0.5,0.5,0.5,0.5,0.532025612354979,0.5,0.5,0.5,0.5,0.745032829176595,0.532025612354979,0.5,0.51551589997941,0.48448410002059,0.614312663947896,0.614312663947896,0.467974387645021,0.133795341563987,0.5,0.285903128667538,14.9999997687282,9.38726044721446
CBC_1001,CBC_1001_MSI_TV_v3_Vset3_Tset2_2023-06-08_12h53.37.433.csv,4,14,2,3,z,0,1,3,tac,D,63,1,2D,3D,0,1,z,2.28018870000051,0,1,1,1,3D,2D,D23,2.67414864942653,0.817928741022517,0.5,0.5,0.5,0.5,0.869983483604617,0.5,0.5,0.5,0.5,0.665820953918966,0.5,0.5,0.5,0.5,0.745032829176595,0.745032829176595,0.5,0.598404163904115,0.401595836095885,0.950363819774104,0.950363819774104,0.254967170823405,0.0728959118459222,0.5,0.285903128667538,14.9999997687282,9.38726044721446
CBC_1001,CBC_1001_MSI_TV_v3_Vset3_Tset2_2023-06-08_12h53.37.433.csv,4,15,3,0,z,0,1,0,tac,A,9,1,3A,0A,0,1,z,2.35356680000041,0,1,1,1,0A,3A,A30,3.40119738166216,0.817928741022517,0.5,0.5,0.5,0.5,0.869983483604617,0.5,0.5,0.5,0.5,0.665820953918966,0.5,0.5,0.5,0.5,0.817928741022517,0.817928741022517,0.5,0.620616817558684,0.379383182441316,0.973877905949522,0.973877905949522,0.182071258977483,0.0520547425821,0.5,0.285903128667538,14.9999997687282,9.38726044721446
CBC_1001,CBC_1001_MSI_TV_v3_Vset3_Tset2_2023-06-08_12h53.37.433.csv,4,16,1,0,b,1,0,1,tac,B,63,0,1B,0B,0,1,b,1.73717010000018,1,0,1,0,1B,0B,B10,2.7408400239252,0.869983483604617,0.5,0.5,0.5,0.5,0.869983483604617,0.5,0.5,0.5,0.5,0.665820953918966,0.5,0.5,0.5,0.5,0.817928741022517,0.869983483604617,0.5,0.635032096383797,0.364967903616203,0.982892164336334,0.982892164336334,-0.869983483604617,-0.248730999851644,0.5,0.285903128667538,14.9999997687282,9.38726044721446
CBC_1001,CBC_1001_MSI_TV_v3_Vset3_Tset2_2023-06-08_12h53.37.433.csv,4,17,3,2,b,1,0,3,tac,D,63,1,3D,2D,1,0,b,2.29535900000064,1,0,1,1,3D,2D,D32,3.46573590279973,0.869983483604617,0.5,0.5,0.5,0.5,0.621252483752973,0.5,0.5,0.5,0.5,0.665820953918966,0.5,0.5,0.5,0.5,0.817928741022517,0.817928741022517,0.5,0.620616817558684,0.379383182441316,0.973877905949522,0.973877905949522,0.182071258977483,0.0520547425821,0.5,0.285903128667538,14.9999997687282,9.38726044721446
CBC_1001,CBC_1001_MSI_TV_v3_Vset3_Tset2_2023-06-08_12h53.37.433.csv,4,18,2,0,b,1,0,2,tac,C,27,1,2C,0C,1,0,b,2.4177009999994,1,0,1,1,2C,0C,C20,3.49650756146648,0.869983483604617,0.5,0.5,0.5,0.5,0.621252483752973,0.5,0.5,0.5,0.5,0.665820953918966,0.5,0.5,0.5,0.5,0.869983483604617,0.665820953918966,0.5,0.571117676072621,0.428882323927379,0.894119681180298,0.894119681180298,0.334179046081034,0.0955428348097012,0.5,0.285903128667538,14.9999997687282,9.38726044721446
CBC_1001,CBC_1001_MSI_TV_v3_Vset3_Tset2_2023-06-08_12h53.37.433.csv,4,19,1,0,z,0,1,0,tac,A,63,1,1A,0A,0,1,z,2.2608452000004,0,1,1,1,0A,1A,A10,2.83321334405622,0.869983483604617,0.5,0.5,0.5,0.5,0.621252483752973,0.5,0.5,0.5,0.5,0.761363788728667,0.5,0.5,0.5,0.5,0.869983483604617,0.869983483604617,0.5,0.635032096383797,0.364967903616203,0.982892164336334,0.982892164336334,0.130016516395383,0.0371721288158943,0.5,0.285903128667538,14.9999997687282,9.38726044721446
CBC_1001,CBC_1001_MSI_TV_v3_Vset3_Tset2_2023-06-08_12h53.37.433.csv,4,20,0,1,z,0,1,1,tac,B,63,1,0B,1B,0,1,z,2.00108189999992,0,1,1,1,1B,0B,B01,2.86220088092947,0.907155612420511,0.5,0.5,0.5,0.5,0.621252483752973,0.5,0.5,0.5,0.5,0.761363788728667,0.5,0.5,0.5,0.5,0.869983483604617,0.621252483752973,0.5,0.55407010709449,0.44592989290551,0.835084980911877,0.835084980911877,0.378747516247027,0.108285099870084,0.5,0.285903128667538,14.9999997687282,9.38726044721446
CBC_1001,CBC_1001_MSI_TV_v3_Vset3_Tset2_2023-06-08_12h53.37.433.csv,4,21,3,1,b,1,0,3,tac,D,27,1,3D,1D,1,0,b,1.41100349999942,1,0,1,1,3D,1D,D31,3.58351893845611,0.907155612420511,0.5,0.5,0.5,0.5,0.729537583623057,0.5,0.5,0.5,0.5,0.761363788728667,0.5,0.5,0.5,0.5,0.869983483604617,0.869983483604617,0.5,0.635032096383797,0.364967903616203,0.982892164336334,0.982892164336334,0.130016516395383,0.0371721288158943,0.5,0.285903128667538,14.9999997687282,9.38726044721446
CBC_1001,CBC_1001_MSI_TV_v3_Vset3_Tset2_2023-06-08_12h53.37.433.csv,4,22,2,3,b,1,0,2,tac,C,63,1,2C,3C,1,0,b,1.66060399999969,1,0,1,1,2C,3C,C23,2.51230562397611,0.907155612420511,0.5,0.5,0.5,0.5,0.729537583623057,0.5,0.5,0.5,0.5,0.761363788728667,0.5,0.5,0.5,0.5,0.907155612420511,0.761363788728667,0.5,0.603603651485864,0.396396348514136,0.957226017188264,0.957226017188264,0.238636211271333,0.0682268394158418,0.5,0.285903128667538,14.9999997687282,9.38726044721446
CBC_1001,CBC_1001_MSI_TV_v3_Vset3_Tset2_2023-06-08_12h53.37.433.csv,4,23,1,0,z,0,1,0,tac,A,63,1,1A,0A,0,1,z,1.59786440000062,0,1,1,1,0A,1A,A10,2.53897387105828,0.907155612420511,0.5,0.5,0.5,0.5,0.729537583623057,0.5,0.5,0.5,0.5,0.829590628144509,0.5,0.5,0.5,0.5,0.907155612420511,0.907155612420511,0.5,0.644673271678939,0.355326728321062,0.987133751846747,0.987133751846747,0.0928443875794887,0.0265445008881974,0.5,0.285903128667538,14.9999997687282,9.38726044721446
CBC_1001,CBC_1001_MSI_TV_v3_Vset3_Tset2_2023-06-08_12h53.37.433.csv,4,24,3,2,b,1,0,3,tac,D,63,1,3D,2D,1,0,b,1.68330569999944,1,0,1,1,3D,2D,D32,2.9704144655697,0.933700113308709,0.5,0.5,0.5,0.5,0.729537583623057,0.5,0.5,0.5,0.5,0.829590628144509,0.5,0.5,0.5,0.5,0.907155612420511,0.907155612420511,0.5,0.644673271678939,0.355326728321062,0.987133751846747,0.987133751846747,0.0928443875794887,0.0265445008881974,0.5,0.285903128667538,14.9999997687282,9.38726044721446
CBC_1001,CBC_1001_MSI_TV_v3_Vset3_Tset2_2023-06-08_12h53.37.433.csv,4,25,0,2,z,0,1,2,tac,C,27,1,0C,2C,0,1,z,2.32004609999967,0,1,1,1,2C,0C,C02,3.68887945411394,0.933700113308709,0.5,0.5,0.5,0.5,0.729537583623057,0.5,0.5,0.5,0.5,0.829590628144509,0.5,0.5,0.5,0.5,0.933700113308709,0.829590628144509,0.5,0.623944401068946,0.376055598931054,0.976300858569954,0.976300858569954,0.170409371855491,0.0487205725677549,0.5,0.285903128667538,14.9999997687282,9.38726044721446
CBC_1001,CBC_1001_MSI_TV_v3_Vset3_Tset2_2023-06-08_12h53.37.433.csv,4,26,1,0,z,0,1,0,tac,A,63,1,1A,0A,0,1,z,2.26084119999996,0,1,1,1,0A,1A,A10,2.32727770558442,0.933700113308709,0.5,0.5,0.5,0.5,0.729537583623057,0.5,0.5,0.5,0.5,0.878311200712264,0.5,0.5,0.5,0.5,0.933700113308709,0.933700113308709,0.5,0.651252032863348,0.348747967136652,0.989413795135089,0.989413795135089,0.0662998866912913,0.0189553450353435,0.5,0.285903128667538,14.9999997687282,9.38726044721446
CBC_1001,CBC_1001_MSI_TV_v3_Vset3_Tset2_2023-06-08_12h53.37.433.csv,4,27,3,1,z,0,1,1,tac,B,27,1,3B,1B,0,1,z,1.55984809999973,0,1,1,1,1B,3B,B31,3.04452243772342,0.952655458344052,0.5,0.5,0.5,0.5,0.729537583623057,0.5,0.5,0.5,0.5,0.878311200712264,0.5,0.5,0.5,0.5,0.933700113308709,0.729537583623057,0.5,0.593343052982034,0.406656947017966,0.942691576679632,0.942691576679632,0.270462416376943,0.0773260510291504,0.5,0.285903128667538,14.9999997687282,9.38726044721446
CBC_1001,CBC_1001_MSI_TV_v3_Vset3_Tset2_2023-06-08_12h53.37.433.csv,4,28,2,3,b,1,0,2,tac,C,63,1,2C,3C,1,0,b,1.88349350000044,1,0,1,1,2C,3C,C23,2.37490575457367,0.952655458344052,0.5,0.5,0.5,0.5,0.806863634652208,0.5,0.5,0.5,0.5,0.878311200712264,0.5,0.5,0.5,0.5,0.933700113308709,0.878311200712264,0.5,0.637237222086262,0.362762777913738,0.983969734331725,0.983969734331725,0.121688799287736,0.0347912084401599,0.5,0.285903128667538,14.9999997687282,9.38726044721446
CBC_1001,CBC_1001_MSI_TV_v3_Vset3_Tset2_2023-06-08_12h53.37.433.csv,4,29,2,3,z,0,1,3,tac,D,63,0,2D,3D,1,0,z,1.61229289999937,0,1,1,0,3D,2D,D23,2.68557734525015,0.952655458344052,0.5,0.5,0.5,0.5,0.806863634652208,0.5,0.5,0.5,0.5,0.913102409152424,0.5,0.5,0.5,0.5,0.933700113308709,0.933700113308709,0.5,0.651252032863348,0.348747967136652,0.989413795135089,0.989413795135089,-0.933700113308709,-0.266947783632195,0.5,0.285903128667538,14.9999997687282,9.38726044721446
CBC_1001,CBC_1001_MSI_TV_v3_Vset3_Tset2_2023-06-08_12h53.37.433.csv,4,30,1,0,b,1,0,1,tac,B,63,1,1B,0B,1,0,b,2.01822209999955,1,0,1,1,1B,0B,B10,2.70805020110221,0.952655458344052,0.5,0.5,0.5,0.5,0.806863634652208,0.5,0.5,0.5,0.5,0.913102409152424,0.5,0.5,0.5,0.5,0.666752329676514,0.806863634652208,0.5,0.61740461151246,0.38259538848754,0.971311149353603,0.971311149353603,0.193136365347792,0.0552182911124106,0.5,0.285903128667538,14.9999997687282,9.38726044721446
CBC_1001,CBC_1001_MSI_TV_v3_Vset3_Tset2_2023-06-08_12h53.37.433.csv,4,31,0,2,b,1,0,0,tac,A,27,1,0A,2A,1,0,b,1.44394319999992,1,0,1,1,0A,2A,A02,3.13549421592915,0.952655458344052,0.5,0.5,0.5,0.5,0.862081925764618,0.5,0.5,0.5,0.5,0.913102409152424,0.5,0.5,0.5,0.5,0.666752329676514,0.952655458344052,0.5,0.655802759609651,0.344197240390349,0.990752236181899,0.990752236181899,0.0473445416559478,0.0135359525847661,0.5,0.285903128667538,14.9999997687282,9.38726044721446
CBC_1001,CBC_1001_MSI_TV_v3_Vset3_Tset2_2023-06-08_12h53.37.433.csv,4,32,0,3,z,0,1,3,tac,D,9,1,0D,3D,0,1,z,1.35339490000024,0,1,1,1,3D,0D,D03,3.85014760171006,0.966191410928818,0.5,0.5,0.5,0.5,0.862081925764618,0.5,0.5,0.5,0.5,0.913102409152424,0.5,0.5,0.5,0.5,0.666752329676514,0.666752329676514,0.5,0.57146003716262,0.42853996283738,0.895088089011345,0.895088089011345,0.333247670323486,0.0952765515666531,0.5,0.285903128667538,14.9999997687282,9.38726044721446
CBC_1001,CBC_1001_MSI_TV_v3_Vset3_Tset2_2023-06-08_12h53.37.433.csv,4,33,2,3,b,1,0,2,tac,C,63,1,2C,3C,1,0,b,1.89062229999945,1,0,1,1,2C,3C,C23,2.26176309847379,0.966191410928818,0.5,0.5,0.5,0.5,0.862081925764618,0.5,0.5,0.5,0.5,0.913102409152424,0.5,0.5,0.5,0.5,0.762028881243167,0.913102409152424,0.5,0.64616860267056,0.35383139732944,0.987691228787751,0.987691228787751,0.0868975908475764,0.0248442930969937,0.5,0.285903128667538,14.9999997687282,9.38726044721446
CBC_1001,CBC_1001_MSI_TV_v3_Vset3_Tset2_2023-06-08_12h53.37.433.csv,4,34,1,0,b,1,0,1,tac,B,63,1,1B,0B,1,0,b,1.6780604000005,1,0,1,1,1B,0B,B10,2.50552593699074,0.966191410928818,0.5,0.5,0.5,0.5,0.862081925764618,0.5,0.5,0.5,0.5,0.937946702249417,0.5,0.5,0.5,0.5,0.762028881243167,0.862081925764618,0.5,0.632914885263366,0.367085114736634,0.981790714299024,0.981790714299024,0.137918074235382,0.0394312089236975,0.5,0.285903128667538,14.9999997687282,9.38726044721446
CBC_1001,CBC_1001_MSI_TV_v3_Vset3_Tset2_2023-06-08_12h53.37.433.csv,4,35,1,0,z,0,1,0,tac,A,63,0,1A,0A,1,0,z,1.34115639999982,0,1,1,0,0A,1A,A10,2.30258509299405,0.966191410928818,0.5,0.5,0.5,0.5,0.901513134688316,0.5,0.5,0.5,0.5,0.937946702249417,0.5,0.5,0.5,0.5,0.762028881243167,0.966191410928818,0.5,0.658980405782588,0.341019594217412,0.991586028397263,0.991586028397263,-0.966191410928818,-0.276237147276252,0.5,0.285903128667538,14.9999997687282,9.38726044721446
CBC_1001,CBC_1001_MSI_TV_v3_Vset3_Tset2_2023-06-08_12h53.37.433.csv,4,36,3,2,b,1,0,3,tac,D,63,1,3D,2D,1,0,b,1.13351109999985,1,0,1,1,3D,2D,D32,2.83321334405622,0.689954263652566,0.5,0.5,0.5,0.5,0.901513134688316,0.5,0.5,0.5,0.5,0.937946702249417,0.5,0.5,0.5,0.5,0.762028881243167,0.762028881243167,0.5,0.603812553396185,0.396187446603815,0.957481883878999,0.957481883878999,0.237971118756833,0.0680366873850929,0.5,0.285903128667538,14.9999997687282,9.38726044721446
CBC_1001,CBC_1001_MSI_TV_v3_Vset3_Tset2_2023-06-08_12h53.37.433.csv,4,37,2,1,z,0,1,1,tac,B,9,1,2B,1B,0,1,b,2.62809680000009,1,0,0,0,2B,1B,B21,3.95124371858143,0.689954263652566,0.5,0.5,0.5,0.5,0.901513134688316,0.5,0.5,0.5,0.5,0.937946702249417,0.5,0.5,0.5,0.5,0.83006556862826,0.5,0.901513134688316,0.356757270142314,0.643242729857687,0.0134228661575886,0.0134228661575886,-0.5,-0.142951564333769,0.5,0.285903128667538,14.9999997687282,9.38726044721446
CBC_1001,CBC_1001_MSI_TV_v3_Vset3_Tset2_2023-06-08_12h53.37.433.csv,4,38,0,2,b,1,0,0,tac,A,27,1,0A,2A,1,0,b,1.59139050000067,1,0,1,1,0A,2A,A02,2.87167962488401,0.689954263652566,0.5,0.5,0.5,0.5,0.901513134688316,0.357048435666231,0.5,0.5,0.5,0.937946702249417,0.5,0.5,0.5,0.5,0.83006556862826,0.689954263652566,0.5,0.579815783452677,0.420184216547323,0.916404905747026,0.916404905747026,0.310045736347434,0.0886430460517622,0.5,0.285903128667538,14.9999997687282,9.38726044721446
CBC_1001,CBC_1001_MSI_TV_v3_Vset3_Tset2_2023-06-08_12h53.37.433.csv,4,39,3,2,z,0,1,2,tac,C,63,1,3C,2C,0,1,z,1.88852140000108,0,1,1,1,2C,3C,C32,3.29583686600433,0.778597309704328,0.5,0.5,0.5,0.5,0.901513134688316,0.357048435666231,0.5,0.5,0.5,0.937946702249417,0.5,0.5,0.5,0.5,0.83006556862826,0.937946702249417,0.5,0.652281966210683,0.347718033789317,0.989732579041714,0.989732579041714,0.0620532977505827,0.0177412319710299,0.5,0.285903128667538,14.9999997687282,9.38726044721446
CBC_1001,CBC_1001_MSI_TV_v3_Vset3_Tset2_2023-06-08_12h53.37.433.csv,4,40,3,1,b,1,0,3,tac,D,27,1,3D,1D,1,0,b,1.72650220000014,1,0,1,1,3D,1D,D31,3.31418600467253,0.778597309704328,0.5,0.5,0.5,0.5,0.901513134688316,0.357048435666231,0.5,0.5,0.5,0.955687934220447,0.5,0.5,0.5,0.5,0.83006556862826,0.83006556862826,0.5,0.624078683191787,0.375921316808213,0.976393888487352,0.976393888487352,0.16993443137174,0.0485847855975196,0.5,0.285903128667538,14.9999997687282,9.38726044721446
CBC_1001,CBC_1001_MSI_TV_v3_Vset3_Tset2_2023-06-08_12h53.37.433.csv,4,41,1,0,z,0,1,0,tac,A,63,1,1A,0A,0,1,z,1.50547420000021,0,1,1,1,0A,1A,A10,2.23359222150709,0.778597309704328,0.5,0.5,0.5,0.5,0.901513134688316,0.357048435666231,0.5,0.5,0.5,0.955687934220447,0.5,0.5,0.5,0.5,0.878650354225779,0.778597309704328,0.5,0.608946463280434,0.391053536719566,0.963328473841087,0.963328473841087,0.221402690295672,0.0632997218509427,0.5,0.285903128667538,14.9999997687282,9.38726044721446
CBC_1001,CBC_1001_MSI_TV_v3_Vset3_Tset2_2023-06-08_12h53.37.433.csv,4,42,2,0,b,1,0,2,tac,C,27,1,2C,0C,1,0,b,2.1963523000004,1,0,1,1,2C,0C,C20,3.3499040872746,0.841897031555271,0.5,0.5,0.5,0.5,0.901513134688316,0.357048435666231,0.5,0.5,0.5,0.955687934220447,0.5,0.5,0.5,0.5,0.878650354225779,0.955687934220447,0.5,0.656519788173032,0.343480211826967,0.990947257606326,0.990947257606326,0.0443120657795527,0.0126689582440959,0.5,0.285903128667538,14.9999997687282,9.38726044721446
CBC_1001,CBC_1001_MSI_TV_v3_Vset3_Tset2_2023-06-08_12h53.37.433.csv,4,43,2,3,z,0,1,3,tac,D,63,1,2D,3D,0,1,z,1.43312139999853,0,1,1,1,3D,2D,D23,2.67414864942653,0.841897031555271,0.5,0.5,0.5,0.5,0.901513134688316,0.357048435666231,0.5,0.5,0.5,0.968356892464543,0.5,0.5,0.5,0.5,0.878650354225779,0.878650354225779,0.5,0.637326463183779,0.362673536816221,0.984011908448959,0.984011908448959,0.121349645774221,0.0346942433895472,0.5,0.285903128667538,14.9999997687282,9.38726044721446
CBC_1001,CBC_1001_MSI_TV_v3_Vset3_Tset2_2023-06-08_12h53.37.433.csv,4,44,0,1,z,0,1,1,tac,B,63,1,0B,1B,0,1,z,1.3884175000012,0,1,1,1,1B,0B,B01,2.97892515523761,0.841897031555271,0.5,0.5,0.5,0.5,0.901513134688316,0.357048435666231,0.5,0.5,0.5,0.968356892464543,0.5,0.5,0.5,0.5,0.913344597615327,0.901513134688316,0.5,0.643242729857687,0.356757270142314,0.986577133842411,0.986577133842411,0.0984868653116843,0.028157702925269,0.5,0.285903128667538,14.9999997687282,9.38726044721446
